     3.05           NAVIGATION DATA     C                   RINEX VERSION / TYPE
BCEmerge            congo               20250411 005005 GMT PGM / RUN BY / DATE 
gfzrnx-2.2.0        FILE PROCESSING     20251208 194912 UTC COMMENT             
Merged GPS/GLO/GAL/BDS/QZS/SBAS/IRNSS navigation file       COMMENT             
based on CONGO and IGS tracking data                        COMMENT             
DLR/GSOC: O. Montenbruck; P. Steigenberger                  COMMENT             
GPSA   3.2596e-08  1.4901e-08 -1.7881e-07 -5.9605e-08       IONOSPHERIC CORR    
GPSB   1.3722e+05  1.6384e+04 -3.2768e+05  3.2768e+05       IONOSPHERIC CORR    
GAL    1.6500e+02  1.9922e-01 -1.9226e-03           0       IONOSPHERIC CORR    
BDSA   2.8871e-08  6.1840e-07 -4.4703e-06  7.3910e-06       IONOSPHERIC CORR    
BDSB   1.7408e+05 -6.0621e+05  1.3763e+06  3.9322e+05       IONOSPHERIC CORR    
QZSA   2.7940e-08 -4.4703e-08 -3.5763e-07  0.0000e+00       IONOSPHERIC CORR    
QZSB   1.3107e+05  3.2768e+04 -5.8982e+05 -1.5729e+06       IONOSPHERIC CORR    
IRNA   7.6368e-08  8.0466e-07 -1.1325e-06 -7.5102e-06       IONOSPHERIC CORR    
IRNB   1.6794e+05 -7.0451e+05 -1.5729e+06  8.3231e+06       IONOSPHERIC CORR    
BDUT -1.8626451492e-09-9.769962617e-15     14 2361          TIME SYSTEM CORR    
GAGP -2.5029294193e-09 8.881784197e-16 432000 2361          TIME SYSTEM CORR    
GAUT  9.3132257462e-10 0.000000000e+00 345600 2361          TIME SYSTEM CORR    
GLGP -1.3969838619e-08 0.000000000e+00 345600 2361          TIME SYSTEM CORR    
GLUT -2.3283064365e-09 0.000000000e+00 345600 2361          TIME SYSTEM CORR    
GPUT  9.3132257462e-10-6.217248938e-15  61440 2362          TIME SYSTEM CORR    
IRGA  9.1968104243e-09-2.220446049e-15 430800 2361          TIME SYSTEM CORR    
IRGL  1.3969838619e-08 4.440892099e-16 430800 2361          TIME SYSTEM CORR    
IRGP -3.4924596548e-10-4.440892099e-16 430800 2361          TIME SYSTEM CORR    
IRUT  6.6938810050e-10 1.376676551e-14 430800 2361          TIME SYSTEM CORR    
QZUT  6.5192580223e-09 0.000000000e+00   8192 2362          TIME SYSTEM CORR    
    18    18  1929     7                                    LEAP SECONDS        
                                                            END OF HEADER
C01 2025 04 10 00 00 00-3.249617293477e-04 4.107825191113e-12 0.000000000000e+00
     1.000000000000e+00 5.736093750000e+02 1.255409435699e-09 1.808121088301e-01
     1.892680302262e-05 5.361802177504e-04 1.077493652701e-05 6.493536857605e+03
     3.456000000000e+05-1.396983861923e-08-2.859234857054e+00 1.769512891769e-08
     1.039065785489e-01-3.285625000000e+02-1.014201239838e+00-3.332281660049e-10
     1.550064566411e-10 0.000000000000e+00 1.005000000000e+03 0.000000000000e+00
     2.000000000000e+00 0.000000000000e+00-5.200000000000e-09-9.700000000000e-09
     3.456000000000e+05 0.000000000000e+00                                      
C01 2025 04 10 01 00 00-3.249471774325e-04 4.083844373781e-12 0.000000000000e+00
     1.000000000000e+00 6.859843750000e+02 1.626139163795e-09 4.459993169532e-01
     2.259993925691e-05 5.339419003576e-04 2.270564436913e-06 6.493530443192e+03
     3.492000000000e+05-1.629814505577e-08-2.647318216207e+00 4.284083843231e-08
     1.082006468770e-01-7.073437500000e+01-1.228998133780e+00-6.700279093519e-10
     1.432202514126e-10 0.000000000000e+00 1.005000000000e+03 0.000000000000e+00
     2.000000000000e+00 0.000000000000e+00-5.200000000000e-09-9.700000000000e-09
     3.492000000000e+05 0.000000000000e+00                                      
C01 2025 04 10 02 00 00-3.249326255172e-04 4.070521697486e-12 0.000000000000e+00
     1.000000000000e+00 7.016093750000e+02 1.952581332850e-09 7.146558455417e-01
     2.303719520569e-05 5.309748230502e-04-6.463378667831e-06 6.493519788742e+03
     3.528000000000e+05-2.654269337654e-08-2.440790813420e+00 5.448237061501e-08
     1.112871728832e-01 1.938125000000e+02-1.441927007145e+00-9.314673707834e-10
     1.292910997790e-10 0.000000000000e+00 1.005000000000e+03 0.000000000000e+00
     2.000000000000e+00 0.000000000000e+00-5.200000000000e-09-9.700000000000e-09
     3.528000000000e+05 0.000000000000e+00                                      
C01 2025 04 10 03 00 00-3.249177243561e-04 4.094502514818e-12 0.000000000000e+00
     1.000000000000e+00 6.143281250000e+02 2.156875556810e-09 9.852581561169e-01
     2.000527456403e-05 5.287756212056e-04-1.434469595551e-05 6.493508169174e+03
     3.564000000000e+05-3.306195139885e-08-2.237525884723e+00 2.980232238770e-08
     1.130594659520e-01 4.322187500000e+02-1.653573270010e+00-1.052543842676e-09
     1.171477368163e-10 0.000000000000e+00 1.005000000000e+03 0.000000000000e+00
     2.000000000000e+00 0.000000000000e+00-5.200000000000e-09-9.700000000000e-09
     3.564000000000e+05 0.000000000000e+00                                      
C01 2025 04 10 04 00 00-3.249034052715e-04 4.038547274376e-12 0.000000000000e+00
     1.000000000000e+00 4.108437500000e+02 2.172947654849e-09 1.251240350497e+00
     1.323875039816e-05 5.284342914820e-04-2.070888876915e-05 6.493503643036e+03
     3.600000000000e+05-1.816079020500e-08-2.035652431038e+00-2.281740307808e-08
     1.134588133293e-01 6.273593750000e+02-1.859221990070e+00-1.035400271434e-09
     1.053615315878e-10 0.000000000000e+00 1.005000000000e+03 0.000000000000e+00
     2.000000000000e+00 0.000000000000e+00-5.200000000000e-09-9.700000000000e-09
     3.600000000000e+05 0.000000000000e+00                                      
C01 2025 04 10 05 00 00-3.248886205256e-04 4.068745340646e-12 0.000000000000e+00
     1.000000000000e+00 1.143906250000e+02 2.034370453981e-09 1.510283889318e+00
     3.495253622532e-06 5.283618811518e-04-2.467399463058e-05 6.493508020401e+03
     3.636000000000e+05 2.514570951462e-08-1.833407691669e+00-7.869675755501e-08
     1.124721657857e-01 7.513906250000e+02-2.058297710944e+00-9.211097964917e-10
     9.000374901741e-11 0.000000000000e+00 1.005000000000e+03 0.000000000000e+00
     2.000000000000e+00 0.000000000000e+00-5.200000000000e-09-9.700000000000e-09
     3.636000000000e+05 0.000000000000e+00                                      
C01 2025 04 10 06 00 00-3.248739521950e-04 4.077627124843e-12 0.000000000000e+00
     1.000000000000e+00-2.344843750000e+02 1.915436928494e-09 1.763181732694e+00
    -7.872004061937e-06 5.267647793517e-04-2.536037936807e-05 6.493520792007e+03
     3.672000000000e+05 6.053596735001e-08-1.628999122375e+00-9.080395102501e-08
     1.101315670790e-01 7.771406250000e+02-2.253367058034e+00-8.843225498695e-10
     6.571702309208e-11 0.000000000000e+00 1.005000000000e+03 0.000000000000e+00
     2.000000000000e+00 0.000000000000e+00-5.200000000000e-09-9.700000000000e-09
     3.672000000000e+05 0.000000000000e+00                                      
C01 2025 04 10 07 00 00-3.248590510339e-04 4.106048834274e-12 0.000000000000e+00
     1.000000000000e+00-5.760156250000e+02 1.921508609975e-09 2.014470802132e+00
    -1.890677958727e-05 5.231102695689e-04-2.185488119721e-05 6.493537443161e+03
     3.708000000000e+05 5.727633833885e-08-1.420465797039e+00-6.146728992462e-08
     1.065156037053e-01 6.754218750000e+02-2.450910853520e+00-1.003256075357e-09
     3.392998474863e-11 0.000000000000e+00 1.005000000000e+03 0.000000000000e+00
     2.000000000000e+00 1.000000000000e+00-5.200000000000e-09-9.700000000000e-09
     3.712500000000e+05 0.000000000000e+00                                      
C01 2025 04 10 08 00 00-3.248438006267e-04 4.158451361036e-12 0.000000000000e+00
     2.000000000000e+00-8.346250000000e+02 2.065086019122e-09 2.270159489438e+00
    -2.720812335610e-05 5.193146644160e-04-1.347344368696e-05 6.493549968719e+03
     3.744000000000e+05 1.676380634308e-08-1.205521957366e+00-2.328306436539e-08
     1.017526774474e-01 4.219218750000e+02-2.659208675378e+00-1.232194182976e-09
     3.571577341961e-13 0.000000000000e+00 1.005000000000e+03 0.000000000000e+00
     2.000000000000e+00 1.000000000000e+00-5.200000000000e-09-9.700000000000e-09
     3.744000000000e+05 0.000000000000e+00                                      
C01 2025 04 10 09 00 00-3.248290158808e-04 4.137135078963e-12 0.000000000000e+00
     3.000000000000e+00-9.384687500000e+02 2.200805958116e-09 2.532166588685e+00
    -3.048079088330e-05 5.189897492528e-04-4.926696419716e-07 6.493550952911e+03
     3.780000000000e+05-1.257285475731e-08-9.813769291225e-01-6.053596735001e-09
     9.602689947152e-02 2.151562500000e+01-2.882958567985e+00-1.367556964237e-09
    -3.107272287506e-11 0.000000000000e+00 1.005000000000e+03 0.000000000000e+00
     2.000000000000e+00 1.000000000000e+00-5.200000000000e-09-9.700000000000e-09
     3.780000000000e+05 0.000000000000e+00                                      
C01 2025 04 10 10 00 00-3.248141147196e-04 4.136246900543e-12 0.000000000000e+00
     4.000000000000e+00-8.300312500000e+02 2.165447342431e-09 2.796150764663e+00
    -2.691755071282e-05 5.225123604760e-04 1.451279968023e-05 6.493542272568e+03
     3.816000000000e+05 4.656612873077e-10-7.445402409753e-01-9.313225746155e-09
     8.958753053739e-02-4.453593750000e+02-3.121301012842e+00-1.260766801712e-09
    -5.928818387655e-11 0.000000000000e+00 1.005000000000e+03 0.000000000000e+00
     2.000000000000e+00 1.000000000000e+00-5.200000000000e-09-9.700000000000e-09
     3.816000000000e+05 0.000000000000e+00                                      
C01 2025 04 10 11 00 00-3.247993299738e-04 4.122036045828e-12 0.000000000000e+00
     5.000000000000e+00-4.905468750000e+02 1.992940156814e-09 3.058380274272e+00
    -1.594284549356e-05 5.268397508189e-04 2.701859921217e-05 6.493531854630e+03
     3.852000000000e+05 1.862645149231e-08-4.906749025792e-01-2.142041921616e-08
     8.276338635296e-02-8.361406250000e+02 2.908347448345e+00-1.002184602154e-09
    -8.357490980188e-11 0.000000000000e+00 1.005000000000e+03 0.000000000000e+00
     2.000000000000e+00 1.000000000000e+00-5.200000000000e-09-9.700000000000e-09
     3.852000000000e+05 0.000000000000e+00                                      
C01 2025 04 10 12 00 00-3.247845452279e-04 4.122036045828e-12 0.000000000000e+00
     1.000000000000e+00 2.746875000000e+01 1.755073105840e-09-2.877521256973e+00
     7.622875273228e-07 5.681974580511e-04 3.159325569868e-05 6.493329483032e+03
     3.888000000000e+05-6.984919309616e-09-2.146950572880e-01-3.771856427193e-08
     7.598242019564e-02-9.773750000000e+02 2.547817284211e+00-7.407451407227e-10
    -1.017899542459e-10 0.000000000000e+00 1.005000000000e+03 0.000000000000e+00
     2.000000000000e+00 0.000000000000e+00-5.200000000000e-09-9.700000000000e-09
     3.888000000000e+05 1.000000000000e+00                                      
C01 2025 04 10 13 00 00-3.247699933127e-04 4.092726157978e-12 0.000000000000e+00
     0.000000000000e+00 5.598437500000e+02 1.517563212599e-09-2.610745174987e+00
     1.803599298000e-05 5.650400416926e-04 2.441834658384e-05 6.493339004517e+03
     3.924000000000e+05-9.266659617424e-08 8.846119333521e-02-2.654269337654e-08
     6.978623798550e-02-7.503125000000e+02 2.240610451882e+00-5.721666901821e-10
    -1.117903708034e-10 0.000000000000e+00 1.005000000000e+03 0.000000000000e+00
     2.000000000000e+00 0.000000000000e+00-5.200000000000e-09-9.700000000000e-09
     3.924000000000e+05 0.000000000000e+00                                      
C01 2025 04 10 14 00 00-3.247552085668e-04 4.107825191113e-12 0.000000000000e+00
     0.000000000000e+00 8.695000000000e+02 6.525271803762e-10-2.340910644782e+00
     2.823770046234e-05 5.619192961603e-04 6.710644811392e-06 6.493351371765e+03
     3.960000000000e+05-1.131556928158e-07 4.215726709596e-01-2.142041921616e-08
     6.482397012141e-02-1.992656250000e+02 1.900440217512e+00 2.035799084918e-10
    -1.025042697143e-10 0.000000000000e+00 1.005000000000e+03 0.000000000000e+00
     2.000000000000e+00 0.000000000000e+00-5.200000000000e-09-9.700000000000e-09
     3.960000000000e+05 0.000000000000e+00                                      
C01 2025 04 10 15 00 00-3.247404238209e-04 4.107825191113e-12 0.000000000000e+00
     0.000000000000e+00 7.657968750000e+02-8.736078178436e-10-2.074599204596e+00
     2.507213503122e-05 5.610202206299e-04-1.402897760272e-05 6.493356870651e+03
     3.996000000000e+05-6.472691893578e-08 7.813172349190e-01-7.124617695808e-08
     6.176651229745e-02 4.386093750000e+02 1.537192541142e+00 1.692213344621e-09
    -6.000249934494e-11 0.000000000000e+00 1.005000000000e+03 0.000000000000e+00
     2.000000000000e+00 0.000000000000e+00-5.200000000000e-09-9.700000000000e-09
     3.996000000000e+05 0.000000000000e+00                                      
C01 2025 04 10 16 00 00-3.247258719057e-04 4.080291660102e-12 0.000000000000e+00
     0.000000000000e+00 2.852500000000e+02-2.175447758988e-09-1.816179246310e+00
     9.526498615742e-06 5.612330278382e-04-2.691987901926e-05 6.493351318359e+03
     4.032000000000e+05-4.749745130539e-08 1.155183646996e+00-1.504085958004e-07
     6.111791001199e-02 8.287812500000e+02 1.167728377260e+00 3.033340636527e-09
     1.321483616526e-11 0.000000000000e+00 1.005000000000e+03 0.000000000000e+00
     2.000000000000e+00 0.000000000000e+00-5.200000000000e-09-9.700000000000e-09
     4.032000000000e+05 0.000000000000e+00                                      
C01 2025 04 10 17 00 00-3.247109707445e-04 4.094502514818e-12 0.000000000000e+00
     0.000000000000e+00-2.853593750000e+02-2.429744065736e-09-1.564028303074e+00
    -9.178183972836e-06 5.604453617707e-04-2.576503902674e-05 6.493337245941e+03
     4.068000000000e+05-8.661299943924e-08 1.524233603179e+00-1.643784344196e-07
     6.299572043604e-02 7.866875000000e+02 8.093447733042e-01 3.384426689242e-09
     9.357532635937e-11 0.000000000000e+00 1.005000000000e+03 0.000000000000e+00
     2.000000000000e+00 0.000000000000e+00-5.200000000000e-09-9.700000000000e-09
     4.068000000000e+05 0.000000000000e+00                                      
C01 2025 04 10 18 00 00-3.246960695833e-04 4.120259688989e-12 0.000000000000e+00
     0.000000000000e+00-6.552343750000e+02-1.678998508456e-09-1.311917161450e+00
    -2.145860344172e-05 5.581127479672e-04-1.365877687931e-05 6.493322143555e+03
     4.104000000000e+05-1.071020960808e-07 1.871840259763e+00-8.335337042809e-08
     6.706983610503e-02 4.132968750000e+02 4.724212383780e-01 2.735828243942e-09
     1.546492989069e-10 0.000000000000e+00 1.005000000000e+03 0.000000000000e+00
     2.000000000000e+00 0.000000000000e+00-5.200000000000e-09-9.700000000000e-09
     4.104000000000e+05 0.000000000000e+00                                      
C01 2025 04 10 19 00 00-3.246812848374e-04 4.122036045828e-12 0.000000000000e+00
     0.000000000000e+00-7.287500000000e+02-6.239545616406e-10-1.055305151935e+00
    -2.401135861874e-05 5.557319382206e-04 1.753214746714e-06 6.493312349319e+03
     4.140000000000e+05-7.543712854385e-08 2.190142035430e+00 7.916241884232e-09
     7.272483078968e-02-5.651562500000e+01 1.602607459948e-01 1.744001216079e-09
     1.939366496685e-10 0.000000000000e+00 1.005000000000e+03 0.000000000000e+00
     2.000000000000e+00 0.000000000000e+00-5.200000000000e-09-9.700000000000e-09
     4.140000000000e+05 0.000000000000e+00                                      
C01 2025 04 10 20 00 00-3.246663836762e-04 4.120259688989e-12 0.000000000000e+00
     0.000000000000e+00-5.727031250000e+02 1.789360248322e-10-7.935337712153e-01
    -1.894636079669e-05 5.552719812840e-04 1.455144956708e-05 6.493310880661e+03
     4.176000000000e+05-5.913898348808e-08 2.479359653796e+00 3.585591912270e-08
     7.928440185072e-02-4.441875000000e+02-1.280320345796e-01 9.496824152274e-10
     2.296524230881e-10 0.000000000000e+00 1.005000000000e+03 0.000000000000e+00
     2.000000000000e+00 0.000000000000e+00-5.200000000000e-09-9.700000000000e-09
     4.176000000000e+05 0.000000000000e+00                                      
C01 2025 04 10 21 00 00-3.246514825150e-04 4.127365116346e-12 0.000000000000e+00
     0.000000000000e+00-3.044687500000e+02 8.521783537919e-10-5.286032042738e-01
    -1.009041443467e-05 5.582016892731e-04 2.215895801783e-05 6.493318811417e+03
     4.212000000000e+05-5.075708031654e-08 2.743792601838e+00 5.960464477539e-08
     8.614784001475e-02-6.734218750000e+02-3.947690303204e-01 2.246522148093e-10
     2.517962026082e-10 0.000000000000e+00 1.005000000000e+03 0.000000000000e+00
     2.000000000000e+00 0.000000000000e+00-5.200000000000e-09-9.700000000000e-09
     4.212000000000e+05 0.000000000000e+00                                      
C01 2025 04 10 22 00 00-3.246365813538e-04 4.129141473186e-12 0.000000000000e+00
     0.000000000000e+00-4.406250000000e+00 1.243980388205e-09-2.647716486877e-01
    -1.448206603527e-07 5.630028899759e-04 2.430425956845e-05 6.493330593109e+03
     4.248000000000e+05-5.820766091347e-08 2.988677048110e+00 3.585591912270e-08
     9.283029034278e-02-7.375781250000e+02-6.409363957678e-01-2.432244169875e-10
     2.714398779890e-10 0.000000000000e+00 1.005000000000e+03 0.000000000000e+00
     2.000000000000e+00 0.000000000000e+00-5.200000000000e-09-9.700000000000e-09
     4.248000000000e+05 0.000000000000e+00                                      
C01 2025 04 10 23 00 00-3.246216801926e-04 4.142464149481e-12 0.000000000000e+00
     0.000000000000e+00 2.780156250000e+02 1.580422973818e-09-3.122399683337e-03
     9.213574230671e-06 5.671593826264e-04 2.175383269787e-05 6.493340635300e+03
     4.284000000000e+05-6.239861249924e-08-3.064411664612e+00 1.164153218269e-08
     9.895493147009e-02-6.601718750000e+02-8.702136273648e-01-6.453840256923e-10
     2.775115594704e-10 0.000000000000e+00 1.005000000000e+03 0.000000000000e+00
     2.000000000000e+00 0.000000000000e+00-5.200000000000e-09-9.700000000000e-09
     4.284000000000e+05 0.000000000000e+00                                      
C02 2025 04 10 00 00 00 8.639995940030e-06-2.596323156467e-11 0.000000000000e+00
     1.000000000000e+00 6.814843750000e+02 2.779758645248e-09-1.806949456229e+00
     2.240389585495e-05 1.061791204847e-03 1.224689185619e-07 6.493465044022e+03
     3.456000000000e+05 7.078051567078e-08-2.667086584325e+00-5.867332220078e-08
     1.264693367098e-01-2.187500000000e-01-2.724401789470e-01-1.715785755078e-09
     2.021512775550e-10 0.000000000000e+00 1.005000000000e+03 0.000000000000e+00
     2.000000000000e+00 0.000000000000e+00 1.700000000000e-09-1.380000000000e-08
     3.456000000000e+05 0.000000000000e+00                                      
C02 2025 04 10 01 00 00 8.546048775315e-06-2.603428583825e-11 0.000000000000e+00
     1.000000000000e+00 6.680156250000e+02 2.885477334570e-09-1.540910529886e+00
     2.197828143835e-05 1.062327297404e-03-6.017740815878e-06 6.493474136353e+03
     3.492000000000e+05 7.357448339462e-08-2.502972359965e+00-2.933666110039e-08
     1.344589218967e-01 1.857343750000e+02-4.404844625059e-01-1.879006839606e-09
     1.900079145923e-10 0.000000000000e+00 1.005000000000e+03 0.000000000000e+00
     2.000000000000e+00 0.000000000000e+00 1.700000000000e-09-1.380000000000e-08
     3.492000000000e+05 0.000000000000e+00                                      
C02 2025 04 10 02 00 00 8.452683687210e-06-2.599431780936e-11 0.000000000000e+00
     1.000000000000e+00 5.940468750000e+02 2.941193941105e-09-1.274451669982e+00
     1.954101026058e-05 1.064116600901e-03-1.122802495956e-05 6.493485101700e+03
     3.528000000000e+05 6.379559636116e-08-2.342167548885e+00-2.002343535423e-08
     1.402649175225e-01 3.420781250000e+02-6.057623314040e-01-2.007940781650e-09
     1.632210845276e-10 0.000000000000e+00 1.005000000000e+03 0.000000000000e+00
     2.000000000000e+00 0.000000000000e+00 1.700000000000e-09-1.380000000000e-08
     3.528000000000e+05 0.000000000000e+00                                      
C02 2025 04 10 03 00 00 8.358038030565e-06-2.613909089177e-11 0.000000000000e+00
     1.000000000000e+00 4.651406250000e+02 2.996553389905e-09-1.009401007706e+00
     1.527694985271e-05 1.066185650416e-03-1.568160951138e-05 6.493493280411e+03
     3.564000000000e+05 5.634501576424e-08-2.183334847929e+00-5.587935447693e-09
     1.437702374760e-01 4.747343750000e+02-7.677475403610e-01-2.123302729796e-09
     1.332198348551e-10 0.000000000000e+00 1.005000000000e+03 0.000000000000e+00
     2.000000000000e+00 0.000000000000e+00 1.700000000000e-09-1.380000000000e-08
     3.564000000000e+05 0.000000000000e+00                                      
C02 2025 04 10 04 00 00 8.262926712632e-06-2.627764672525e-11 0.000000000000e+00
     1.000000000000e+00 2.950156250000e+02 3.089771558530e-09-7.467045595164e-01
     9.654089808464e-06 1.066356897354e-03-1.958431676030e-05 6.493493885040e+03
     3.600000000000e+05 4.470348358154e-08-2.025416671191e+00 1.862645149231e-08
     1.449053434092e-01 5.932343750000e+02-9.265095384869e-01-2.223664053105e-09
     1.039329006511e-10 0.000000000000e+00 1.005000000000e+03 0.000000000000e+00
     2.000000000000e+00 0.000000000000e+00 1.700000000000e-09-1.380000000000e-08
     3.600000000000e+05 0.000000000000e+00                                      
C02 2025 04 10 05 00 00 8.166534826159e-06-2.650324404385e-11 0.000000000000e+00
     1.000000000000e+00 1.033125000000e+02 3.217991185107e-09-4.850268084791e-01
     3.313645720482e-06 1.063860952854e-03-2.249935641885e-05 6.493487478256e+03
     3.636000000000e+05 3.119930624962e-08-1.867475333535e+00 3.166496753693e-08
     1.436478863225e-01 6.831562500000e+02-1.084275394731e+00-2.312953486654e-09
     6.785996949726e-11 0.000000000000e+00 1.005000000000e+03 0.000000000000e+00
     2.000000000000e+00 0.000000000000e+00 1.700000000000e-09-1.380000000000e-08
     3.636000000000e+05 0.000000000000e+00                                      
C02 2025 04 10 06 00 00 8.070142939687e-06-2.663824716365e-11 0.000000000000e+00
     1.000000000000e+00-9.476562500000e+01 3.375140588153e-09-2.229164228266e-01
    -3.232154995203e-06 1.059432863258e-03-2.377806231380e-05 6.493476732254e+03
     3.672000000000e+05 2.607703208923e-08-1.708570361499e+00 3.073364496231e-08
     1.400225953831e-01 7.242812500000e+02-1.243390731461e+00-2.402242920203e-09
     2.357241045694e-11 0.000000000000e+00 1.005000000000e+03 0.000000000000e+00
     2.000000000000e+00 0.000000000000e+00 1.700000000000e-09-1.380000000000e-08
     3.672000000000e+05 0.000000000000e+00                                      
C02 2025 04 10 07 00 00 7.973518222570e-06-2.673150589771e-11 0.000000000000e+00
     1.000000000000e+00-2.914062500000e+02 3.531218517997e-09 4.024412003199e-02
    -9.713694453239e-06 1.055158325471e-03-2.271076664329e-05 6.493466281891e+03
     3.708000000000e+05 2.561137080193e-08-1.547634303261e+00 2.933666110039e-08
     1.341013613114e-01 6.942500000000e+02-1.405497839529e+00-2.491175196018e-09
    -2.357241045694e-11 0.000000000000e+00 1.005000000000e+03 0.000000000000e+00
     2.000000000000e+00 0.000000000000e+00 1.700000000000e-09-1.380000000000e-08
     3.708000000000e+05 0.000000000000e+00                                      
C02 2025 04 10 08 00 00 7.876311428845e-06-2.687361444487e-11 0.000000000000e+00
     1.000000000000e+00-4.813281250000e+02 3.627293948495e-09 3.036695885773e-01
    -1.595634967089e-05 1.052958657965e-03-1.888675615191e-05 6.493460494995e+03
     3.744000000000e+05 6.053596735001e-09-1.383309930720e+00 2.933666110039e-08
     1.260036386830e-01 5.804062500000e+02-1.571132862322e+00-2.544391698413e-09
    -6.535986535788e-11 0.000000000000e+00 1.005000000000e+03 0.000000000000e+00
     2.000000000000e+00 0.000000000000e+00 1.700000000000e-09-1.380000000000e-08
     3.744000000000e+05 0.000000000000e+00                                      
C02 2025 04 10 09 00 00 7.779453881085e-06-2.688427258590e-11 0.000000000000e+00
     1.000000000000e+00-6.587812500000e+02 3.556933874859e-09 5.654451927419e-01
    -2.172403037548e-05 1.053813146427e-03-1.230649650097e-05 6.493463289261e+03
     3.780000000000e+05-5.122274160385e-08-1.213691263501e+00 3.259629011154e-09
     1.158978883665e-01 3.816875000000e+02-1.740260265557e+00-2.484746356802e-09
    -9.428964182777e-11 0.000000000000e+00 1.005000000000e+03 0.000000000000e+00
     2.000000000000e+00 0.000000000000e+00 1.700000000000e-09-1.380000000000e-08
     3.780000000000e+05 0.000000000000e+00                                      
C02 2025 04 10 10 00 00 7.685041055083e-06-2.656808106849e-11 0.000000000000e+00
     1.000000000000e+00-8.028593750000e+02 3.262993059615e-09 8.239979444904e-01
    -2.627586945891e-05 1.056771725416e-03-3.374647349119e-06 6.493475664139e+03
     3.816000000000e+05-1.150183379650e-07-1.035853790851e+00-6.798654794693e-08
     1.040058682619e-01 1.093125000000e+02-1.914216100133e+00-2.269023085348e-09
    -1.171477368163e-10 0.000000000000e+00 1.005000000000e+03 0.000000000000e+00
     2.000000000000e+00 0.000000000000e+00 1.700000000000e-09-1.380000000000e-08
     3.816000000000e+05 0.000000000000e+00                                      
C02 2025 04 10 11 00 00 7.589580491185e-06-2.654232389432e-11 0.000000000000e+00
     1.000000000000e+00-8.580312500000e+02 2.861904924113e-09 1.080503681784e+00
    -2.788519486785e-05 1.059195026755e-03 7.151160389185e-06 6.493492084503e+03
     3.852000000000e+05-1.317821443081e-07-8.449181104364e-01-1.429580152035e-07
     9.061410404115e-02-2.135468750000e+02-2.099052196281e+00-1.973653639168e-09
    -1.500062483624e-10 0.000000000000e+00 1.005000000000e+03 0.000000000000e+00
     2.000000000000e+00 0.000000000000e+00 1.700000000000e-09-1.380000000000e-08
     3.852000000000e+05 0.000000000000e+00                                      
C02 2025 04 10 12 00 00 7.494585588574e-06-2.647038144232e-11 0.000000000000e+00
     1.000000000000e+00-7.522187500000e+02 2.652253334140e-09 1.337907541059e+00
    -2.427445724607e-05 1.059818197973e-03 1.826044172049e-05 6.493505222321e+03
     3.888000000000e+05-8.335337042809e-08-6.320040695977e-01-1.224689185619e-07
     7.610429882666e-02-5.564062500000e+02-2.306601538047e+00-1.849719905402e-09
    -2.082229590363e-10 0.000000000000e+00 1.005000000000e+03 0.000000000000e+00
     2.000000000000e+00 0.000000000000e+00 1.700000000000e-09-1.380000000000e-08
     3.888000000000e+05 0.000000000000e+00                                      
C02 2025 04 10 13 00 00 7.399125024676e-06-2.649525043807e-11 0.000000000000e+00
     1.000000000000e+00-4.028906250000e+02 2.745828660499e-09 1.599249571415e+00
    -1.286715269089e-05 1.059694215655e-03 2.780091017485e-05 6.493508220673e+03
     3.924000000000e+05-5.122274160385e-09-3.793606905812e-01 1.722946763039e-08
     6.103718765529e-02-8.534375000000e+02-2.557673083270e+00-1.957938698863e-09
    -2.839403986859e-10 0.000000000000e+00 1.005000000000e+03 0.000000000000e+00
     2.000000000000e+00 0.000000000000e+00 1.700000000000e-09-1.380000000000e-08
     3.924000000000e+05 0.000000000000e+00                                      
C02 2025 04 10 14 00 00 7.303664460778e-06-2.650590857911e-11 0.000000000000e+00
     1.000000000000e+00 2.402812500000e+02 2.062585914982e-09 1.864526345235e+00
     7.890164852142e-06 1.061040209606e-03 2.962630242109e-05 6.493500448227e+03
     3.960000000000e+05 7.590278983116e-08-4.828257107146e-02 1.275911927223e-07
     4.640232635172e-02-9.136562500000e+02-2.890995348372e+00-1.208978930254e-09
    -3.360854278785e-10 0.000000000000e+00 1.005000000000e+03 0.000000000000e+00
     2.000000000000e+00 0.000000000000e+00 1.700000000000e-09-1.380000000000e-08
     3.960000000000e+05 0.000000000000e+00                                      
C02 2025 04 10 15 00 00 7.207738235593e-06-2.656452835481e-11 0.000000000000e+00
     1.000000000000e+00 9.311562500000e+02-2.257236880119e-09 2.130462511824e+00
     3.008730709553e-05 1.063991221599e-03 8.967705070972e-06 6.493489137650e+03
     3.996000000000e+05 8.149072527885e-08 4.428442459204e-01 6.379559636116e-08
     3.438208147741e-02-2.756875000000e+02 2.898244325429e+00 3.202633402536e-09
    -2.860833450911e-10 0.000000000000e+00 1.005000000000e+03 0.000000000000e+00
     2.000000000000e+00 0.000000000000e+00 1.700000000000e-09-1.380000000000e-08
     3.996000000000e+05 0.000000000000e+00                                      
C02 2025 04 10 16 00 00 7.114140316844e-06-2.629185757996e-11 0.000000000000e+00
     1.000000000000e+00 4.025937500000e+02-7.942116535318e-09 2.393948701710e+00
     1.305947080255e-05 1.065366552211e-03-2.898182719946e-05 6.493484884262e+03
     4.032000000000e+05 5.681067705154e-08 1.157757167130e+00 5.541369318962e-08
     2.964112386036e-02 9.001406250000e+02 2.183006801716e+00 8.920014411547e-09
    -7.821754378894e-11 0.000000000000e+00 1.005000000000e+03 0.000000000000e+00
     2.000000000000e+00 0.000000000000e+00 1.700000000000e-09-1.380000000000e-08
     4.032000000000e+05 0.000000000000e+00                                      
C02 2025 04 10 17 00 00 7.019960321486e-06-2.622435602007e-11 0.000000000000e+00
     1.000000000000e+00-7.868750000000e+02-6.091682314448e-09 2.655490742225e+00
    -2.535199746490e-05 1.062600756995e-03-1.754797995090e-05 6.493491991043e+03
     4.068000000000e+05 3.911554813385e-08 1.851285473699e+00-8.149072527885e-08
     3.554300206299e-02 5.406875000000e+02 1.491096865827e+00 7.022792527498e-09
     1.139333172086e-10 0.000000000000e+00 1.005000000000e+03 0.000000000000e+00
     2.000000000000e+00 0.000000000000e+00 1.700000000000e-09-1.380000000000e-08
     4.068000000000e+05 0.000000000000e+00                                      
C02 2025 04 10 18 00 00 6.925198249519e-06-2.627942308209e-11 0.000000000000e+00
     1.000000000000e+00-8.497343750000e+02-2.237593204738e-09 2.917463711594e+00
    -2.760626375675e-05 1.057415036485e-03 1.032045111060e-05 6.493504617691e+03
     4.104000000000e+05 8.847564458847e-09 2.317688014014e+00-9.546056389809e-08
     4.806259793155e-02-3.239218750000e+02 1.025833884567e+00 3.080842615175e-09
     2.432244169875e-10 0.000000000000e+00 1.005000000000e+03 0.000000000000e+00
     2.000000000000e+00 0.000000000000e+00 1.700000000000e-09-1.380000000000e-08
     4.104000000000e+05 0.000000000000e+00                                      
C02 2025 04 10 19 00 00 6.830785423517e-06-2.625455408634e-11 0.000000000000e+00
     1.000000000000e+00-4.571718750000e+02-1.000041655749e-11-3.102803541639e+00
    -1.508463174105e-05 1.054240623489e-03 2.483278512955e-05 6.493512380600e+03
     4.140000000000e+05-2.002343535423e-08 2.636217223703e+00-8.800998330116e-08
     6.282786521563e-02-7.696718750000e+02 7.074084630648e-01 7.943188008521e-10
     2.957266039144e-10 0.000000000000e+00 1.005000000000e+03 0.000000000000e+00
     2.000000000000e+00 0.000000000000e+00 1.700000000000e-09-1.380000000000e-08
     4.140000000000e+05 0.000000000000e+00                                      
C02 2025 04 10 20 00 00 6.737303920090e-06-2.611155736076e-11 0.000000000000e+00
     1.000000000000e+00-5.581250000000e+01 1.156833901061e-09-2.840955689802e+00
    -2.101063728333e-06 1.055621425621e-03 2.887565642595e-05 6.493508697510e+03
     4.176000000000e+05-7.729977369308e-08 2.882698380690e+00-7.404014468193e-08
     7.786870969289e-02-8.897968750000e+02 4.619756551175e-01-3.521575259173e-10
     2.989410235221e-10 0.000000000000e+00 1.005000000000e+03 0.000000000000e+00
     2.000000000000e+00 0.000000000000e+00 1.700000000000e-09-1.380000000000e-08
     4.176000000000e+05 0.000000000000e+00                                      
C02 2025 04 10 21 00 00 6.644753739238e-06-2.592859260631e-11 0.000000000000e+00
     1.000000000000e+00 2.520781250000e+02 2.012583832195e-09-2.581814689916e+00
     8.002854883671e-06 1.059983158484e-03 2.666935324669e-05 6.493495164871e+03
     4.212000000000e+05-9.499490261078e-08 3.092317358013e+00-8.102506399155e-08
     9.227119816291e-02-8.172031250000e+02 2.559611879823e-01-1.118975181236e-09
     2.928693420408e-10 0.000000000000e+00 1.005000000000e+03 0.000000000000e+00
     2.000000000000e+00 0.000000000000e+00 1.700000000000e-09-1.380000000000e-08
     4.212000000000e+05 0.000000000000e+00                                      
C02 2025 04 10 22 00 00 6.549758836627e-06-2.614530814071e-11 0.000000000000e+00
     1.000000000000e+00 4.705000000000e+02 2.699755312788e-09-2.324307724175e+00
     1.525366678834e-05 1.063898438588e-03 2.088909968734e-05 6.493479297638e+03
     4.248000000000e+05-6.100162863731e-08-3.001845319410e+00-9.266659617424e-08
     1.055036330498e-01-6.360781250000e+02 7.201169041024e-02-1.703285234381e-09
     2.882262914962e-10 0.000000000000e+00 1.005000000000e+03 0.000000000000e+00
     2.000000000000e+00 0.000000000000e+00 1.700000000000e-09-1.380000000000e-08
     4.248000000000e+05 0.000000000000e+00                                      
C02 2025 04 10 23 00 00 6.456742994487e-06-2.600586412882e-11 0.000000000000e+00
     1.000000000000e+00 6.180312500000e+02 3.227991601664e-09-2.066002433797e+00
     2.020178362727e-05 1.065702061169e-03 1.340452581644e-05 6.493467676163e+03
     4.284000000000e+05 1.071020960808e-08-2.825190597008e+00-7.823109626770e-08
     1.171981972496e-01-4.042812500000e+02-1.005381350626e-01-2.156875556810e-09
     2.878691337620e-10 0.000000000000e+00 1.005000000000e+03 0.000000000000e+00
     2.000000000000e+00 0.000000000000e+00 1.700000000000e-09-1.380000000000e-08
     4.284000000000e+05 0.000000000000e+00                                      
C03 2025 04 10 00 00 00 8.181536104530e-04 1.511057945436e-11 0.000000000000e+00
     1.000000000000e+00 5.987031250000e+02 1.834719280565e-09-1.680668184953e+00
     1.973193138838e-05 1.072890940122e-03 1.120008528233e-05 6.493534799576e+03
     3.456000000000e+05 1.108273863792e-07-2.873619966057e+00 2.607703208923e-08
     1.070680761808e-01-3.397968750000e+02 2.688805642519e-01-8.736078178436e-10
     1.246480492344e-10 0.000000000000e+00 1.005000000000e+03 0.000000000000e+00
     2.000000000000e+00 0.000000000000e+00 2.300000000000e-09-8.100000000000e-09
     3.456000000000e+05 0.000000000000e+00                                      
C03 2025 04 10 01 00 00 8.182083256543e-04 1.514877112641e-11 0.000000000000e+00
     1.000000000000e+00 6.611406250000e+02 1.915794086228e-09-1.414920076483e+00
     2.181157469749e-05 1.073831226677e-03 3.310851752758e-06 6.493543485641e+03
     3.492000000000e+05 6.286427378654e-08-2.666881860643e+00 3.632158041000e-08
     1.109779120012e-01-1.015312500000e+02 5.866525909495e-02-1.010042072307e-09
     1.346484657919e-10 0.000000000000e+00 1.005000000000e+03 0.000000000000e+00
     2.000000000000e+00 0.000000000000e+00 2.300000000000e-09-8.100000000000e-09
     3.492000000000e+05 0.000000000000e+00                                      
C03 2025 04 10 02 00 00 8.182635065168e-04 1.524735893099e-11 0.000000000000e+00
     1.000000000000e+00 6.405000000000e+02 1.990440052675e-09-1.151580769424e+00
     2.111960202456e-05 1.074312836863e-03-5.291309207678e-06 6.493545940399e+03
     3.528000000000e+05-1.862645149231e-09-2.464500964563e+00 3.864988684654e-08
     1.135714858168e-01 1.588750000000e+02-1.448331747345e-01-1.100760136792e-09
     1.425059359442e-10 0.000000000000e+00 1.005000000000e+03 0.000000000000e+00
     2.000000000000e+00 0.000000000000e+00 2.300000000000e-09-8.100000000000e-09
     3.528000000000e+05 0.000000000000e+00                                      
C03 2025 04 10 03 00 00 8.183185709640e-04 1.527133974832e-11 0.000000000000e+00
     1.000000000000e+00 5.447968750000e+02 2.116516732846e-09-8.903002898835e-01
     1.791724935174e-05 1.072905957699e-03-1.349719241261e-05 6.493541294098e+03
     3.564000000000e+05-4.470348358154e-08-2.264486445270e+00 2.887099981308e-08
     1.147638108648e-01 4.082812500000e+02-3.439354797561e-01-1.198264198228e-09
     1.371485699313e-10 0.000000000000e+00 1.005000000000e+03 0.000000000000e+00
     2.000000000000e+00 0.000000000000e+00 2.300000000000e-09-8.100000000000e-09
     3.564000000000e+05 0.000000000000e+00                                      
C03 2025 04 10 04 00 00 8.183735189959e-04 1.525890525045e-11 0.000000000000e+00
     1.000000000000e+00 3.815000000000e+02 2.319739483604e-09-6.296429329841e-01
     1.246063038707e-05 1.069324673153e-03-2.010399475694e-05 6.493531415939e+03
     3.600000000000e+05-4.749745130539e-08-2.065044168327e+00 1.955777406693e-08
     1.145169609939e-01 6.103125000000e+02-5.418491960225e-01-1.337912872299e-09
     1.146476326769e-10 0.000000000000e+00 1.005000000000e+03 0.000000000000e+00
     2.000000000000e+00 0.000000000000e+00 2.300000000000e-09-8.100000000000e-09
     3.600000000000e+05 0.000000000000e+00                                      
C03 2025 04 10 05 00 00 8.184283506125e-04 1.525091164467e-11 0.000000000000e+00
     1.000000000000e+00 1.572500000000e+02 2.551177695363e-09-3.681831772215e-01
     4.998408257961e-06 1.064950018190e-03-2.398854121566e-05 6.493520517349e+03
     3.636000000000e+05-3.352761268616e-08-1.864428037140e+00 2.235174179077e-08
     1.128386779667e-01 7.306406250000e+02-7.417232707914e-01-1.497205221750e-09
     8.321775206769e-11 0.000000000000e+00 1.005000000000e+03 0.000000000000e+00
     2.000000000000e+00 0.000000000000e+00 2.300000000000e-09-8.100000000000e-09
     3.636000000000e+05 0.000000000000e+00                                      
C03 2025 04 10 06 00 00 8.184832986444e-04 1.525535253677e-11 0.000000000000e+00
     1.000000000000e+00-1.168437500000e+02 2.721184776840e-09-1.056720427162e-01
    -4.060100764036e-06 1.062176772393e-03-2.428656443954e-05 6.493513826370e+03
     3.672000000000e+05-2.933666110039e-08-1.660795664383e+00 2.793967723846e-08
     1.097826757462e-01 7.425312500000e+02-9.456279525827e-01-1.619710324579e-09
     5.250218692682e-11 0.000000000000e+00 1.005000000000e+03 0.000000000000e+00
     2.000000000000e+00 0.000000000000e+00 2.300000000000e-09-8.100000000000e-09
     3.672000000000e+05 0.000000000000e+00                                      
C03 2025 04 10 07 00 00 8.185377810150e-04 1.519673276107e-11 0.000000000000e+00
     1.000000000000e+00-4.152812500000e+02 2.670111220850e-09 1.566176162324e-01
    -1.382967457175e-05 1.062785508111e-03-2.053612843156e-05 6.493515394211e+03
     3.708000000000e+05-5.820766091347e-08-1.452054285764e+00-5.122274160385e-09
     1.054507690421e-01 6.312343750000e+02-1.154365278919e+00-1.572565503665e-09
     3.464430021702e-11 0.000000000000e+00 1.005000000000e+03 0.000000000000e+00
     2.000000000000e+00 0.000000000000e+00 2.300000000000e-09-8.100000000000e-09
     3.708000000000e+05 0.000000000000e+00                                      
C03 2025 04 10 08 00 00 8.185927290469e-04 1.522337811366e-11 0.000000000000e+00
     1.000000000000e+00-6.901875000000e+02 2.368670093188e-09 4.169374033221e-01
    -2.271076664329e-05 1.066595898010e-03-1.272745430470e-05 6.493526191711e+03
     3.744000000000e+05-9.546056389809e-08-1.235677390557e+00-8.288770914078e-08
     9.999722695445e-02 3.954375000000e+02-1.368700016558e+00-1.335769925893e-09
     2.500104139373e-11 0.000000000000e+00 1.005000000000e+03 0.000000000000e+00
     2.000000000000e+00 0.000000000000e+00 2.300000000000e-09-8.100000000000e-09
     3.744000000000e+05 0.000000000000e+00                                      
C03 2025 04 10 09 00 00 8.186476770788e-04 1.524735893099e-11 0.000000000000e+00
     1.000000000000e+00-8.674843750000e+02 1.975439427839e-09 6.748838808568e-01
    -2.830754965544e-05 1.071325852536e-03-1.433771103621e-06 6.493542589188e+03
     3.780000000000e+05-1.066364347935e-07-1.008489783830e+00-1.550652086735e-07
     9.363661128928e-02 5.132812500000e+01-1.591395622141e+00-1.046829318929e-09
     9.286101089098e-12 0.000000000000e+00 1.005000000000e+03 0.000000000000e+00
     2.000000000000e+00 0.000000000000e+00 2.300000000000e-09-8.100000000000e-09
     3.780000000000e+05 0.000000000000e+00                                      
C03 2025 04 10 10 00 00 8.187026251107e-04 1.524291803889e-11 0.000000000000e+00
     1.000000000000e+00-8.577500000000e+02 1.820790128932e-09 9.324704308049e-01
    -2.779392525554e-05 1.074342173524e-03 1.187436282635e-05 6.493557250977e+03
     3.816000000000e+05-8.055940270424e-08-7.664374372414e-01-1.359730958939e-07
     8.665669705069e-02-3.573750000000e+02-1.828516308038e+00-9.871839773180e-10
    -2.785830326729e-11 0.000000000000e+00 1.005000000000e+03 0.000000000000e+00
     2.000000000000e+00 0.000000000000e+00 2.300000000000e-09-8.100000000000e-09
     3.816000000000e+05 0.000000000000e+00                                      
C03 2025 04 10 11 00 00 8.187573403120e-04 1.522870718418e-11 0.000000000000e+00
     1.000000000000e+00-5.886875000000e+02 2.074014962477e-09 1.192945461298e+00
    -1.893751323223e-05 1.074974192306e-03 2.420321106911e-05 6.493562715530e+03
     3.852000000000e+05-2.980232238770e-08-5.044451675946e-01-7.450580596924e-09
     7.943788536392e-02-7.393125000000e+02-2.088387014387e+00-1.271481533738e-09
    -8.678932940965e-11 0.000000000000e+00 1.005000000000e+03 0.000000000000e+00
     2.000000000000e+00 0.000000000000e+00 2.300000000000e-09-8.100000000000e-09
     3.852000000000e+05 0.000000000000e+00                                      
C03 2025 04 10 12 00 00 8.188121719286e-04 1.523137171944e-11 0.000000000000e+00
     1.000000000000e+00-6.589062500000e+01 2.302953070096e-09 1.457654049439e+00
    -2.007465809584e-06 1.075045671314e-03 3.062468022108e-05 6.493556997299e+03
     3.888000000000e+05 2.188608050346e-08-2.166700201017e-01 1.145526766777e-07
     7.247728456982e-02-9.411562500000e+02-2.378201204895e+00-1.450060400836e-09
    -1.385772008681e-10 0.000000000000e+00 1.005000000000e+03 0.000000000000e+00
     2.000000000000e+00 0.000000000000e+00 2.300000000000e-09-8.100000000000e-09
     3.888000000000e+05 0.000000000000e+00                                      
C03 2025 04 10 13 00 00 8.188667707145e-04 1.519584458265e-11 0.000000000000e+00
     1.000000000000e+00 5.550156250000e+02 1.795431929804e-09 1.724144117774e+00
     1.797871664166e-05 1.076256041415e-03 2.561602741480e-05 6.493546274185e+03
     3.924000000000e+05 2.840533852577e-08 1.021522091524e-01 1.052394509315e-07
     6.640429761696e-02-7.890625000000e+02-2.700780672984e+00-8.525355115261e-10
    -1.464346710204e-10 0.000000000000e+00 1.005000000000e+03 0.000000000000e+00
     2.000000000000e+00 0.000000000000e+00 2.300000000000e-09-8.100000000000e-09
     3.924000000000e+05 0.000000000000e+00                                      
C03 2025 04 10 14 00 00 8.189216023311e-04 1.522160175682e-11 0.000000000000e+00
     1.000000000000e+00 9.592187500000e+02 4.414469594664e-10 1.988651117267e+00
     3.096135333180e-05 1.077549648471e-03 7.711350917816e-06 6.493540128708e+03
     3.960000000000e+05-6.752088665962e-08 4.533152824925e-01 9.778887033463e-09
     6.194982324737e-02-2.359687500000e+02-3.053669322567e+00 5.560945921433e-10
    -9.750406143553e-11 0.000000000000e+00 1.005000000000e+03 0.000000000000e+00
     2.000000000000e+00 0.000000000000e+00 2.300000000000e-09-8.100000000000e-09
     3.960000000000e+05 0.000000000000e+00                                      
C03 2025 04 10 15 00 00 8.189768996090e-04 1.527666881884e-11 0.000000000000e+00
     1.000000000000e+00 8.412968750000e+02-6.664563320099e-10 2.249779192928e+00
     2.722674980760e-05 1.075984211639e-03-1.512607559562e-05 6.493545284271e+03
     3.996000000000e+05-1.429580152035e-07 8.292051633577e-01 2.281740307808e-08
     5.980610259280e-02 4.706250000000e+02 2.855308683365e+00 1.632925160744e-09
    -3.750156209059e-11 0.000000000000e+00 1.005000000000e+03 0.000000000000e+00
     2.000000000000e+00 0.000000000000e+00 2.300000000000e-09-8.100000000000e-09
     3.996000000000e+05 0.000000000000e+00                                      
C03 2025 04 10 16 00 00 8.190317312256e-04 1.525979342887e-11 0.000000000000e+00
     1.000000000000e+00 2.412343750000e+02-1.020399646598e-09 2.509892490594e+00
     7.968395948410e-06 1.071427599527e-03-2.854363992810e-05 6.493557840347e+03
     4.032000000000e+05-7.729977369308e-08 1.211645621264e+00 9.359791874886e-08
     6.036857557634e-02 8.814843750000e+02 2.475571700995e+00 1.895436095379e-09
     5.714523747137e-12 0.000000000000e+00 1.005000000000e+03 0.000000000000e+00
     2.000000000000e+00 0.000000000000e+00 2.300000000000e-09-8.100000000000e-09
     4.032000000000e+05 0.000000000000e+00                                      
C03 2025 04 10 17 00 00 8.190866792575e-04 1.526778703465e-11 0.000000000000e+00
     1.000000000000e+00-4.340468750000e+02-9.171810614155e-10 2.771429027612e+00
    -1.388555392623e-05 1.067626057193e-03-2.543628215790e-05 6.493567306519e+03
     4.068000000000e+05 2.142041921616e-08 1.579083671402e+00 1.038424670696e-07
     6.352928762126e-02 7.793750000000e+02 2.109396626071e+00 1.722214594294e-09
     5.107355599004e-11 0.000000000000e+00 1.005000000000e+03 0.000000000000e+00
     2.000000000000e+00 0.000000000000e+00 2.300000000000e-09-8.100000000000e-09
     4.068000000000e+05 0.000000000000e+00                                      
C03 2025 04 10 18 00 00 8.191416272894e-04 1.525535253677e-11 0.000000000000e+00
     1.000000000000e+00-8.227812500000e+02-5.600233272195e-10 3.033852995606e+00
    -2.663768827915e-05 1.068085315637e-03-1.130485907197e-05 6.493566207886e+03
     4.104000000000e+05 4.516914486885e-08 1.917325059988e+00 9.918585419655e-08
     6.873727159470e-02 3.405312500000e+02 1.771493013566e+00 1.370057068376e-09
     1.171477368163e-10 0.000000000000e+00 1.005000000000e+03 0.000000000000e+00
     2.000000000000e+00 0.000000000000e+00 2.300000000000e-09-8.100000000000e-09
     4.104000000000e+05 0.000000000000e+00                                      
C03 2025 04 10 19 00 00 8.191964589059e-04 1.525357617993e-11 0.000000000000e+00
     1.000000000000e+00-8.514531250000e+02 3.928735076157e-11-2.988066038430e+00
    -2.775341272354e-05 1.072652637959e-03 4.499219357967e-06 6.493554788589e+03
     4.140000000000e+05 4.190951585770e-08 2.222950258435e+00 1.024454832077e-07
     7.525810897375e-02-1.440468750000e+02 1.467309093713e+00 8.471781455131e-10
     1.792931825664e-10 0.000000000000e+00 1.005000000000e+03 0.000000000000e+00
     2.000000000000e+00 0.000000000000e+00 2.300000000000e-09-8.100000000000e-09
     4.140000000000e+05 0.000000000000e+00                                      
C03 2025 04 10 20 00 00 8.192514069378e-04 1.525712889361e-11 0.000000000000e+00
     1.000000000000e+00-6.280312500000e+02 7.218157808103e-10-2.728592451434e+00
    -2.060877159238e-05 1.078180503100e-03 1.633353531361e-05 6.493539384842e+03
     4.176000000000e+05 3.539025783539e-08 2.499445055279e+00 1.024454832077e-07
     8.239322419136e-02-5.027031250000e+02 1.193981608138e+00 2.692969315838e-10
     2.250093725435e-10 0.000000000000e+00 1.005000000000e+03 0.000000000000e+00
     2.000000000000e+00 0.000000000000e+00 2.300000000000e-09-8.100000000000e-09
     4.176000000000e+05 0.000000000000e+00                                      
C03 2025 04 10 21 00 00 8.193065878004e-04 1.528643878146e-11 0.000000000000e+00
     1.000000000000e+00-2.884531250000e+02 1.376128749858e-09-2.469467828916e+00
    -9.580515325069e-06 1.081838854589e-03 2.263486385345e-05 6.493526977539e+03
     4.212000000000e+05 4.004687070847e-08 2.752593474578e+00 8.847564458847e-08
     8.956782649378e-02-6.902968750000e+02 9.442740862688e-01-2.992981812563e-10
     2.471531520637e-10 0.000000000000e+00 1.005000000000e+03 0.000000000000e+00
     2.000000000000e+00 0.000000000000e+00 2.300000000000e-09-8.100000000000e-09
     4.212000000000e+05 0.000000000000e+00                                      
C03 2025 04 10 22 00 00 8.193614194170e-04 1.525535253677e-11 0.000000000000e+00
     1.000000000000e+00 6.175000000000e+01 1.934723446140e-09-2.208287592911e+00
     1.898501068354e-06 1.082715345547e-03 2.399785444140e-05 6.493522951126e+03
     4.248000000000e+05 6.100162863731e-08 2.988005080097e+00 6.705522537231e-08
     9.633551813244e-02-7.284687500000e+02 7.101678513301e-01-8.293202588033e-10
     2.478674675321e-10 0.000000000000e+00 1.005000000000e+03 0.000000000000e+00
     2.000000000000e+00 0.000000000000e+00 2.300000000000e-09-8.100000000000e-09
     4.248000000000e+05 0.000000000000e+00                                      
C03 2025 04 10 23 00 00 8.194164838642e-04 1.526512249939e-11 0.000000000000e+00
     1.000000000000e+00 3.589218750000e+02 2.383313560290e-09-1.944036121319e+00
     1.170346513391e-05 1.082262606360e-03 2.145441249013e-05 6.493527633667e+03
     4.284000000000e+05 9.266659617424e-08-3.072854213124e+00 5.215406417847e-08
     1.023563227974e-01-6.494218750000e+02 4.859960312054e-01-1.306840149423e-09
     2.346526313668e-10 0.000000000000e+00 1.005000000000e+03 0.000000000000e+00
     2.000000000000e+00 0.000000000000e+00 2.300000000000e-09-8.100000000000e-09
     4.284000000000e+05 0.000000000000e+00                                      
C04 2025 04 10 00 00 00 1.771789975464e-04-4.789946217443e-12 0.000000000000e+00
     1.000000000000e+00 6.501875000000e+02 1.937223550280e-09 1.403438880348e+00
     2.141576260328e-05 5.906650330871e-04 7.625669240952e-06 6.493453903198e+03
     3.456000000000e+05-3.445893526077e-08-2.773284366151e+00 6.798654794693e-08
     1.198089413347e-01-2.346718750000e+02-2.051119359183e+00-9.771835607605e-10
     1.775073938955e-10 0.000000000000e+00 1.005000000000e+03 0.000000000000e+00
     2.000000000000e+00 0.000000000000e+00 5.500000000000e-09-8.300000000000e-09
     3.456000000000e+05 0.000000000000e+00                                      
C04 2025 04 10 01 00 00 1.771640963852e-04-4.482636484227e-12 0.000000000000e+00
     1.000000000000e+00 7.345312500000e+02 2.228664261384e-09 1.674237748597e+00
     2.406863495708e-05 5.916979862377e-04 6.216578185558e-07 6.493441865921e+03
     3.492000000000e+05-5.122274160385e-08-2.593235925428e+00 6.007030606270e-08
     1.256601703876e-01-2.357812500000e+01-2.239816499908e+00-1.190763885810e-09
     1.607209803882e-10 0.000000000000e+00 1.005000000000e+03 0.000000000000e+00
     2.000000000000e+00 0.000000000000e+00 5.500000000000e-09-8.300000000000e-09
     3.492000000000e+05 0.000000000000e+00                                      
C04 2025 04 10 02 00 00 1.771505922079e-04-4.134470543704e-12 0.000000000000e+00
     1.000000000000e+00 7.252656250000e+02 2.346169155934e-09 1.942199490576e+00
     2.370029687881e-05 5.932794883847e-04-6.813555955887e-06 6.493433250427e+03
     3.528000000000e+05-3.771856427193e-08-2.416936106953e+00 2.235174179077e-08
     1.296242716912e-01 2.040000000000e+02-2.422006882377e+00-1.260766801712e-09
     1.432202514126e-10 0.000000000000e+00 1.005000000000e+03 0.000000000000e+00
     2.000000000000e+00 0.000000000000e+00 5.500000000000e-09-8.300000000000e-09
     3.528000000000e+05 0.000000000000e+00                                      
C04 2025 04 10 03 00 00 1.771323150024e-04-4.573230683036e-12 0.000000000000e+00
     1.000000000000e+00 6.237031250000e+02 2.384385033493e-09 2.207035614452e+00
     2.029445022345e-05 5.944365402684e-04-1.402525231242e-05 6.493428976059e+03
     3.564000000000e+05 0.000000000000e+00-2.242706477018e+00-9.313225746155e-09
     1.316073990507e-01 4.237500000000e+02-2.599050654675e+00-1.268624271864e-09
     1.203621564241e-10 0.000000000000e+00 1.005000000000e+03 0.000000000000e+00
     2.000000000000e+00 0.000000000000e+00 5.500000000000e-09-8.300000000000e-09
     3.564000000000e+05 0.000000000000e+00                                      
C04 2025 04 10 04 00 00 1.771148527041e-04-4.716227408608e-12 0.000000000000e+00
     1.000000000000e+00 4.364531250000e+02 2.399385658329e-09 2.468047393978e+00
     1.410581171513e-05 5.927952006459e-04-2.074148505926e-05 6.493433490753e+03
     3.600000000000e+05 2.840533852577e-08-2.069121936903e+00-1.350417733192e-08
     1.315635831913e-01 6.306093750000e+02-2.771640562640e+00-1.310054569031e-09
     9.036090675161e-11 0.000000000000e+00 1.005000000000e+03 0.000000000000e+00
     2.000000000000e+00 0.000000000000e+00 5.500000000000e-09-8.300000000000e-09
     3.600000000000e+05 0.000000000000e+00                                      
C04 2025 04 10 05 00 00 1.770977396518e-04-4.724221014385e-12 0.000000000000e+00
     1.000000000000e+00 1.842187500000e+02 2.466531312358e-09 2.728036280701e+00
     5.833338946104e-06 5.876137875021e-04-2.612266689539e-05 6.493446491241e+03
     3.636000000000e+05 1.350417733192e-08-1.894833759523e+00-3.725290298462e-09
     1.294936843089e-01 7.997343750000e+02-2.943893060254e+00-1.463632394736e-09
     5.607376426879e-11 0.000000000000e+00 1.005000000000e+03 0.000000000000e+00
     2.000000000000e+00 0.000000000000e+00 5.500000000000e-09-8.300000000000e-09
     3.636000000000e+05 0.000000000000e+00                                      
C04 2025 04 10 06 00 00 1.770852832124e-04-4.132694186865e-12 0.000000000000e+00
     1.000000000000e+00-1.055468750000e+02 2.557606534578e-09 2.990215599054e+00
    -3.619585186243e-06 5.810245638713e-04-2.875272184610e-05 6.493462373734e+03
     3.672000000000e+05-1.909211277962e-08-1.718411000339e+00-5.122274160385e-09
     1.254456202850e-01 8.857500000000e+02-3.120420289344e+00-1.662212094949e-09
     2.142946405177e-11 0.000000000000e+00 1.005000000000e+03 0.000000000000e+00
     2.000000000000e+00 0.000000000000e+00 5.500000000000e-09-8.300000000000e-09
     3.672000000000e+05 0.000000000000e+00                                      
C04 2025 04 10 07 00 00 1.770695671439e-04-4.249045559845e-12 0.000000000000e+00
     1.000000000000e+00-4.054531250000e+02 2.590822203858e-09-3.028708452538e+00
    -1.334678381681e-05 5.766114918515e-04-2.714060246944e-05 6.493473281860e+03
     3.708000000000e+05-2.235174179077e-08-1.538160657903e+00-6.053596735001e-09
     1.195154360805e-01 8.400312500000e+02 2.980407824669e+00-1.767216468802e-09
    -1.464346710204e-11 0.000000000000e+00 1.005000000000e+03 0.000000000000e+00
     2.000000000000e+00 0.000000000000e+00 5.500000000000e-09-8.300000000000e-09
     3.708000000000e+05 0.000000000000e+00                                      
C04 2025 04 10 08 00 00 1.770526869223e-04-4.466649272672e-12 0.000000000000e+00
     1.000000000000e+00-6.844687500000e+02 2.529748231311e-09-2.766233529644e+00
    -2.232752740383e-05 5.765834357589e-04-2.045743167400e-05 6.493473321915e+03
     3.744000000000e+05 9.778887033463e-09-1.351881609581e+00 2.281740307808e-08
     1.118501022971e-01 6.346406250000e+02 2.793912682866e+00-1.698642183837e-09
    -5.571660653459e-11 0.000000000000e+00 1.005000000000e+03 0.000000000000e+00
     2.000000000000e+00 0.000000000000e+00 5.500000000000e-09-8.300000000000e-09
     3.744000000000e+05 0.000000000000e+00                                      
C04 2025 04 10 09 00 00 1.770360395312e-04-4.527045405212e-12 0.000000000000e+00
     1.000000000000e+00-8.922343750000e+02 2.456173738066e-09-2.508332981885e+00
    -2.895202487707e-05 5.794364260510e-04-9.268056601286e-06 6.493463932037e+03
     3.780000000000e+05 3.539025783539e-08-1.156480010389e+00 6.519258022308e-08
     1.026539520177e-01 2.867968750000e+02 2.602992680545e+00-1.548278777740e-09
    -9.964700784071e-11 0.000000000000e+00 1.005000000000e+03 0.000000000000e+00
     2.000000000000e+00 0.000000000000e+00 5.500000000000e-09-8.300000000000e-09
     3.780000000000e+05 0.000000000000e+00                                      
C04 2025 04 10 10 00 00 1.770219532773e-04-4.242828310907e-12 0.000000000000e+00
     1.000000000000e+00-9.531406250000e+02 2.497961192967e-09-2.251658773483e+00
    -3.085471689701e-05 5.816359771416e-04 4.430767148733e-06 6.493454225540e+03
     3.816000000000e+05 3.166496753693e-08-9.473173391582e-01 5.494803190231e-08
     9.220281698314e-02-1.391875000000e+02 2.399671877154e+00-1.513634477523e-09
    -1.346484657919e-10 0.000000000000e+00 1.005000000000e+03 0.000000000000e+00
     2.000000000000e+00 0.000000000000e+00 5.500000000000e-09-8.300000000000e-09
     3.816000000000e+05 0.000000000000e+00                                      
C04 2025 04 10 11 00 00 1.770089147612e-04-3.945288540308e-12 0.000000000000e+00
     1.000000000000e+00-7.945156250000e+02 2.565106846996e-09-1.990182043482e+00
    -2.574361860752e-05 5.819315556437e-04 1.787161454558e-05 6.493452640533e+03
     3.852000000000e+05 2.468004822731e-08-7.170636960555e-01-1.816079020500e-08
     8.087393548975e-02-5.554843750000e+02 2.170591606996e+00-1.565065191247e-09
    -1.564350875779e-10 0.000000000000e+00 1.005000000000e+03 0.000000000000e+00
     2.000000000000e+00 0.000000000000e+00 5.500000000000e-09-8.300000000000e-09
     3.852000000000e+05 0.000000000000e+00                                      
C04 2025 04 10 12 00 00 1.769909868017e-04-4.415134924329e-12 0.000000000000e+00
     1.000000000000e+00-3.842031250000e+02 2.374027459201e-09-1.721266484767e+00
    -1.257704570889e-05 5.818707868457e-04 2.740137279034e-05 6.493461616516e+03
     3.888000000000e+05 2.095475792885e-08-4.537320649275e-01-1.089647412300e-07
     6.920845995301e-02-8.467500000000e+02 1.901117909923e+00-1.438274195608e-09
    -1.700070814773e-10 0.000000000000e+00 1.005000000000e+03 0.000000000000e+00
     2.000000000000e+00 0.000000000000e+00 5.500000000000e-09-8.300000000000e-09
     3.888000000000e+05 0.000000000000e+00                                      
C04 2025 04 10 13 00 00 1.769731752574e-04-4.669153952364e-12 0.000000000000e+00
     1.000000000000e+00 2.145468750000e+02 1.241480284066e-09-1.450432222678e+00
     6.757210940123e-06 5.830315640196e-04 2.812035381794e-05 6.493473630905e+03
     3.924000000000e+05 1.629814505577e-08-1.379543218027e-01-1.229345798492e-07
     5.804142547549e-02-8.625781250000e+02 1.577382795068e+00-3.928735076157e-10
    -1.846505485794e-10 0.000000000000e+00 1.005000000000e+03 0.000000000000e+00
     2.000000000000e+00 0.000000000000e+00 5.500000000000e-09-8.300000000000e-09
     3.924000000000e+05 0.000000000000e+00                                      
C04 2025 04 10 14 00 00 1.769554801285e-04-4.776623541147e-12 0.000000000000e+00
     1.000000000000e+00 7.671250000000e+02-1.665426514556e-09-1.184669894645e+00
     2.482067793608e-05 5.840308731422e-04 1.436611637473e-05 6.493478818893e+03
     3.960000000000e+05 6.612390279770e-08 2.568595703635e-01-3.864988684654e-08
     4.873091596397e-02-4.329843750000e+02 1.179760803853e+00 2.477603202118e-09
    -1.825076021742e-10 0.000000000000e+00 1.005000000000e+03 0.000000000000e+00
     2.000000000000e+00 0.000000000000e+00 5.500000000000e-09-8.300000000000e-09
     3.960000000000e+05 0.000000000000e+00                                      
C04 2025 04 10 15 00 00 1.769430236891e-04-4.159339539456e-12 0.000000000000e+00
     1.000000000000e+00 7.942343750000e+02-5.064496670900e-09-9.255326793282e-01
     2.598576247692e-05 5.820678779855e-04-1.152418553829e-05 6.493472160339e+03
     3.996000000000e+05 1.345761120319e-07 7.447241034453e-01-6.472691893578e-08
     4.330510934020e-02 3.614687500000e+02 6.957609258296e-01 5.924175337110e-09
    -1.053615315878e-10 0.000000000000e+00 1.005000000000e+03 0.000000000000e+00
     2.000000000000e+00 0.000000000000e+00 5.500000000000e-09-8.300000000000e-09
     3.996000000000e+05 0.000000000000e+00                                      
C04 2025 04 10 16 00 00 1.769269583747e-04-4.321876190261e-12 0.000000000000e+00
     1.000000000000e+00 1.168750000000e+02-5.703451857377e-09-6.685604891422e-01
     4.007946699858e-06 5.767547991127e-04-2.677645534277e-05 6.493457216263e+03
     4.032000000000e+05 3.026798367500e-08 1.276357537712e+00-1.224689185619e-07
     4.364377633847e-02 8.202656250000e+02 1.701730941524e-01 6.665277635567e-09
     3.250135381184e-11 0.000000000000e+00 1.005000000000e+03 0.000000000000e+00
     2.000000000000e+00 0.000000000000e+00 5.500000000000e-09-8.300000000000e-09
     4.032000000000e+05 0.000000000000e+00                                      
C04 2025 04 10 17 00 00 1.769091468304e-04-4.604316927725e-12 0.000000000000e+00
     1.000000000000e+00-5.378593750000e+02-3.713726120171e-09-4.092811513342e-01
    -1.754937693477e-05 5.705786170438e-04-1.791911199689e-05 6.493441650391e+03
     4.068000000000e+05-5.960464477539e-08 1.754821444065e+00-2.933666110039e-08
     4.960932512466e-02 5.428750000000e+02-3.045694631349e-01 4.777341852607e-09
     1.496490906282e-10 0.000000000000e+00 1.005000000000e+03 0.000000000000e+00
     2.000000000000e+00 0.000000000000e+00 5.500000000000e-09-8.300000000000e-09
     4.068000000000e+05 0.000000000000e+00                                      
C04 2025 04 10 18 00 00 1.768915681168e-04-4.736655512261e-12 0.000000000000e+00
     1.000000000000e+00-7.214687500000e+02-1.742215427408e-09-1.470351561016e-01
    -2.374825999141e-05 5.666010547429e-04-5.136243999004e-07 6.493432024002e+03
     4.104000000000e+05-5.448237061501e-08 2.139638725456e+00 2.235174179077e-08
     5.921410792242e-02 1.109375000000e+01-6.886821402726e-01 2.867619447860e-09
     2.314382117591e-10 0.000000000000e+00 1.005000000000e+03 0.000000000000e+00
     2.000000000000e+00 0.000000000000e+00 5.500000000000e-09-8.300000000000e-09
     4.104000000000e+05 0.000000000000e+00                                      
C04 2025 04 10 19 00 00 1.768781803548e-04-4.254374630364e-12 0.000000000000e+00
     1.000000000000e+00-5.933750000000e+02-4.589476884420e-10 1.154879333703e-01
    -1.961737871170e-05 5.664289928973e-04 1.330440863967e-05 6.493431589127e+03
     4.140000000000e+05-5.587935447693e-08 2.448405762842e+00 3.725290298462e-09
     7.049158978909e-02-4.077343750000e+02-9.971023519667e-01 1.584351708894e-09
     2.907263956356e-10 0.000000000000e+00 1.005000000000e+03 0.000000000000e+00
     2.000000000000e+00 0.000000000000e+00 5.500000000000e-09-8.300000000000e-09
     4.140000000000e+05 0.000000000000e+00                                      
C04 2025 04 10 20 00 00 1.768660731614e-04-3.828048988908e-12 0.000000000000e+00
     1.000000000000e+00-3.487968750000e+02 3.618007847406e-10 3.753094608026e-01
    -1.155398786068e-05 5.692121339962e-04 2.119690179825e-05 6.493439218521e+03
     4.176000000000e+05-6.705522537231e-08 2.707292731392e+00-3.166496753693e-08
     8.215453155171e-02-6.455937500000e+02-1.253047324965e+00 7.107438910502e-10
     3.285851154604e-10 0.000000000000e+00 1.005000000000e+03 0.000000000000e+00
     2.000000000000e+00 0.000000000000e+00 5.500000000000e-09-8.300000000000e-09
     4.176000000000e+05 0.000000000000e+00                                      
C04 2025 04 10 21 00 00 1.768491929397e-04-4.233058348291e-12 0.000000000000e+00
     1.000000000000e+00-7.954687500000e+01 9.686117751398e-10 6.323262860822e-01
    -2.636108547449e-06 5.725567461923e-04 2.392567694187e-05 6.493450252533e+03
     4.212000000000e+05-6.379559636116e-08 2.934734844903e+00-5.075708031654e-08
     9.341004185175e-02-7.271093750000e+02-1.474867622774e+00 2.964409193827e-11
     3.428714248282e-10 0.000000000000e+00 1.005000000000e+03 0.000000000000e+00
     2.000000000000e+00 0.000000000000e+00 5.500000000000e-09-8.300000000000e-09
     4.212000000000e+05 0.000000000000e+00                                      
C04 2025 04 10 22 00 00 1.768317306414e-04-4.529709940471e-12 0.000000000000e+00
     1.000000000000e+00 1.800000000000e+02 1.499705325889e-09 8.892952300530e-01
     5.953479558229e-06 5.745844682679e-04 2.267351374030e-05 6.493459327698e+03
     4.248000000000e+05-5.029141902924e-08-3.141107331980e+00-3.958120942116e-08
     1.037399126809e-01-6.886250000000e+02-1.676675325606e+00-5.621662736246e-10
     3.364425856127e-10 0.000000000000e+00 1.005000000000e+03 0.000000000000e+00
     2.000000000000e+00 0.000000000000e+00 5.500000000000e-09-8.300000000000e-09
     4.248000000000e+05 0.000000000000e+00                                      
C04 2025 04 10 23 00 00 1.768148504198e-04-4.598099678788e-12 0.000000000000e+00
     1.000000000000e+00 4.110781250000e+02 1.997940365093e-09 1.149252419731e+00
     1.358892768621e-05 5.751089192927e-04 1.856870949268e-05 6.493463083267e+03
     4.284000000000e+05-4.516914486885e-08-2.946909077997e+00-5.122274160385e-09
     1.127802709624e-01-5.642031250000e+02-1.868460088062e+00-1.088973931564e-09
     3.153702792951e-10 0.000000000000e+00 1.005000000000e+03 0.000000000000e+00
     2.000000000000e+00 0.000000000000e+00 5.500000000000e-09-8.300000000000e-09
     4.284000000000e+05 0.000000000000e+00                                      
C05 2025 04 10 00 00 00-1.246115425602e-04 2.643218977028e-11 0.000000000000e+00
     1.000000000000e+00 6.668906250000e+02 2.025441510626e-09-1.305203409064e+00
     2.190889790654e-05 1.202935003676e-03 5.397945642471e-06 6.493431432724e+03
     3.456000000000e+05-1.145526766777e-07-2.775638906467e+00-8.987262845039e-08
     1.183405387756e-01-1.593125000000e+02-1.107555099784e+00-9.489680997590e-10
     9.286101089098e-11 0.000000000000e+00 1.005000000000e+03 0.000000000000e+00
     2.000000000000e+00 0.000000000000e+00 2.000000000000e-10-9.500000000000e-09
     3.456000000000e+05 0.000000000000e+00                                      
C05 2025 04 10 01 00 00-1.245158491656e-04 2.649169772440e-11 0.000000000000e+00
     1.000000000000e+00 6.654531250000e+02 2.422958068786e-09-1.043608156366e+00
     2.191727980971e-05 1.202140701935e-03-2.895016223192e-06 6.493428134918e+03
     3.492000000000e+05-1.955777406693e-08-2.593319243002e+00-9.126961231232e-08
     1.241647404170e-01 9.268750000000e+01-1.289300156824e+00-1.332555506286e-09
     1.157191058795e-10 0.000000000000e+00 1.005000000000e+03 0.000000000000e+00
     2.000000000000e+00 0.000000000000e+00 2.000000000000e-10-9.500000000000e-09
     3.492000000000e+05 0.000000000000e+00                                      
C05 2025 04 10 02 00 00-1.244200393558e-04 2.655120567852e-11 0.000000000000e+00
     1.000000000000e+00 6.095468750000e+02 2.633323974228e-09-7.801290660213e-01
     2.009700983763e-05 1.203607651405e-03-1.010298728943e-05 6.493432619095e+03
     3.528000000000e+05 2.654269337654e-08-2.414959997212e+00-6.845220923424e-08
     1.281500394035e-01 3.108906250000e+02-1.469047748444e+00-1.575065607805e-09
     1.164334213479e-10 0.000000000000e+00 1.005000000000e+03 0.000000000000e+00
     2.000000000000e+00 0.000000000000e+00 2.000000000000e-10-9.500000000000e-09
     3.528000000000e+05 0.000000000000e+00                                      
C05 2025 04 10 03 00 00-1.243248116225e-04 2.651834307699e-11 0.000000000000e+00
     1.000000000000e+00 5.044375000000e+02 2.708684256143e-09-5.161578895336e-01
     1.658359542489e-05 1.207849127240e-03-1.552933827043e-05 6.493443668365e+03
     3.564000000000e+05 2.933666110039e-08-2.238817875454e+00-5.122274160385e-08
     1.301998187736e-01 4.727656250000e+02-1.647121273167e+00-1.731500695383e-09
     9.536111503035e-11 0.000000000000e+00 1.005000000000e+03 0.000000000000e+00
     2.000000000000e+00 0.000000000000e+00 2.000000000000e-10-9.500000000000e-09
     3.564000000000e+05 0.000000000000e+00                                      
C05 2025 04 10 04 00 00-1.242291182280e-04 2.654410025116e-11 0.000000000000e+00
     1.000000000000e+00 3.428906250000e+02 2.767615282285e-09-2.531593648523e-01
     1.120986416936e-05 1.212019706145e-03-1.928722485900e-05 6.493453823090e+03
     3.600000000000e+05 2.421438694000e-08-2.063417514605e+00-4.144385457039e-08
     1.302655476829e-01 5.851250000000e+02-1.823500247213e+00-1.861506110630e-09
     6.571702309208e-11 0.000000000000e+00 1.005000000000e+03 0.000000000000e+00
     2.000000000000e+00 0.000000000000e+00 2.000000000000e-10-9.500000000000e-09
     3.600000000000e+05 0.000000000000e+00                                      
C05 2025 04 10 05 00 00-1.241338904947e-04 2.649880315175e-11 0.000000000000e+00
     1.000000000000e+00 1.336250000000e+02 2.850118718885e-09 9.152527525223e-03
     4.276633262634e-06 1.214216696098e-03-2.138456329703e-05 6.493459150314e+03
     3.636000000000e+05 2.747401595116e-08-1.887369111768e+00-2.607703208923e-08
     1.283456081440e-01 6.481406250000e+02-1.999826584004e+00-1.983296897991e-09
     3.607293115380e-11 0.000000000000e+00 1.005000000000e+03 0.000000000000e+00
     2.000000000000e+00 0.000000000000e+00 2.000000000000e-10-9.500000000000e-09
     3.636000000000e+05 0.000000000000e+00                                      
C05 2025 04 10 06 00 00-1.240384299308e-04 2.651034947121e-11 0.000000000000e+00
     1.000000000000e+00-1.044687500000e+02 2.967623613435e-09 2.720025177452e-01
    -3.578606992960e-06 1.213386305608e-03-2.184417098761e-05 6.493456930161e+03
     3.672000000000e+05 3.166496753693e-08-1.709207188757e+00-6.984919309616e-09
     1.244852730827e-01 6.635468750000e+02-2.178757106619e+00-2.088301271845e-09
     5.000208278745e-12 0.000000000000e+00 1.005000000000e+03 0.000000000000e+00
     2.000000000000e+00 0.000000000000e+00 2.000000000000e-10-9.500000000000e-09
     3.672000000000e+05 0.000000000000e+00                                      
C05 2025 04 10 07 00 00-1.239434350282e-04 2.645705876603e-11 0.000000000000e+00
     1.000000000000e+00-3.446406250000e+02 3.104415025632e-09 5.364391333231e-01
    -1.146551221609e-05 1.210407703184e-03-2.038665115833e-05 6.493447809219e+03
     3.708000000000e+05 2.980232238770e-08-1.527212004910e+00-4.656612873077e-09
     1.187778283962e-01 6.222812500000e+02-2.363029360492e+00-2.166875973368e-09
    -3.500145795122e-11 0.000000000000e+00 1.005000000000e+03 0.000000000000e+00
     2.000000000000e+00 0.000000000000e+00 2.000000000000e-10-9.500000000000e-09
     3.708000000000e+05 0.000000000000e+00                                      
C05 2025 04 10 08 00 00-1.238472759724e-04 2.659117370740e-11 0.000000000000e+00
     1.000000000000e+00-5.547187500000e+02 3.215491080967e-09 8.018570597194e-01
    -1.833960413933e-05 1.207766588777e-03-1.630326732993e-05 6.493437223434e+03
     3.744000000000e+05 2.933666110039e-08-1.339169309366e+00-1.257285475731e-08
     1.113676187483e-01 4.992500000000e+02-2.554226838875e+00-2.218306687092e-09
    -7.928901699153e-11 0.000000000000e+00 1.005000000000e+03 0.000000000000e+00
     2.000000000000e+00 0.000000000000e+00 2.000000000000e-10-9.500000000000e-09
     3.744000000000e+05 0.000000000000e+00                                      
C05 2025 04 10 09 00 00-1.237505348399e-04 2.671818322142e-11 0.000000000000e+00
     1.000000000000e+00-7.037343750000e+02 3.296923044364e-09 1.067800153225e+00
    -2.318900078535e-05 1.206088461913e-03-9.513460099697e-06 6.493426475525e+03
     3.780000000000e+05 2.933666110039e-08-1.141998560915e+00-1.257285475731e-08
     1.024567418831e-01 2.960625000000e+02-2.754956640259e+00-2.226878472713e-09
    -1.207193141583e-10 0.000000000000e+00 1.005000000000e+03 0.000000000000e+00
     2.000000000000e+00 0.000000000000e+00 2.000000000000e-10-9.500000000000e-09
     3.780000000000e+05 0.000000000000e+00                                      
C05 2025 04 10 10 00 00-1.236563548446e-04 2.646771690706e-11 0.000000000000e+00
     1.000000000000e+00-7.624218750000e+02 3.239420649158e-09 1.331653475570e+00
    -2.502184361219e-05 1.205845968798e-03 2.682209014893e-07 6.493422569275e+03
     3.816000000000e+05 1.490116119385e-08-9.311364031230e-01 7.916241884232e-09
     9.231890538440e-02-2.812500000000e-01-2.967157799655e+00-2.140089143303e-09
    -1.517920370333e-10 0.000000000000e+00 1.005000000000e+03 0.000000000000e+00
     2.000000000000e+00 0.000000000000e+00 2.000000000000e-10-9.500000000000e-09
     3.816000000000e+05 0.000000000000e+00                                      
C05 2025 04 10 11 00 00-1.235611271113e-04 2.645439423077e-11 0.000000000000e+00
     1.000000000000e+00-6.907343750000e+02 2.934407944155e-09 1.591971158983e+00
    -2.251379191875e-05 1.205293694511e-03 1.226412132382e-05 6.493429143906e+03
     3.852000000000e+05-1.583248376846e-08-6.994820013302e-01 3.725290298462e-08
     8.132810425913e-02-3.687968750000e+02 3.086699410266e+00-1.880435470542e-09
    -1.732215010851e-10 0.000000000000e+00 1.005000000000e+03 0.000000000000e+00
     2.000000000000e+00 0.000000000000e+00 2.000000000000e-10-9.500000000000e-09
     3.852000000000e+05 0.000000000000e+00                                      
C05 2025 04 10 12 00 00-1.234669471160e-04 2.632383200307e-11 0.000000000000e+00
     1.000000000000e+00-4.251406250000e+02 2.316882221730e-09 1.850136439323e+00
    -1.369602978230e-05 1.202917308547e-03 2.379808574915e-05 6.493443042755e+03
     3.888000000000e+05-3.911554813385e-08-4.356626918313e-01 5.215406417847e-08
     7.001783986122e-02-7.270937500000e+02 2.827477753855e+00-1.357199389945e-09
    -1.950081228711e-10 0.000000000000e+00 1.005000000000e+03 0.000000000000e+00
     2.000000000000e+00 0.000000000000e+00 2.000000000000e-10-9.500000000000e-09
     3.888000000000e+05 0.000000000000e+00                                      
C05 2025 04 10 13 00 00-1.233716029674e-04 2.639755081191e-11 0.000000000000e+00
     1.000000000000e+00 7.564062500000e+01 1.261123959446e-09 2.108414689123e+00
     2.668704837561e-06 1.198876067065e-03 2.948474138975e-05 6.493458703995e+03
     3.924000000000e+05-2.654269337654e-08-1.218256251091e-01 3.632158041000e-08
     5.919960747842e-02-9.086406250000e+02 2.518225925898e+00-4.068026592493e-10
    -2.228664261384e-10 0.000000000000e+00 1.005000000000e+03 0.000000000000e+00
     2.000000000000e+00 0.000000000000e+00 2.000000000000e-10-9.500000000000e-09
     3.924000000000e+05 0.000000000000e+00                                      
C05 2025 04 10 14 00 00-1.232761424035e-04 2.644995333867e-11 0.000000000000e+00
     1.000000000000e+00 6.967031250000e+02-5.225217651289e-10 2.368847583187e+00
     2.274801954627e-05 1.195582444780e-03 2.061156556010e-05 6.493468629837e+03
     3.960000000000e+05-5.587935447693e-09 2.656163492900e-01 8.381903171539e-09
     5.016078964966e-02-6.414687500000e+02 2.133290474374e+00 1.310768884500e-09
    -2.300095808223e-10 0.000000000000e+00 1.005000000000e+03 0.000000000000e+00
     2.000000000000e+00 0.000000000000e+00 2.000000000000e-10-9.500000000000e-09
     3.960000000000e+05 0.000000000000e+00                                      
C05 2025 04 10 15 00 00-1.231826609001e-04 2.622524419849e-11 0.000000000000e+00
     1.000000000000e+00 9.252031250000e+02-2.820474626946e-09 2.631514375102e+00
     2.996809780598e-05 1.196147641167e-03-6.466638296843e-06 6.493467155457e+03
     3.996000000000e+05 1.490116119385e-08 7.384521098945e-01 1.722946763039e-08
     4.477234156488e-02 1.939062500000e+02 1.660774490107e+00 3.624079528888e-09
    -1.700070814773e-10 0.000000000000e+00 1.005000000000e+03 0.000000000000e+00
     2.000000000000e+00 0.000000000000e+00 2.000000000000e-10-9.500000000000e-09
     3.996000000000e+05 0.000000000000e+00                                      
C05 2025 04 10 16 00 00-1.230877824128e-04 2.628386397419e-11 0.000000000000e+00
     1.000000000000e+00 2.663750000000e+02-4.121957410357e-09 2.894447921351e+00
     8.623115718365e-06 1.200617174618e-03-2.967799082398e-05 6.493456296921e+03
     4.032000000000e+05 2.142041921616e-08 1.254353949265e+00-1.350417733192e-08
     4.477629583245e-02 9.159687500000e+02 1.144942104234e+00 5.012708799442e-09
    -6.678849629467e-11 0.000000000000e+00 1.005000000000e+03 0.000000000000e+00
     2.000000000000e+00 0.000000000000e+00 2.000000000000e-10-9.500000000000e-09
     4.032000000000e+05 0.000000000000e+00                                      
C05 2025 04 10 17 00 00-1.229923218489e-04 2.638067542193e-11 0.000000000000e+00
     1.000000000000e+00-6.329375000000e+02-3.539790303617e-09-3.126724980577e+00
    -2.035545185208e-05 1.204872038215e-03-2.444162964821e-05 6.493445989609e+03
     4.068000000000e+05-9.313225746155e-09 1.727089034774e+00-3.818422555923e-08
     5.017123195891e-02 7.547812500000e+02 6.731824647060e-01 4.513759444770e-09
     4.464471677451e-11 0.000000000000e+00 1.005000000000e+03 0.000000000000e+00
     2.000000000000e+00 0.000000000000e+00 2.000000000000e-10-9.500000000000e-09
     4.068000000000e+05 0.000000000000e+00                                      
C05 2025 04 10 18 00 00-1.228966284543e-04 2.647304597758e-11 0.000000000000e+00
     1.000000000000e+00-9.847343750000e+02-1.721857436559e-09-2.864332295623e+00
    -3.176089376211e-05 1.205261214636e-03-3.197696059942e-06 6.493445043564e+03
     4.104000000000e+05 1.816079020500e-08 2.114412315314e+00-9.546056389809e-08
     5.921372610080e-02 9.550000000000e+01 2.864070967252e-01 2.707612782941e-09
     1.550064566411e-10 0.000000000000e+00 1.005000000000e+03 0.000000000000e+00
     2.000000000000e+00 0.000000000000e+00 2.000000000000e-10-9.500000000000e-09
     4.104000000000e+05 0.000000000000e+00                                      
C05 2025 04 10 19 00 00-1.228018663824e-04 2.641264984504e-11 0.000000000000e+00
     1.000000000000e+00-8.130000000000e+02-4.071598169835e-11-2.599834756822e+00
    -2.639461308718e-05 1.202166662551e-03 1.567695289850e-05 6.493454484940e+03
     4.140000000000e+05 4.703179001808e-08 2.428162547608e+00-1.722946763039e-07
     7.003357793391e-02-4.877656250000e+02-2.897798016919e-02 9.553969389745e-10
     2.367955777720e-10 0.000000000000e+00 1.005000000000e+03 0.000000000000e+00
     2.000000000000e+00 0.000000000000e+00 2.000000000000e-10-9.500000000000e-09
     4.140000000000e+05 0.000000000000e+00                                      
C05 2025 04 10 20 00 00-1.227059401572e-04 2.651301400647e-11 0.000000000000e+00
     1.000000000000e+00-4.058281250000e+02 7.393165097859e-10-2.334038012178e+00
    -1.341383904219e-05 1.199114834890e-03 2.631684765220e-05 6.493466485977e+03
     4.176000000000e+05 7.916241884232e-09 2.691928832178e+00-1.364387571812e-07
     8.134471276808e-02-8.128437500000e+02-2.957822028474e-01 8.143196339671e-11
     2.592965150264e-10 0.000000000000e+00 1.005000000000e+03 0.000000000000e+00
     2.000000000000e+00 0.000000000000e+00 2.000000000000e-10-9.500000000000e-09
     4.176000000000e+05 0.000000000000e+00                                      
C05 2025 04 10 21 00 00-1.226110616699e-04 2.644462426815e-11 0.000000000000e+00
     1.000000000000e+00 1.831250000000e+01 1.038614691042e-09-2.070186673550e+00
     2.644956111908e-07 1.198358833790e-03 2.935295924544e-05 6.493470741272e+03
     4.212000000000e+05-8.707866072655e-08 2.923549984769e+00-2.374872565269e-08
     9.233599811924e-02-9.016562500000e+02-5.286177369020e-01-2.557249376844e-10
     2.360812623036e-10 0.000000000000e+00 1.005000000000e+03 0.000000000000e+00
     2.000000000000e+00 0.000000000000e+00 2.000000000000e-10-9.500000000000e-09
     4.212000000000e+05 0.000000000000e+00                                      
C05 2025 04 10 22 00 00-1.225160667673e-04 2.641087348820e-11 0.000000000000e+00
     1.000000000000e+00 3.504531250000e+02 1.460417975128e-09-1.810390415102e+00
     1.114420592785e-05 1.198657788336e-03 2.679135650396e-05 6.493462860107e+03
     4.248000000000e+05-1.681037247181e-07 3.134387005240e+00 3.119930624962e-08
     1.024736576049e-01-8.185000000000e+02-7.367437624378e-01-6.293119276535e-10
     2.064371703653e-10 0.000000000000e+00 1.005000000000e+03 0.000000000000e+00
     2.000000000000e+00 0.000000000000e+00 2.000000000000e-10-9.500000000000e-09
     4.248000000000e+05 0.000000000000e+00                                      
C05 2025 04 10 23 00 00-1.224210718647e-04 2.640465623927e-11 0.000000000000e+00
     1.000000000000e+00 5.674531250000e+02 2.071157700603e-09-1.553259837701e+00
     1.838197931647e-05 1.197687815875e-03 2.045370638371e-05 6.493447132111e+03
     4.284000000000e+05-1.811422407627e-07-2.951649561629e+00 7.450580596924e-09
     1.113836611080e-01-6.207187500000e+02-9.286434137028e-01-1.139333172086e-09
     1.903650723265e-10 0.000000000000e+00 1.005000000000e+03 0.000000000000e+00
     2.000000000000e+00 0.000000000000e+00 2.000000000000e-10-9.500000000000e-09
     4.284000000000e+05 0.000000000000e+00                                      
C06 2025 04 10 00 00 00 1.290020300075e-04 5.128519831032e-11 0.000000000000e+00
     1.000000000000e+00-1.501093750000e+02 7.632460779770e-10-1.368982680126e+00
    -5.386769771576e-06 4.794549196959e-03 2.584978938103e-05 6.492910011292e+03
     3.456000000000e+05 5.261972546577e-08-4.821601649119e-01-6.286427378654e-08
     9.477633433818e-01-5.465625000000e+02-2.542894414194e+00-1.732572168585e-09
    -4.193031799462e-10 0.000000000000e+00 1.005000000000e+03 0.000000000000e+00
     2.000000000000e+00 0.000000000000e+00 8.600000000000e-09-1.500000000000e-09
     3.456000000000e+05 0.000000000000e+00                                      
C06 2025 04 10 01 00 00 1.291881781071e-04 5.147082760004e-11 0.000000000000e+00
     1.000000000000e+00-1.836406250000e+02 7.175298879999e-10-1.105645955118e+00
    -6.495974957943e-06 4.796906607226e-03 2.476014196873e-05 6.492920511246e+03
     3.492000000000e+05 2.328306436539e-09-4.821662652803e-01-4.423782229424e-08
     9.477616844327e-01-5.140156250000e+02-2.543652912348e+00-1.752215843966e-09
    -4.200174954146e-10 0.000000000000e+00 1.005000000000e+03 0.000000000000e+00
     2.000000000000e+00 0.000000000000e+00 8.600000000000e-09-1.500000000000e-09
     3.492000000000e+05 0.000000000000e+00                                      
C06 2025 04 10 02 00 00 1.293736277148e-04 5.150369020157e-11 0.000000000000e+00
     1.000000000000e+00-1.928437500000e+02 7.003863167585e-10-8.426615929463e-01
    -6.810761988163e-06 4.799022572115e-03 2.369657158852e-05 6.492927505493e+03
     3.528000000000e+05-4.051253199577e-08-4.821725119405e-01-5.727633833885e-08
     9.477600108544e-01-4.844375000000e+02-2.544060737336e+00-1.769716572942e-09
    -4.182317067436e-10 0.000000000000e+00 1.005000000000e+03 0.000000000000e+00
     2.000000000000e+00 0.000000000000e+00 8.600000000000e-09-1.500000000000e-09
     3.528000000000e+05 0.000000000000e+00                                      
C06 2025 04 10 03 00 00 1.295577967539e-04 5.134559444286e-11 0.000000000000e+00
     1.000000000000e+00-1.929218750000e+02 6.946717930114e-10-5.800611502181e-01
    -6.770249456167e-06 4.799198824912e-03 2.347957342863e-05 6.492928028107e+03
     3.564000000000e+05 3.399327397346e-08-4.821788741712e-01-3.213062882423e-08
     9.477588697783e-01-4.822343750000e+02-2.544085905378e+00-1.729714906712e-09
    -4.218032840856e-10 0.000000000000e+00 1.005000000000e+03 0.000000000000e+00
     2.000000000000e+00 0.000000000000e+00 8.600000000000e-09-1.500000000000e-09
     3.564000000000e+05 0.000000000000e+00                                      
C06 2025 04 10 04 00 00 1.297420822084e-04 5.127365199087e-11 0.000000000000e+00
     1.000000000000e+00-2.127031250000e+02 7.446738757988e-10-3.175779325785e-01
    -7.277354598045e-06 4.796786466613e-03 2.394011244178e-05 6.492922094345e+03
     3.600000000000e+05 5.308538675308e-08-4.821850418339e-01-4.190951585770e-09
     9.477574887836e-01-5.001875000000e+02-2.543994415944e+00-1.713999966407e-09
    -4.260891768959e-10 0.000000000000e+00 1.005000000000e+03 0.000000000000e+00
     2.000000000000e+00 0.000000000000e+00 8.600000000000e-09-1.500000000000e-09
     3.600000000000e+05 0.000000000000e+00                                      
C06 2025 04 10 05 00 00 1.299268333241e-04 5.128875102400e-11 0.000000000000e+00
     1.000000000000e+00-2.574218750000e+02 8.450351991079e-10-5.494499112514e-02
    -8.475966751575e-06 4.792529274710e-03 2.424092963338e-05 6.492911746979e+03
     3.636000000000e+05 5.867332220078e-08-4.821912636245e-01-2.002343535423e-08
     9.477558956658e-01-5.114375000000e+02-2.544051923254e+00-1.721143121091e-09
    -4.218032840856e-10 0.000000000000e+00 1.005000000000e+03 0.000000000000e+00
     2.000000000000e+00 0.000000000000e+00 8.600000000000e-09-1.500000000000e-09
     3.636000000000e+05 0.000000000000e+00                                      
C06 2025 04 10 06 00 00 1.301134470850e-04 5.153211191100e-11 0.000000000000e+00
     1.000000000000e+00-2.880000000000e+02 9.093235912632e-10 2.078141577338e-01
    -9.262934327126e-06 4.789774771780e-03 2.404907718301e-05 6.492904748917e+03
     3.672000000000e+05 3.399327397346e-08-4.821973581412e-01-9.313225746155e-09
     9.477544444511e-01-5.040625000000e+02-2.544233784452e+00-1.712571335470e-09
    -4.307322274405e-10 0.000000000000e+00 1.005000000000e+03 0.000000000000e+00
     2.000000000000e+00 0.000000000000e+00 8.600000000000e-09-1.500000000000e-09
     3.672000000000e+05 0.000000000000e+00                                      
C06 2025 04 10 07 00 00 1.302992459387e-04 5.158273808092e-11 0.000000000000e+00
     1.000000000000e+00-2.926562500000e+02 9.407534718725e-10 4.704415869118e-01
    -9.275972843170e-06 4.789328784682e-03 2.408120781183e-05 6.492903541565e+03
     3.708000000000e+05 1.862645149231e-08-4.822034468062e-01-1.909211277962e-08
     9.477529274050e-01-5.008593750000e+02-2.544282468903e+00-1.709714073597e-09
    -4.378753821244e-10 0.000000000000e+00 1.005000000000e+03 0.000000000000e+00
     2.000000000000e+00 0.000000000000e+00 8.600000000000e-09-1.500000000000e-09
     3.708000000000e+05 0.000000000000e+00                                      
C06 2025 04 10 08 00 00 1.304850447923e-04 5.158273808092e-11 0.000000000000e+00
     2.000000000000e+00-2.844062500000e+02 8.882512849457e-10 7.323922014292e-01
    -8.991453796625e-06 4.791853600182e-03 2.545304596424e-05 6.492913068771e+03
     3.744000000000e+05 2.048909664154e-08-4.822096071543e-01-1.909211277962e-08
     9.477513533052e-01-5.425468750000e+02-2.543653279541e+00-1.710071231331e-09
    -4.375182243902e-10 0.000000000000e+00 1.005000000000e+03 0.000000000000e+00
     2.000000000000e+00 0.000000000000e+00 8.600000000000e-09-1.500000000000e-09
     3.744000000000e+05 1.000000000000e+00                                      
C06 2025 04 10 09 00 00 1.306686317548e-04 5.144507042587e-11 6.640738306474e-19
     3.000000000000e+00-3.081718750000e+02 7.678891285216e-10 9.936355023699e-01
    -9.710434824228e-06 4.794897860847e-03 2.769753336906e-05 6.492930204391e+03
     3.780000000000e+05 8.847564458847e-09-4.822158128527e-01-1.583248376846e-08
     9.477497675020e-01-6.156406250000e+02-2.542317579743e+00-1.707928284926e-09
    -4.339466470482e-10 0.000000000000e+00 1.005000000000e+03 0.000000000000e+00
     2.000000000000e+00 0.000000000000e+00 8.600000000000e-09-1.500000000000e-09
     3.780000000000e+05 2.000000000000e+00                                      
C06 2025 04 10 10 00 00 1.308538485318e-04 5.145039949639e-11 6.640738306474e-19
     4.000000000000e+00-3.628437500000e+02 6.435982370213e-10 1.254819476131e+00
    -1.132674515247e-05 4.796157707460e-03 2.917880192399e-05 6.492946592331e+03
     3.816000000000e+05 1.536682248116e-08-4.822219205357e-01-3.725290298462e-08
     9.477481904763e-01-6.653750000000e+02-2.540925194796e+00-1.707928284926e-09
    -4.396611707954e-10 0.000000000000e+00 1.005000000000e+03 0.000000000000e+00
     2.000000000000e+00 0.000000000000e+00 8.600000000000e-09-1.500000000000e-09
     3.816000000000e+05 3.000000000000e+00                                      
C06 2025 04 10 11 00 00 1.310390653089e-04 5.145484038849e-11 6.640738306474e-19
     5.000000000000e+00-3.938437500000e+02 5.882387882210e-10 1.516780750932e+00
    -1.216400414705e-05 4.796006600372e-03 2.940325066447e-05 6.492953662872e+03
     3.852000000000e+05 6.565824151039e-08-4.822278190214e-01-1.816079020500e-08
     9.477465212868e-01-6.736406250000e+02-2.540313402456e+00-1.724000382964e-09
    -4.571618997710e-10 0.000000000000e+00 1.005000000000e+03 0.000000000000e+00
     2.000000000000e+00 0.000000000000e+00 8.600000000000e-09-1.500000000000e-09
     3.852000000000e+05 4.000000000000e+00                                      
C06 2025 04 10 12 00 00 1.312248641625e-04 5.147704484898e-11 7.724940478959e-19
     5.000000000000e+00-3.600000000000e+02 6.543129690472e-10 1.779998153028e+00
    -1.107295975089e-05 4.797195433639e-03 2.980837598443e-05 6.492945684433e+03
     3.888000000000e+05 6.053596735001e-08-4.822337116554e-01 5.448237061501e-08
     9.477446780100e-01-6.867500000000e+02-2.540959931786e+00-1.754001632637e-09
    -4.707338936704e-10 0.000000000000e+00 1.005000000000e+03 0.000000000000e+00
     2.000000000000e+00 0.000000000000e+00 8.600000000000e-09-1.500000000000e-09
     3.888000000000e+05 5.000000000000e+00                                      
C06 2025 04 10 13 00 00 1.314056571573e-04 5.102851474703e-11 0.000000000000e+00
     1.000000000000e+00-3.119062500000e+02 7.675319707874e-10 2.043706396323e+00
    -9.575393050909e-06 4.800975439139e-03 3.148382529616e-05 6.492929765701e+03
     3.924000000000e+05 1.350417733192e-08-4.822399612415e-01 4.842877388000e-08
     9.477429020274e-01-7.410468750000e+02-2.542096421640e+00-1.764002049194e-09
    -4.675194740627e-10 0.000000000000e+00 1.005000000000e+03 0.000000000000e+00
     2.000000000000e+00 0.000000000000e+00 8.600000000000e-09-1.500000000000e-09
     3.924000000000e+05 0.000000000000e+00                                      
C06 2025 04 10 14 00 00 1.315899426118e-04 5.109512812851e-11 0.000000000000e+00
     1.000000000000e+00-2.979531250000e+02 8.403921485634e-10 2.307038195687e+00
    -9.149312973022e-06 4.805147065781e-03 3.329059109092e-05 6.492916513443e+03
     3.960000000000e+05 6.798654794693e-08-4.822464185619e-01-6.053596735001e-09
     9.477415181069e-01-8.000468750000e+02-2.542853717276e+00-1.730072064446e-09
    -4.600191616446e-10 0.000000000000e+00 1.005000000000e+03 0.000000000000e+00
     2.000000000000e+00 0.000000000000e+00 8.600000000000e-09-1.500000000000e-09
     3.960000000000e+05 0.000000000000e+00                                      
C06 2025 04 10 15 00 00 1.317730639130e-04 5.098765853973e-11 0.000000000000e+00
     1.000000000000e+00-2.938125000000e+02 8.182483690432e-10 2.569562761243e+00
    -9.062699973583e-06 4.804440890439e-03 3.316113725305e-05 6.492918289185e+03
     3.996000000000e+05 5.774199962616e-08-4.822526491300e-01-2.235174179077e-08
     9.477397874749e-01-7.926093750000e+02-2.542800872286e+00-1.737572376864e-09
    -4.578762152394e-10 0.000000000000e+00 1.005000000000e+03 0.000000000000e+00
     2.000000000000e+00 0.000000000000e+00 8.600000000000e-09-1.500000000000e-09
     3.996000000000e+05 0.000000000000e+00                                      
C06 2025 04 10 16 00 00 1.319576986134e-04 5.112621437320e-11 0.000000000000e+00
     1.000000000000e+00-2.432812500000e+02 6.882429537959e-10 2.831912614882e+00
    -7.650349289179e-06 4.798376699910e-03 3.189267590642e-05 6.492933008194e+03
     4.032000000000e+05 5.168840289116e-08-4.822588840868e-01-5.587935447693e-09
     9.477381943571e-01-7.474531250000e+02-2.542572768247e+00-1.732215010851e-09
    -4.614477925813e-10 0.000000000000e+00 1.005000000000e+03 0.000000000000e+00
     2.000000000000e+00 0.000000000000e+00 8.600000000000e-09-1.500000000000e-09
     4.032000000000e+05 0.000000000000e+00                                      
C06 2025 04 10 17 00 00 1.321417512372e-04 5.111822076742e-11 0.000000000000e+00
     1.000000000000e+00-1.673750000000e+02 5.203788187237e-10 3.094590478161e+00
    -5.559064447880e-06 4.791293526068e-03 3.139162436128e-05 6.492949966431e+03
     4.068000000000e+05 2.188608050346e-08-4.822648922914e-01 6.239861249924e-08
     9.477367826411e-01-7.292187500000e+02-2.542674996963e+00-1.703285234381e-09
    -4.796628370253e-10 0.000000000000e+00 1.005000000000e+03 0.000000000000e+00
     2.000000000000e+00 0.000000000000e+00 8.600000000000e-09-1.500000000000e-09
     4.068000000000e+05 0.000000000000e+00                                      
C06 2025 04 10 18 00 00 1.323280157521e-04 5.141576053802e-11 0.000000000000e+00
     1.000000000000e+00-1.412968750000e+02 4.446613790741e-10-2.925873018218e+00
    -4.923436790705e-06 4.788971273229e-03 3.153504803777e-05 6.492955774307e+03
     4.104000000000e+05-4.563480615616e-08-4.822707571300e-01 8.614733815193e-08
     9.477352363367e-01-7.351250000000e+02-2.542824709073e+00-1.682212928064e-09
    -5.028780897481e-10 0.000000000000e+00 1.005000000000e+03 0.000000000000e+00
     2.000000000000e+00 0.000000000000e+00 8.600000000000e-09-1.500000000000e-09
     4.104000000000e+05 0.000000000000e+00                                      
C06 2025 04 10 19 00 00 1.325121847913e-04 5.128608648874e-11 0.000000000000e+00
     1.000000000000e+00-1.665625000000e+02 4.846630453041e-10-2.663722773900e+00
    -5.751382559538e-06 4.791830084287e-03 3.060000017285e-05 6.492947416306e+03
     4.140000000000e+05-1.210719347000e-07-4.822764668992e-01 4.330649971962e-08
     9.477335744618e-01-7.062031250000e+02-2.542404816474e+00-1.667569460962e-09
    -5.353794435599e-10 0.000000000000e+00 1.005000000000e+03 0.000000000000e+00
     2.000000000000e+00 0.000000000000e+00 8.600000000000e-09-1.500000000000e-09
     4.140000000000e+05 0.000000000000e+00                                      
C06 2025 04 10 20 00 00 1.326957717538e-04 5.115463608263e-11 0.000000000000e+00
     1.000000000000e+00-1.846875000000e+02 5.996678357152e-10-2.402267989133e+00
    -6.304588168859e-06 4.796482739039e-03 2.827774733305e-05 6.492930427551e+03
     4.176000000000e+05-1.443549990654e-07-4.822821400955e-01-3.119930624962e-08
     9.477317282592e-01-6.306406250000e+02-2.541288795770e+00-1.663997883620e-09
    -5.660950087008e-10 0.000000000000e+00 1.005000000000e+03 0.000000000000e+00
     2.000000000000e+00 0.000000000000e+00 8.600000000000e-09-1.500000000000e-09
     4.176000000000e+05 0.000000000000e+00                                      
C06 2025 04 10 21 00 00 1.328798243776e-04 5.114930701211e-11 0.000000000000e+00
     1.000000000000e+00-1.637812500000e+02 7.268159890890e-10-2.141016140362e+00
    -5.669426172972e-06 4.799642600119e-03 2.603558823466e-05 6.492913429260e+03
     4.212000000000e+05-1.178123056889e-07-4.822877811077e-01-1.061707735062e-07
     9.477297065064e-01-5.559687500000e+02-2.539967315537e+00-1.668640934164e-09
    -5.975248893100e-10 0.000000000000e+00 1.005000000000e+03 0.000000000000e+00
     2.000000000000e+00 0.000000000000e+00 8.600000000000e-09-1.500000000000e-09
     4.212000000000e+05 0.000000000000e+00                                      
C06 2025 04 10 22 00 00 1.330645754933e-04 5.121858492885e-11 0.000000000000e+00
     1.000000000000e+00-1.348437500000e+02 8.075336370173e-10-1.879210676576e+00
    -4.813540726900e-06 4.800443421118e-03 2.516759559512e-05 6.492904333115e+03
     4.248000000000e+05-2.980232238770e-08-4.822933343447e-01-1.485459506512e-07
     9.477275018888e-01-5.262968750000e+02-2.539196439632e+00-1.686498820874e-09
    -6.339549781980e-10 0.000000000000e+00 1.005000000000e+03 0.000000000000e+00
     2.000000000000e+00 0.000000000000e+00 8.600000000000e-09-1.500000000000e-09
     4.248000000000e+05 0.000000000000e+00                                      
C06 2025 04 10 23 00 00 1.332493266091e-04 5.126654656351e-11 0.000000000000e+00
     1.000000000000e+00-1.386406250000e+02 8.296774165375e-10-1.616560784291e+00
    -4.989095032215e-06 4.800510127097e-03 2.518435940146e-05 6.492905170441e+03
     4.284000000000e+05 6.379559636116e-08-4.822988963592e-01-9.825453162193e-08
     9.477250558898e-01-5.262500000000e+02-2.539268021677e+00-1.720428805623e-09
    -6.675278052125e-10 0.000000000000e+00 1.005000000000e+03 0.000000000000e+00
     2.000000000000e+00 0.000000000000e+00 8.600000000000e-09-1.500000000000e-09
     4.284000000000e+05 0.000000000000e+00                                      
C07 2025 04 10 00 00 00 3.956985892728e-04 2.923528086285e-11 0.000000000000e+00
     1.000000000000e+00-8.921875000000e+01 2.374384616936e-09 3.122094492293e+00
    -2.814456820488e-06 3.926493460312e-03-7.078051567078e-06 6.493740413666e+03
     3.456000000000e+05-1.243315637112e-07 1.442480436369e+00-1.010484993458e-07
     8.429112589344e-01 4.243437500000e+02-2.632466575314e+00-3.084771350252e-09
    -2.039370662260e-10 0.000000000000e+00 1.005000000000e+03 0.000000000000e+00
     2.000000000000e+00 0.000000000000e+00 1.510000000000e-08 9.000000000000e-10
     3.456000000000e+05 0.000000000000e+00                                      
C07 2025 04 10 01 00 00 3.958049928769e-04 2.939870569207e-11 0.000000000000e+00
     1.000000000000e+00-7.882812500000e+01 2.358669676631e-09-2.898526901223e+00
    -2.592336386442e-06 3.925599157810e-03-7.049646228552e-06 6.493742683411e+03
     3.492000000000e+05-7.636845111847e-08 1.442469116309e+00-1.294538378716e-07
     8.429103767948e-01 4.229531250000e+02-2.632547443962e+00-3.104057867898e-09
    -1.864363372504e-10 0.000000000000e+00 1.005000000000e+03 0.000000000000e+00
     2.000000000000e+00 0.000000000000e+00 1.510000000000e-08 9.000000000000e-10
     3.492000000000e+05 0.000000000000e+00                                      
C07 2025 04 10 02 00 00 3.959098830819e-04 2.926103803702e-11 0.000000000000e+00
     1.000000000000e+00-8.103125000000e+01 2.358669676631e-09-2.636091521004e+00
    -2.733431756496e-06 3.925826749764e-03-7.178634405136e-06 6.493741975784e+03
     3.528000000000e+05-2.700835466385e-08 1.442457724566e+00-1.201406121254e-07
     8.429096204662e-01 4.252343750000e+02-2.632500313130e+00-3.116201230861e-09
    -1.685784505406e-10 0.000000000000e+00 1.005000000000e+03 0.000000000000e+00
     2.000000000000e+00 0.000000000000e+00 1.510000000000e-08 9.000000000000e-10
     3.528000000000e+05 0.000000000000e+00                                      
C07 2025 04 10 03 00 00 3.960147732869e-04 2.920863551026e-11 0.000000000000e+00
     1.000000000000e+00-8.634375000000e+01 2.375098932404e-09-2.373894150243e+00
    -2.924352884293e-06 3.926732228138e-03-7.705762982368e-06 6.493738519669e+03
     3.564000000000e+05-2.328306436539e-09 1.442446309416e+00-8.568167686462e-08
     8.429089680047e-01 4.399843750000e+02-2.632215275246e+00-3.120844281405e-09
    -1.517920370333e-10 0.000000000000e+00 1.005000000000e+03 0.000000000000e+00
     2.000000000000e+00 0.000000000000e+00 1.510000000000e-08 9.000000000000e-10
     3.564000000000e+05 0.000000000000e+00                                      
C07 2025 04 10 04 00 00 3.961190814152e-04 2.908429053150e-11 0.000000000000e+00
     1.000000000000e+00-8.256250000000e+01 2.404028708874e-09-2.111908115553e+00
    -2.798158675432e-06 3.927618847229e-03-8.466187864542e-06 6.493733369827e+03
     3.600000000000e+05 4.656612873077e-10 1.442435097612e+00-9.033828973770e-08
     8.429084237992e-01 4.630468750000e+02-2.631718671612e+00-3.121201439140e-09
    -1.539349834385e-10 0.000000000000e+00 1.005000000000e+03 0.000000000000e+00
     2.000000000000e+00 0.000000000000e+00 1.510000000000e-08 9.000000000000e-10
     3.600000000000e+05 0.000000000000e+00                                      
C07 2025 04 10 05 00 00 3.962229238823e-04 2.898481454849e-11 0.000000000000e+00
     1.000000000000e+00-6.739062500000e+01 2.444744690572e-09-1.849982664689e+00
    -2.317130565643e-06 3.927994403057e-03-9.060837328434e-06 6.493728021622e+03
     3.636000000000e+05 4.749745130539e-08 1.442424152059e+00-1.261942088604e-07
     8.429078459466e-01 4.819375000000e+02-2.631160945797e+00-3.130844697963e-09
    -1.764359206929e-10 0.000000000000e+00 1.005000000000e+03 0.000000000000e+00
     2.000000000000e+00 0.000000000000e+00 1.510000000000e-08 9.000000000000e-10
     3.636000000000e+05 0.000000000000e+00                                      
C07 2025 04 10 06 00 00 3.963272320107e-04 2.898126183482e-11 0.000000000000e+00
     1.000000000000e+00-5.037500000000e+01 2.492246669220e-09-1.587925163525e+00
    -1.824460923672e-06 3.927848883905e-03-9.256415069103e-06 6.493723972321e+03
     3.672000000000e+05 1.215375959873e-07 1.442413263559e+00-1.122243702412e-07
     8.429071144875e-01 4.887500000000e+02-2.630734453975e+00-3.153702792951e-09
    -2.017941198208e-10 0.000000000000e+00 1.005000000000e+03 0.000000000000e+00
     2.000000000000e+00 0.000000000000e+00 1.510000000000e-08 9.000000000000e-10
     3.672000000000e+05 0.000000000000e+00                                      
C07 2025 04 10 07 00 00 3.964316565543e-04 2.899636086795e-11 0.000000000000e+00
     1.000000000000e+00-4.239062500000e+01 2.549749064426e-09-1.325616129690e+00
    -1.680571585894e-06 3.927605692297e-03-9.243376553059e-06 6.493722206116e+03
     3.708000000000e+05 1.736916601658e-07 1.442402448206e+00-1.350417733192e-08
     8.429061153145e-01 4.878125000000e+02-2.630558804327e+00-3.200847613865e-09
    -2.303667385565e-10 0.000000000000e+00 1.005000000000e+03 0.000000000000e+00
     2.000000000000e+00 0.000000000000e+00 1.510000000000e-08 9.000000000000e-10
     3.708000000000e+05 0.000000000000e+00                                      
C07 2025 04 10 08 00 00 3.965367795900e-04 2.909228413728e-11 0.000000000000e+00
     1.000000000000e+00-4.431250000000e+01 2.608322932834e-09-1.063078617309e+00
    -1.863576471806e-06 3.927765181288e-03-9.407289326191e-06 6.493722837448e+03
     3.744000000000e+05 1.275911927223e-07 1.442391400249e+00 1.024454832077e-07
     8.429048425757e-01 4.897656250000e+02-2.630611034891e+00-3.263350217350e-09
    -2.496532562031e-10 0.000000000000e+00 1.005000000000e+03 0.000000000000e+00
     2.000000000000e+00 0.000000000000e+00 1.510000000000e-08 9.000000000000e-10
     3.744000000000e+05 0.000000000000e+00                                      
C07 2025 04 10 09 00 00 3.966412041336e-04 2.905853335733e-11 0.000000000000e+00
     1.000000000000e+00-4.768750000000e+01 2.656182069216e-09-8.004416572193e-01
    -2.032611519098e-06 3.928494988941e-03-9.883195161819e-06 6.493725118637e+03
     3.780000000000e+05 2.933666110039e-08 1.442379878306e+00 1.383014023304e-07
     8.429034937653e-01 4.992812500000e+02-2.630762313787e+00-3.319066823884e-09
    -2.546534644818e-10 0.000000000000e+00 1.005000000000e+03 0.000000000000e+00
     2.000000000000e+00 0.000000000000e+00 1.510000000000e-08 9.000000000000e-10
     3.780000000000e+05 0.000000000000e+00                                      
C07 2025 04 10 10 00 00 3.967457450926e-04 2.904609885945e-11 0.000000000000e+00
     1.000000000000e+00-4.575000000000e+01 2.689754896231e-09-5.378427988314e-01
    -1.935753971338e-06 3.929473576136e-03-1.042662188411e-05 6.493727727890e+03
     3.816000000000e+05-3.445893526077e-08 1.442367945283e+00 1.080334186554e-07
     8.429022590624e-01 5.106406250000e+02-2.630875447094e+00-3.356925543709e-09
    -2.503675716715e-10 0.000000000000e+00 1.005000000000e+03 0.000000000000e+00
     2.000000000000e+00 0.000000000000e+00 1.510000000000e-08 9.000000000000e-10
     3.816000000000e+05 0.000000000000e+00                                      
C07 2025 04 10 11 00 00 3.968492383137e-04 2.892086570228e-11 0.000000000000e+00
     1.000000000000e+00-4.131250000000e+01 2.717613199498e-09-2.753284868680e-01
    -1.683365553617e-06 3.930126316845e-03-1.072976738214e-05 6.493729337692e+03
     3.852000000000e+05-5.308538675308e-08 1.442355791360e+00 6.658956408501e-08
     8.429011662626e-01 5.161562500000e+02-2.630904238785e+00-3.379783638698e-09
    -2.432244169875e-10 0.000000000000e+00 1.005000000000e+03 0.000000000000e+00
     2.000000000000e+00 0.000000000000e+00 1.510000000000e-08 9.000000000000e-10
     3.852000000000e+05 0.000000000000e+00                                      
C07 2025 04 10 12 00 00 3.969536628574e-04 2.896083373116e-11 0.000000000000e+00
     1.000000000000e+00-4.068750000000e+01 2.746542975968e-09-1.284527361721e-02
    -1.526903361082e-06 3.930187667720e-03-1.078378409147e-05 6.493729455948e+03
     3.888000000000e+05-4.284083843231e-08 1.442343508699e+00 2.933666110039e-08
     8.429001553862e-01 5.162968750000e+02-2.630902066351e+00-3.396927209939e-09
    -2.342954736326e-10 0.000000000000e+00 1.005000000000e+03 0.000000000000e+00
     2.000000000000e+00 0.000000000000e+00 1.510000000000e-08 9.000000000000e-10
     3.888000000000e+05 0.000000000000e+00                                      
C07 2025 04 10 13 00 00 3.970592515543e-04 2.913314034458e-11 0.000000000000e+00
     1.000000000000e+00-4.298437500000e+01 2.776187067906e-09 2.496584702260e-01
    -1.479871571064e-06 3.929986851290e-03-1.077121123672e-05 6.493728944778e+03
     3.924000000000e+05-6.519258022308e-09 1.442331110469e+00 7.450580596924e-09
     8.428992001007e-01 5.165781250000e+02-2.630920341124e+00-3.411927834775e-09
    -2.210806374674e-10 0.000000000000e+00 1.005000000000e+03 0.000000000000e+00
     2.000000000000e+00 0.000000000000e+00 1.510000000000e-08 9.000000000000e-10
     3.924000000000e+05 0.000000000000e+00                                      
C07 2025 04 10 14 00 00 3.971646074206e-04 2.920064190448e-11 0.000000000000e+00
     1.000000000000e+00-4.620312500000e+01 2.806545475313e-09 5.121886446101e-01
    -1.479405909777e-06 3.929700818844e-03-1.075165346265e-05 6.493728139877e+03
     3.960000000000e+05 3.958120942116e-08 1.442318620074e+00 1.955777406693e-08
     8.428983194240e-01 5.185625000000e+02-2.630964831389e+00-3.422999724535e-09
    -2.035799084918e-10 0.000000000000e+00 1.005000000000e+03 0.000000000000e+00
     2.000000000000e+00 0.000000000000e+00 1.510000000000e-08 9.000000000000e-10
     3.960000000000e+05 0.000000000000e+00                                      
C07 2025 04 10 15 00 00 3.972696140409e-04 2.917843744399e-11 0.000000000000e+00
     1.000000000000e+00-4.496875000000e+01 2.813331472263e-09 7.745959850776e-01
    -1.417007297277e-06 3.929940052330e-03-1.055747270584e-05 6.493729089737e+03
     3.996000000000e+05 6.426125764847e-08 1.442306049219e+00 6.612390279770e-08
     8.428975309112e-01 5.145781250000e+02-2.630886162969e+00-3.427999932814e-09
    -1.821504444400e-10 0.000000000000e+00 1.005000000000e+03 0.000000000000e+00
     2.000000000000e+00 0.000000000000e+00 1.510000000000e-08 9.000000000000e-10
     3.996000000000e+05 0.000000000000e+00                                      
C07 2025 04 10 16 00 00 3.973747370765e-04 2.917843744399e-11 0.000000000000e+00
     2.000000000000e+00-4.635937500000e+01 2.803331055705e-09 1.036927844824e+00
    -1.467298716307e-06 3.930205712095e-03-1.030694693327e-05 6.493730690002e+03
     4.032000000000e+05 3.213062882423e-08 1.442293253075e+00 1.536682248116e-07
     8.428968345622e-01 5.075937500000e+02-2.630731924590e+00-3.422285409067e-09
    -1.446488823494e-10 0.000000000000e+00 1.005000000000e+03 0.000000000000e+00
     2.000000000000e+00 0.000000000000e+00 1.510000000000e-08 9.000000000000e-10
     4.032000000000e+05 1.000000000000e+00                                      
C07 2025 04 10 17 00 00 3.974793944508e-04 2.909494867254e-11-2.439454888092e-19
     3.000000000000e+00-5.187500000000e+01 2.772615490564e-09 1.299232146120e+00
    -1.614913344383e-06 3.930295235477e-03-1.015374436975e-05 6.493732418060e+03
     4.068000000000e+05-7.357448339462e-08 1.442280334045e+00 2.058222889900e-07
     8.428963605767e-01 5.020000000000e+02-2.630550211147e+00-3.399070156344e-09
    -1.000041655749e-10 0.000000000000e+00 1.005000000000e+03 0.000000000000e+00
     2.000000000000e+00 0.000000000000e+00 1.510000000000e-08 9.000000000000e-10
     4.068000000000e+05 2.000000000000e+00                                      
C07 2025 04 10 18 00 00 3.975850995630e-04 2.942979193676e-11 0.000000000000e+00
     3.000000000000e+00-5.337500000000e+01 2.739042663550e-09 1.561676638855e+00
    -1.592561602592e-06 3.930297913030e-03-1.015048474073e-05 6.493732799530e+03
     4.104000000000e+05-1.708976924419e-07 1.442267587640e+00 1.778826117516e-07
     8.428961382132e-01 5.010937500000e+02-2.630509201164e+00-3.367640275735e-09
    -6.643133856047e-11 0.000000000000e+00 1.005000000000e+03 0.000000000000e+00
     2.000000000000e+00 0.000000000000e+00 1.510000000000e-08 9.000000000000e-10
     4.104000000000e+05 0.000000000000e+00                                      
C07 2025 04 10 19 00 00 3.976888256148e-04 2.909583685096e-11 0.000000000000e+00
     4.000000000000e+00-4.734375000000e+01 2.703326890130e-09 1.824297500993e+00
    -1.311767846346e-06 3.930520266294e-03-1.008715480566e-05 6.493731401443e+03
     4.140000000000e+05-2.342276275158e-07 1.442254915843e+00 7.636845111847e-08
     8.428961938041e-01 4.996406250000e+02-2.630644803430e+00-3.319066823884e-09
    -3.500145795122e-11 0.000000000000e+00 1.005000000000e+03 0.000000000000e+00
     2.000000000000e+00 0.000000000000e+00 1.510000000000e-08 9.000000000000e-10
     4.140000000000e+05 0.000000000000e+00                                      
C07 2025 04 10 20 00 00 3.977929009125e-04 2.901501261476e-11 0.000000000000e+00
     1.000000000000e+00-4.878125000000e+01 2.634752605165e-09 2.086751110634e+00
    -1.221895217896e-06 3.930441685952e-03-1.000147312880e-05 6.493731739044e+03
     4.176000000000e+05-2.072192728519e-07 1.442242500058e+00-5.075708031654e-08
     8.428965244235e-01 5.007031250000e+02-2.630613037626e+00-3.256207062666e-09
    -1.178620522847e-11 0.000000000000e+00 1.005000000000e+03 0.000000000000e+00
     2.000000000000e+00 0.000000000000e+00 1.510000000000e-08 9.000000000000e-10
     4.176000000000e+05 0.000000000000e+00                                      
C07 2025 04 10 21 00 00 3.978987224400e-04 2.918731922819e-11 0.000000000000e+00
     1.000000000000e+00-4.843750000000e+01 2.580464629567e-09 2.349238420056e+00
    -1.176726073027e-06 3.930428065360e-03-9.897630661726e-06 6.493731742859e+03
     4.212000000000e+05-1.154839992523e-07 1.442230559720e+00-1.089647412300e-07
     8.428969472069e-01 5.010000000000e+02-2.630615417794e+00-3.199061825194e-09
    -3.571577341961e-12 0.000000000000e+00 1.005000000000e+03 0.000000000000e+00
     2.000000000000e+00 0.000000000000e+00 1.510000000000e-08 9.000000000000e-10
     4.212000000000e+05 0.000000000000e+00                                      
C07 2025 04 10 22 00 00 3.980041947216e-04 2.923616904127e-11 0.000000000000e+00
     1.000000000000e+00-4.470312500000e+01 2.517247710614e-09 2.611598024043e+00
    -1.093372702599e-06 3.929200698622e-03-1.019192859530e-05 6.493734914780e+03
     4.248000000000e+05-5.494803190231e-08 1.442219033389e+00-9.406358003616e-08
     8.428972178467e-01 5.149375000000e+02-2.630490183229e+00-3.165488998180e-09
    -5.714523747137e-12 0.000000000000e+00 1.005000000000e+03 0.000000000000e+00
     2.000000000000e+00 0.000000000000e+00 1.510000000000e-08 9.000000000000e-10
     4.248000000000e+05 0.000000000000e+00                                      
C07 2025 04 10 23 00 00 3.981101326644e-04 2.931965781272e-11 0.000000000000e+00
     1.000000000000e+00-3.187500000000e+01 2.469745731966e-09 2.874021096732e+00
    -7.594935595989e-07 3.927483572625e-03-1.055328175426e-05 6.493739070892e+03
     4.284000000000e+05-4.516914486885e-08 1.442207669441e+00-7.729977369308e-08
     8.428972792893e-01 5.288750000000e+02-2.630429036179e+00-3.155845739357e-09
    -8.214627886510e-12 0.000000000000e+00 1.005000000000e+03 0.000000000000e+00
     2.000000000000e+00 0.000000000000e+00 1.510000000000e-08 9.000000000000e-10
     4.284000000000e+05 0.000000000000e+00                                      
C08 2025 04 10 00 00 00-2.403992693871e-04-5.948930237309e-11-5.963111948670e-19
     3.000000000000e+00 3.394687500000e+02 7.643175511796e-10 1.455105647608e+00
     1.124758273363e-05 3.003105288371e-03 1.134071499109e-05 6.493192285538e+03
     3.456000000000e+05 1.909211277962e-07-2.623128064087e+00 1.816079020500e-07
     1.078791428336e+00-7.700000000000e+01 3.126997051156e+00-1.882935574682e-09
     8.039620596754e-10 0.000000000000e+00 1.005000000000e+03 0.000000000000e+00
     2.000000000000e+00 0.000000000000e+00 1.130000000000e-08-7.000000000000e-10
     3.456000000000e+05 2.000000000000e+00                                      
C08 2025 04 10 01 00 00-2.406134735793e-04-5.949374326519e-11-5.963111948670e-19
     4.000000000000e+00 3.240937500000e+02 7.107438910502e-10 1.716731327539e+00
     1.076888293028e-05 3.002341138199e-03 1.218821853399e-05 6.493199171066e+03
     3.492000000000e+05 8.707866072655e-08-2.623135454749e+00 2.812594175339e-07
     1.078794324914e+00-1.041093750000e+02 3.127915545735e+00-1.865434845706e-09
     8.600358239442e-10 0.000000000000e+00 1.005000000000e+03 0.000000000000e+00
     2.000000000000e+00 0.000000000000e+00 1.130000000000e-08-7.000000000000e-10
     3.492000000000e+05 3.000000000000e+00                                      
C08 2025 04 10 02 00 00-2.408276777714e-04-5.949818415729e-11-5.963111948670e-19
     5.000000000000e+00 3.031562500000e+02 6.496699185027e-10 1.978623438500e+00
     1.017097383738e-05 3.001220989972e-03 1.255609095097e-05 6.493204584122e+03
     3.528000000000e+05-6.193295121193e-08-2.623142822005e+00 2.793967723846e-07
     1.078797559426e+00-1.170312500000e+02 3.128566479912e+00-1.831504860958e-09
     9.118236954026e-10 0.000000000000e+00 1.005000000000e+03 0.000000000000e+00
     2.000000000000e+00 0.000000000000e+00 1.130000000000e-08-7.000000000000e-10
     3.528000000000e+05 4.000000000000e+00                                      
C08 2025 04 10 03 00 00-2.410418819636e-04-5.950262504939e-11-5.963111948670e-19
     6.000000000000e+00 2.998281250000e+02 6.146684605515e-10 2.241090637186e+00
     1.015327870846e-05 3.001025179401e-03 1.256912946701e-05 6.493205289841e+03
     3.564000000000e+05-1.522712409496e-07-2.623149933250e+00 1.937150955200e-07
     1.078801092373e+00-1.175312500000e+02 3.128641081419e+00-1.791860352462e-09
     9.475394688222e-10 0.000000000000e+00 1.005000000000e+03 0.000000000000e+00
     2.000000000000e+00 0.000000000000e+00 1.130000000000e-08-7.000000000000e-10
     3.564000000000e+05 5.000000000000e+00                                      
C08 2025 04 10 04 00 00-2.412562025711e-04-5.951061865517e-11-6.234162491792e-19
     6.000000000000e+00 3.086875000000e+02 5.760954252583e-10 2.503785414724e+00
     1.056445762515e-05 3.001876641065e-03 1.281592994928e-05 6.493202960968e+03
     3.600000000000e+05-1.550652086735e-07-2.623157003533e+00 1.816079020500e-08
     1.078805056881e+00-1.230468750000e+02 3.128487757364e+00-1.722571752028e-09
     9.828980845076e-10 0.000000000000e+00 1.005000000000e+03 0.000000000000e+00
     2.000000000000e+00 0.000000000000e+00 1.130000000000e-08-7.000000000000e-10
     3.600000000000e+05 6.000000000000e+00                                      
C08 2025 04 10 05 00 00-2.414677292109e-04-5.949285508677e-11 0.000000000000e+00
     7.000000000000e+00 3.228593750000e+02 5.828814222080e-10 2.766539779841e+00
     1.107854768634e-05 3.004451980814e-03 1.371605321765e-05 6.493196586609e+03
     3.636000000000e+05-1.122243702412e-07-2.623163395022e+00-5.541369318962e-08
     1.078808924836e+00-1.482031250000e+02 3.128274501944e+00-1.686855978608e-09
     9.946842897361e-10 0.000000000000e+00 1.005000000000e+03 0.000000000000e+00
     2.000000000000e+00 0.000000000000e+00 1.130000000000e-08-7.000000000000e-10
     3.636000000000e+05 0.000000000000e+00                                      
C08 2025 04 10 06 00 00-2.416823990643e-04-5.958611382084e-11 0.000000000000e+00
     1.000000000000e+00 3.231718750000e+02 6.189543533618e-10 3.029072744010e+00
     1.109065487981e-05 3.007435356267e-03 1.493096351624e-05 6.493189420700e+03
     3.672000000000e+05-1.867301762104e-07-2.623169407615e+00-4.703179001808e-08
     1.078812169589e+00-1.806718750000e+02 3.128283323340e+00-1.720428805623e-09
     9.932556587993e-10 0.000000000000e+00 1.005000000000e+03 0.000000000000e+00
     2.000000000000e+00 0.000000000000e+00 1.130000000000e-08-7.000000000000e-10
     3.672000000000e+05 0.000000000000e+00                                      
C08 2025 04 10 07 00 00-2.418977674097e-04-5.970868244276e-11 0.000000000000e+00
     1.000000000000e+00 3.112343750000e+02 6.128826718805e-10-2.991766216146e+00
     1.061009243131e-05 3.009733976796e-03 1.583388075233e-05 6.493183731079e+03
     3.708000000000e+05-1.364387571812e-07-2.623175543093e+00 3.259629011154e-09
     1.078816063876e+00-2.037500000000e+02 3.128479930752e+00-1.688998925013e-09
     9.861125041154e-10 0.000000000000e+00 1.005000000000e+03 0.000000000000e+00
     2.000000000000e+00 0.000000000000e+00 1.130000000000e-08-7.000000000000e-10
     3.708000000000e+05 0.000000000000e+00                                      
C08 2025 04 10 08 00 00-2.421099925414e-04-5.934808200436e-11 0.000000000000e+00
     1.000000000000e+00 3.028593750000e+02 6.153827760199e-10-2.729370406399e+00
     1.019146293402e-05 3.010546090081e-03 1.610349863768e-05 6.493181510925e+03
     3.744000000000e+05-1.396983861923e-07-2.623181769273e+00-6.426125764847e-08
     1.078819356905e+00-2.094218750000e+02 3.128628040967e+00-1.716142912812e-09
     9.993273402806e-10 0.000000000000e+00 1.005000000000e+03 0.000000000000e+00
     2.000000000000e+00 0.000000000000e+00 1.130000000000e-08-7.000000000000e-10
     3.744000000000e+05 0.000000000000e+00                                      
C08 2025 04 10 09 00 00-2.423243131489e-04-5.944666980895e-11 0.000000000000e+00
     1.000000000000e+00 3.113125000000e+02 5.950247851707e-10-2.466640297926e+00
     1.031486317515e-05 3.009991021827e-03 1.610349863768e-05 6.493183391571e+03
     3.780000000000e+05-8.707866072655e-08-2.623188194409e+00-1.234002411366e-07
     1.078822715765e+00-2.093593750000e+02 3.128442405441e+00-1.742215427408e-09
     1.021471119801e-09 0.000000000000e+00 1.005000000000e+03 0.000000000000e+00
     2.000000000000e+00 0.000000000000e+00 1.130000000000e-08-7.000000000000e-10
     3.780000000000e+05 0.000000000000e+00                                      
C08 2025 04 10 10 00 00-2.425381680951e-04-5.941735992110e-11 0.000000000000e+00
     1.000000000000e+00 3.300156250000e+02 5.585946962827e-10-2.203526767403e+00
     1.082569360733e-05 3.009025356732e-03 1.639546826482e-05 6.493188110352e+03
     3.816000000000e+05-3.352761268616e-08-2.623194656118e+00-1.243315637112e-07
     1.078826277970e+00-2.199687500000e+02 3.127873201571e+00-1.754358790371e-09
     1.040043321979e-09 0.000000000000e+00 1.005000000000e+03 0.000000000000e+00
     2.000000000000e+00 0.000000000000e+00 1.130000000000e-08-7.000000000000e-10
     3.816000000000e+05 0.000000000000e+00                                      
C08 2025 04 10 11 00 00-2.427526051179e-04-5.949551962203e-11 0.000000000000e+00
     1.000000000000e+00 3.422656250000e+02 5.232360805973e-10-1.940287039715e+00
     1.120055094361e-05 3.008474130183e-03 1.701712608337e-05 6.493193323135e+03
     3.852000000000e+05-2.747401595116e-08-2.623201006645e+00-1.178123056889e-07
     1.078830006949e+00-2.401250000000e+02 3.127177016412e+00-1.755430263574e-09
     1.043614899321e-09 0.000000000000e+00 1.005000000000e+03 0.000000000000e+00
     2.000000000000e+00 0.000000000000e+00 1.130000000000e-08-7.000000000000e-10
     3.852000000000e+05 0.000000000000e+00                                      
C08 2025 04 10 12 00 00-2.429666928947e-04-5.948752601626e-11 0.000000000000e+00
     1.000000000000e+00 3.429218750000e+02 5.089497712294e-10-1.677309273841e+00
     1.121824607253e-05 3.008465631865e-03 1.750793308020e-05 6.493196475983e+03
     3.888000000000e+05-2.654269337654e-08-2.623207180160e+00-1.536682248116e-07
     1.078833787129e+00-2.543125000000e+02 3.126741782191e+00-1.755787421308e-09
     1.028971432219e-09 0.000000000000e+00 1.005000000000e+03 0.000000000000e+00
     2.000000000000e+00 0.000000000000e+00 1.130000000000e-08-7.000000000000e-10
     3.888000000000e+05 0.000000000000e+00                                      
C08 2025 04 10 13 00 00-2.431797329336e-04-5.933387114965e-11 0.000000000000e+00
     1.000000000000e+00 3.437656250000e+02 5.243075537999e-10-1.414793674510e+00
     1.120520755649e-05 3.008423722349e-03 1.755263656378e-05 6.493196268082e+03
     3.924000000000e+05 1.909211277962e-08-2.623213224937e+00-1.993030309677e-07
     1.078837491238e+00-2.536406250000e+02 3.126767993295e+00-1.763287733726e-09
     1.003613233091e-09 0.000000000000e+00 1.005000000000e+03 0.000000000000e+00
     2.000000000000e+00 0.000000000000e+00 1.130000000000e-08-7.000000000000e-10
     3.924000000000e+05 0.000000000000e+00                                      
C08 2025 04 10 14 00 00-2.433931222185e-04-5.930544944022e-11 0.000000000000e+00
     1.000000000000e+00 3.535000000000e+02 5.610948004220e-10-1.152547000483e+00
     1.143198460340e-05 3.007894149050e-03 1.742085441947e-05 6.493193775177e+03
     3.960000000000e+05 9.220093488693e-08-2.623219253623e+00-2.002343535423e-07
     1.078841041740e+00-2.479375000000e+02 3.127063055094e+00-1.780074147233e-09
     9.782550339631e-10 0.000000000000e+00 1.005000000000e+03 0.000000000000e+00
     2.000000000000e+00 0.000000000000e+00 1.130000000000e-08-7.000000000000e-10
     3.960000000000e+05 0.000000000000e+00                                      
C08 2025 04 10 15 00 00-2.436080249026e-04-5.949285508677e-11 0.000000000000e+00
     1.000000000000e+00 3.622343750000e+02 5.953819429049e-10-8.901929277886e-01
     1.159822568297e-05 3.007329651155e-03 1.741340383887e-05 6.493191850662e+03
     3.996000000000e+05 1.266598701477e-07-2.623225459321e+00-1.667067408562e-07
     1.078844466431e+00-2.476250000000e+02 3.127251262430e+00-1.795789087538e-09
     9.643258823294e-10 0.000000000000e+00 1.005000000000e+03 0.000000000000e+00
     2.000000000000e+00 0.000000000000e+00 1.130000000000e-08-7.000000000000e-10
     3.996000000000e+05 0.000000000000e+00                                      
C08 2025 04 10 16 00 00-2.438221126795e-04-5.947864423206e-11 0.000000000000e+00
     1.000000000000e+00 3.594218750000e+02 6.239545616406e-10-6.276019808616e-01
     1.141335815191e-05 3.007618710399e-03 1.729652285576e-05 6.493192632675e+03
     4.032000000000e+05 1.182779669762e-07-2.623231569930e+00-6.845220923424e-08
     1.078847621945e+00-2.456250000000e+02 3.127203069520e+00-1.835790753768e-09
     9.450393646828e-10 0.000000000000e+00 1.005000000000e+03 0.000000000000e+00
     2.000000000000e+00 0.000000000000e+00 1.130000000000e-08-7.000000000000e-10
     4.032000000000e+05 0.000000000000e+00                                      
C08 2025 04 10 17 00 00-2.440357347950e-04-5.942357717004e-11 0.000000000000e+00
     1.000000000000e+00 3.524531250000e+02 6.218116152354e-10-3.649536802314e-01
     1.113163307309e-05 3.008912084624e-03 1.679453998804e-05 6.493195856094e+03
     4.068000000000e+05 1.215375959873e-07-2.623238158913e+00-5.308538675308e-08
     1.078850993971e+00-2.331093750000e+02 3.127097838897e+00-1.839362331110e-09
     9.425392605435e-10 0.000000000000e+00 1.005000000000e+03 0.000000000000e+00
     2.000000000000e+00 0.000000000000e+00 1.130000000000e-08-7.000000000000e-10
     4.068000000000e+05 0.000000000000e+00                                      
C08 2025 04 10 18 00 00-2.442500554025e-04-5.946709791260e-11 0.000000000000e+00
     1.000000000000e+00 3.524531250000e+02 5.918103655629e-10-1.024178794643e-01
     1.113349571824e-05 3.010368789546e-03 1.611979678273e-05 6.493199390411e+03
     4.104000000000e+05 2.668239176273e-07-2.623244889799e+00-6.007030606270e-08
     1.078855055032e+00-2.174843750000e+02 3.127104754111e+00-1.771859519347e-09
     9.436107337461e-10 0.000000000000e+00 1.005000000000e+03 0.000000000000e+00
     2.000000000000e+00 0.000000000000e+00 1.130000000000e-08-7.000000000000e-10
     4.104000000000e+05 0.000000000000e+00                                      
C08 2025 04 10 19 00 00-2.444644924253e-04-5.950795411991e-11 0.000000000000e+00
     1.000000000000e+00 3.545156250000e+02 6.150256182857e-10 1.600883703575e-01
     1.129787415266e-05 3.010810003616e-03 1.581897959113e-05 6.493200498581e+03
     4.140000000000e+05 2.486631274223e-07-2.623251285677e+00-7.078051567078e-08
     1.078858361227e+00-2.131250000000e+02 3.127140455163e+00-1.781145620436e-09
     9.450393646828e-10 0.000000000000e+00 1.005000000000e+03 0.000000000000e+00
     2.000000000000e+00 0.000000000000e+00 1.130000000000e-08-7.000000000000e-10
     4.140000000000e+05 0.000000000000e+00                                      
C08 2025 04 10 20 00 00-2.446788130328e-04-5.953904036460e-11 0.000000000000e+00
     1.000000000000e+00 3.457187500000e+02 6.282404544509e-10 4.227899475384e-01
     1.114932820201e-05 3.010051441379e-03 1.588976010680e-05 6.493198335648e+03
     4.176000000000e+05 2.416782081127e-07-2.623257450414e+00 3.911554813385e-08
     1.078862185295e+00-2.175625000000e+02 3.126980448499e+00-1.737572376864e-09
     9.218241119601e-10 0.000000000000e+00 1.005000000000e+03 0.000000000000e+00
     2.000000000000e+00 0.000000000000e+00 1.130000000000e-08-7.000000000000e-10
     4.176000000000e+05 0.000000000000e+00                                      
C08 2025 04 10 21 00 00-2.448938321322e-04-5.962697002815e-11 0.000000000000e+00
     1.000000000000e+00 3.279375000000e+02 6.528843381104e-10 6.857268116856e-01
     1.070462167263e-05 3.008928149939e-03 1.587765291333e-05 6.493194393158e+03
     4.212000000000e+05 1.657754182816e-07-2.623263369380e+00 1.136213541031e-07
     1.078865816257e+00-2.170625000000e+02 3.126585326029e+00-1.702570918913e-09
     8.911085468192e-10 0.000000000000e+00 1.005000000000e+03 0.000000000000e+00
     2.000000000000e+00 0.000000000000e+00 1.130000000000e-08-7.000000000000e-10
     4.212000000000e+05 0.000000000000e+00                                      
C08 2025 04 10 22 00 00-2.451085019857e-04-5.962697002815e-11 0.000000000000e+00
     2.000000000000e+00 3.159062500000e+02 6.775282217700e-10 9.486422601750e-01
     1.040007919073e-05 3.008308005519e-03 1.569883897901e-05 6.493191299438e+03
     4.248000000000e+05 1.015141606331e-07-2.623269264940e+00 1.140870153904e-07
     1.078869156099e+00-2.099531250000e+02 3.126212322880e+00-1.687927451811e-09
     8.686076095649e-10 0.000000000000e+00 1.005000000000e+03 0.000000000000e+00
     2.000000000000e+00 0.000000000000e+00 1.130000000000e-08-7.000000000000e-10
     4.248000000000e+05 1.000000000000e+00                                      
C08 2025 04 10 23 00 00-2.453211927786e-04-5.948219694574e-11-2.710505431214e-19
     3.000000000000e+00 3.155000000000e+02 6.839570609855e-10 1.211182023987e+00
     1.041498035192e-05 3.008288680576e-03 1.575145870447e-05 6.493191310883e+03
     4.284000000000e+05 9.406358003616e-08-2.623275306792e+00 1.094304025173e-07
     1.078872292596e+00-2.101875000000e+02 3.126215795848e+00-1.686498820874e-09
     8.653931899571e-10 0.000000000000e+00 1.005000000000e+03 0.000000000000e+00
     2.000000000000e+00 0.000000000000e+00 1.130000000000e-08-7.000000000000e-10
     4.284000000000e+05 2.000000000000e+00                                      
C09 2025 04 10 00 00 00-6.323787383735e-04 3.749178745238e-11 0.000000000000e+00
     1.000000000000e+00-4.673437500000e+01 8.064621638148e-10-1.901675717661e+00
    -2.249609678984e-06 1.400756568182e-02 2.677692100406e-05 6.493023994446e+03
     3.456000000000e+05 9.965151548386e-08-4.355936011362e-01-1.173466444016e-07
     9.531386881093e-01-5.739218750000e+02-2.266008769527e+00-1.648997258783e-09
    -3.496574217780e-10 0.000000000000e+00 1.005000000000e+03 0.000000000000e+00
     2.000000000000e+00 0.000000000000e+00 6.900000000000e-09 3.800000000000e-09
     3.456000000000e+05 0.000000000000e+00                                      
C09 2025 04 10 01 00 00-6.322435801849e-04 3.752553823233e-11 0.000000000000e+00
     1.000000000000e+00-8.367187500000e+01 8.007476400676e-10-1.638861826408e+00
    -3.461260348558e-06 1.400766475126e-02 2.648448571563e-05 6.493032434464e+03
     3.492000000000e+05 8.754432201385e-08-4.355987681629e-01 6.286427378654e-08
     9.531369955131e-01-5.654687500000e+02-2.266258615454e+00-1.720785963357e-09
    -3.800158291846e-10 0.000000000000e+00 1.005000000000e+03 0.000000000000e+00
     2.000000000000e+00 0.000000000000e+00 6.900000000000e-09 3.800000000000e-09
     3.492000000000e+05 0.000000000000e+00                                      
C09 2025 04 10 02 00 00-6.321081891656e-04 3.755928901228e-11 0.000000000000e+00
     1.000000000000e+00-1.264218750000e+02 7.364592479123e-10-1.375934057222e+00
    -4.775822162628e-06 1.400914054830e-02 2.527981996536e-05 6.493045316696e+03
     3.528000000000e+05-4.936009645462e-08-4.356046871294e-01 8.428469300270e-08
     9.531353277865e-01-5.273281250000e+02-2.266622893759e+00-1.759358998650e-09
    -3.753727786401e-10 0.000000000000e+00 1.005000000000e+03 0.000000000000e+00
     2.000000000000e+00 0.000000000000e+00 6.900000000000e-09 3.800000000000e-09
     3.528000000000e+05 0.000000000000e+00                                      
C09 2025 04 10 03 00 00-6.319734966382e-04 3.749001109554e-11 0.000000000000e+00
     1.000000000000e+00-1.395156250000e+02 6.857428496565e-10-1.113135377391e+00
    -5.178619176149e-06 1.401114230976e-02 2.400763332844e-05 6.493054771423e+03
     3.564000000000e+05-1.080334186554e-07-4.356109762142e-01 8.847564458847e-09
     9.531338560909e-01-4.878906250000e+02-2.266859949393e+00-1.771502361613e-09
    -3.643008888800e-10 0.000000000000e+00 1.005000000000e+03 0.000000000000e+00
     2.000000000000e+00 0.000000000000e+00 6.900000000000e-09 3.800000000000e-09
     3.564000000000e+05 0.000000000000e+00                                      
C09 2025 04 10 04 00 00-6.318385712802e-04 3.748468202502e-11 0.000000000000e+00
     1.000000000000e+00-1.371406250000e+02 6.300262431219e-10-8.505054276049e-01
    -5.089677870274e-06 1.401212404016e-02 2.352707087994e-05 6.493058176041e+03
     3.600000000000e+05 2.002343535423e-08-4.356173501483e-01 2.514570951462e-08
     9.531331290206e-01-4.734218750000e+02-2.266929936857e+00-1.706499653989e-09
    -3.671581507536e-10 0.000000000000e+00 1.005000000000e+03 0.000000000000e+00
     2.000000000000e+00 0.000000000000e+00 6.900000000000e-09 3.800000000000e-09
     3.600000000000e+05 0.000000000000e+00                                      
C09 2025 04 10 05 00 00-6.317028310150e-04 3.759392797065e-11 0.000000000000e+00
     1.000000000000e+00-1.596562500000e+02 6.943146352772e-10-5.880406090860e-01
    -5.679205060005e-06 1.400951738469e-02 2.408865839243e-05 6.493051008224e+03
     3.636000000000e+05 2.840533852577e-08-4.356234607571e-01 4.004687070847e-08
     9.531318796886e-01-4.950000000000e+02-2.266836103828e+00-1.697927868368e-09
    -3.696582548929e-10 0.000000000000e+00 1.005000000000e+03 0.000000000000e+00
     2.000000000000e+00 0.000000000000e+00 6.900000000000e-09 3.800000000000e-09
     3.636000000000e+05 0.000000000000e+00                                      
C09 2025 04 10 06 00 00-6.315688369796e-04 3.743050314142e-11 0.000000000000e+00
     1.000000000000e+00-2.040312500000e+02 7.975332204599e-10-3.255454262394e-01
    -6.878282874823e-06 1.400531292893e-02 2.439087256789e-05 6.493040426254e+03
     3.672000000000e+05 2.887099981308e-08-4.356296649927e-01 1.024454832077e-08
     9.531304504176e-01-5.062343750000e+02-2.266771653509e+00-1.710428389065e-09
    -3.639437311458e-10 0.000000000000e+00 1.005000000000e+03 0.000000000000e+00
     2.000000000000e+00 0.000000000000e+00 6.900000000000e-09 3.800000000000e-09
     3.672000000000e+05 0.000000000000e+00                                      
C09 2025 04 10 07 00 00-6.314340280369e-04 3.742961496300e-11 0.000000000000e+00
     1.000000000000e+00-2.447656250000e+02 8.936086509586e-10-6.296886272303e-02
    -7.900409400463e-06 1.400132477283e-02 2.409191802144e-05 6.493030590057e+03
     3.708000000000e+05 3.259629011154e-09-4.356357229365e-01 1.769512891769e-08
     9.531292113260e-01-4.942187500000e+02-2.266786993668e+00-1.702570918913e-09
    -3.728726745007e-10 0.000000000000e+00 1.005000000000e+03 0.000000000000e+00
     2.000000000000e+00 0.000000000000e+00 6.900000000000e-09 3.800000000000e-09
     3.708000000000e+05 0.000000000000e+00                                      
C09 2025 04 10 08 00 00-6.312993355095e-04 3.742961496300e-11 0.000000000000e+00
     2.000000000000e+00-2.499843750000e+02 9.300387398466e-10 1.996024298995e-01
    -7.906928658485e-06 1.400077005383e-02 2.414500340819e-05 6.493029212952e+03
     3.744000000000e+05-2.374872565269e-08-4.356417165118e-01-2.328306436539e-09
     9.531279283468e-01-4.907812500000e+02-2.266794893426e+00-1.697213552900e-09
    -3.864446684002e-10 0.000000000000e+00 1.005000000000e+03 0.000000000000e+00
     2.000000000000e+00 0.000000000000e+00 6.900000000000e-09 3.800000000000e-09
     3.744000000000e+05 1.000000000000e+00                                      
C09 2025 04 10 09 00 00-6.311645265669e-04 3.747135934873e-11 1.490777987168e-19
     3.000000000000e+00-2.423437500000e+02 8.628930858177e-10 4.619744233405e-01
    -7.637776434422e-06 1.400459231809e-02 2.574361860752e-05 6.493040699005e+03
     3.780000000000e+05-2.235174179077e-08-4.356478256577e-01-4.656612873077e-09
     9.531265400376e-01-5.400781250000e+02-2.266602168598e+00-1.697570710634e-09
    -3.868018261344e-10 0.000000000000e+00 1.005000000000e+03 0.000000000000e+00
     2.000000000000e+00 0.000000000000e+00 6.900000000000e-09 3.800000000000e-09
     3.780000000000e+05 2.000000000000e+00                                      
C09 2025 04 10 10 00 00-6.310297176242e-04 3.747224752715e-11 1.490777987168e-19
     4.000000000000e+00-2.753437500000e+02 7.018149476953e-10 7.240683526275e-01
    -8.596573024988e-06 1.401011692360e-02 2.831220626831e-05 6.493061704636e+03
     3.816000000000e+05-6.007030606270e-08-4.356541162055e-01 1.117587089539e-08
     9.531251180812e-01-6.260000000000e+02-2.266132194462e+00-1.690427555950e-09
    -3.728726745007e-10 0.000000000000e+00 1.005000000000e+03 0.000000000000e+00
     2.000000000000e+00 0.000000000000e+00 6.900000000000e-09 3.800000000000e-09
     3.816000000000e+05 3.000000000000e+00                                      
C09 2025 04 10 11 00 00-6.308947922662e-04 3.747402388399e-11 1.490777987168e-19
     5.000000000000e+00-3.468281250000e+02 5.243075537999e-10 9.860772410237e-01
    -1.059565693140e-05 1.401374943089e-02 2.996437251568e-05 6.493082475662e+03
     3.852000000000e+05-5.587935447693e-08-4.356601814638e-01-3.492459654808e-08
     9.531237458640e-01-6.840468750000e+02-2.265580472463e+00-1.687213136342e-09
    -3.810873023872e-10 0.000000000000e+00 1.005000000000e+03 0.000000000000e+00
     2.000000000000e+00 0.000000000000e+00 6.900000000000e-09 3.800000000000e-09
     3.852000000000e+05 4.000000000000e+00                                      
C09 2025 04 10 12 00 00-6.307598669082e-04 3.747491206241e-11 1.490777987168e-19
     6.000000000000e+00-3.817500000000e+02 4.628764235181e-10 1.248404318491e+00
    -1.145014539361e-05 1.401441497728e-02 3.015808761120e-05 6.493090404510e+03
     3.888000000000e+05 4.796311259270e-08-4.356656586291e-01 3.306195139885e-08
     9.531221585979e-01-6.915156250000e+02-2.265351511155e+00-1.728286275775e-09
    -4.203746531488e-10 0.000000000000e+00 1.005000000000e+03 0.000000000000e+00
     2.000000000000e+00 0.000000000000e+00 6.900000000000e-09 3.800000000000e-09
     3.888000000000e+05 5.000000000000e+00                                      
C09 2025 04 10 13 00 00-6.306221475825e-04 3.778488633088e-11 0.000000000000e+00
     6.000000000000e+00-3.440000000000e+02 5.553802766749e-10 1.511228062498e+00
    -1.019705086946e-05 1.401485898532e-02 3.070477396250e-05 6.493081249237e+03
     3.924000000000e+05-2.235174179077e-08-4.356711738303e-01 2.002343535423e-07
     9.531201734181e-01-7.090156250000e+02-2.265621783807e+00-1.798646349411e-09
    -4.439470636057e-10 0.000000000000e+00 1.005000000000e+03 0.000000000000e+00
     2.000000000000e+00 0.000000000000e+00 6.900000000000e-09 3.800000000000e-09
     3.924000000000e+05 0.000000000000e+00                                      
C09 2025 04 10 14 00 00-6.304889684543e-04 3.732392173106e-11 0.000000000000e+00
     1.000000000000e+00-2.884062500000e+02 7.057436827715e-10 1.774335763292e+00
    -8.521135896444e-06 1.401776378043e-02 3.282120451331e-05 6.493061464310e+03
     3.960000000000e+05-1.527369022369e-07-4.356776413911e-01 1.015141606331e-07
     9.531185612824e-01-7.810000000000e+02-2.266174942391e+00-1.800074980348e-09
    -4.214461263514e-10 0.000000000000e+00 1.005000000000e+03 0.000000000000e+00
     2.000000000000e+00 0.000000000000e+00 6.900000000000e-09 3.800000000000e-09
     3.960000000000e+05 0.000000000000e+00                                      
C09 2025 04 10 15 00 00-6.303561385721e-04 3.711075891033e-11 0.000000000000e+00
     1.000000000000e+00-2.746562500000e+02 7.975332204599e-10 2.037323525285e+00
    -8.116476237774e-06 1.402192376554e-02 3.507081419230e-05 6.493044057846e+03
     3.996000000000e+05 9.778887033463e-09-4.356843927580e-01-5.727633833885e-08
     9.531179015063e-01-8.607343750000e+02-2.266604734557e+00-1.704356707584e-09
    -3.993023468312e-10 0.000000000000e+00 1.005000000000e+03 0.000000000000e+00
     2.000000000000e+00 0.000000000000e+00 6.900000000000e-09 3.800000000000e-09
     3.996000000000e+05 0.000000000000e+00                                      
C09 2025 04 10 16 00 00-6.302224937826e-04 3.710276530455e-11 0.000000000000e+00
     1.000000000000e+00-2.709375000000e+02 7.653890243822e-10 2.299873921586e+00
    -8.017756044865e-06 1.402157021221e-02 3.498326987028e-05 6.493044935226e+03
     4.032000000000e+05 8.707866072655e-08-4.356904975152e-01-2.188608050346e-08
     9.531168584457e-01-8.576718750000e+02-2.266593402793e+00-1.662569252683e-09
    -4.039453973758e-10 0.000000000000e+00 1.005000000000e+03 0.000000000000e+00
     2.000000000000e+00 0.000000000000e+00 6.900000000000e-09 3.800000000000e-09
     4.032000000000e+05 0.000000000000e+00                                      
C09 2025 04 10 17 00 00-6.300861714408e-04 3.745803667243e-11 0.000000000000e+00
     1.000000000000e+00-2.161093750000e+02 6.214544575012e-10 2.562244096620e+00
    -6.490852683783e-06 1.401581044775e-02 3.371294587851e-05 6.493059926987e+03
     4.068000000000e+05 5.913898348808e-08-4.356963784459e-01 4.936009645462e-08
     9.531156442237e-01-8.125468750000e+02-2.266401147562e+00-1.639353999960e-09
    -4.189460222120e-10 0.000000000000e+00 1.005000000000e+03 0.000000000000e+00
     2.000000000000e+00 0.000000000000e+00 6.900000000000e-09 3.800000000000e-09
     4.068000000000e+05 0.000000000000e+00                                      
C09 2025 04 10 18 00 00-6.299519445747e-04 3.737632425782e-11 0.000000000000e+00
     1.000000000000e+00-1.267187500000e+02 4.275178078327e-10 2.824692486569e+00
    -4.134606570005e-06 1.400780421682e-02 3.321934491396e-05 6.493079120636e+03
     4.104000000000e+05 2.468004822731e-08-4.357021759902e-01 7.450580596924e-08
     9.531142603032e-01-7.940468750000e+02-2.266289243107e+00-1.627210636997e-09
    -4.300179119721e-10 0.000000000000e+00 1.005000000000e+03 0.000000000000e+00
     2.000000000000e+00 0.000000000000e+00 6.900000000000e-09 3.800000000000e-09
     4.104000000000e+05 0.000000000000e+00                                      
C09 2025 04 10 19 00 00-6.298170192167e-04 3.743494403352e-11 0.000000000000e+00
     1.000000000000e+00-9.356250000000e+01 3.278707999920e-10 3.087257079026e+00
    -3.398396074772e-06 1.400475960691e-02 3.340607509017e-05 6.493086275101e+03
     4.140000000000e+05-3.911554813385e-08-4.357077950586e-01 8.940696716309e-08
     9.531128749198e-01-8.026562500000e+02-2.266297602220e+00-1.609352750288e-09
    -4.514473760239e-10 0.000000000000e+00 1.005000000000e+03 0.000000000000e+00
     2.000000000000e+00 0.000000000000e+00 6.900000000000e-09 3.800000000000e-09
     4.140000000000e+05 0.000000000000e+00                                      
C09 2025 04 10 20 00 00-6.296822102740e-04 3.744382581772e-11 0.000000000000e+00
     1.000000000000e+00-1.175000000000e+02 3.557291032593e-10-2.933452145165e+00
    -4.226341843605e-06 1.400785462465e-02 3.246637061238e-05 6.493078536987e+03
     4.176000000000e+05-1.131556928158e-07-4.357132415026e-01 3.911554813385e-08
     9.531114046871e-01-7.750156250000e+02-2.266219729628e+00-1.596137914122e-09
    -4.843058875699e-10 0.000000000000e+00 1.005000000000e+03 0.000000000000e+00
     2.000000000000e+00 0.000000000000e+00 6.900000000000e-09 3.800000000000e-09
     4.176000000000e+05 0.000000000000e+00                                      
C09 2025 04 10 21 00 00-6.295470520854e-04 3.749267563080e-11 0.000000000000e+00
     1.000000000000e+00-1.389531250000e+02 4.939491463932e-10-2.671208484750e+00
    -4.859175533056e-06 1.401453907602e-02 2.988101914525e-05 6.493059690475e+03
     4.212000000000e+05-1.243315637112e-07-4.357187610925e-01-1.536682248116e-08
     9.531097237943e-01-6.888593750000e+02-2.265908988273e+00-1.594709283186e-09
    -5.050210361533e-10 0.000000000000e+00 1.005000000000e+03 0.000000000000e+00
     2.000000000000e+00 0.000000000000e+00 6.900000000000e-09 3.800000000000e-09
     4.212000000000e+05 0.000000000000e+00                                      
C09 2025 04 10 22 00 00-6.294124759734e-04 3.744471399614e-11 0.000000000000e+00
     2.000000000000e+00-1.156718750000e+02 6.593131773260e-10-2.409099028050e+00
    -4.165805876255e-06 1.402033353224e-02 2.724165096879e-05 6.493039434433e+03
     4.248000000000e+05-1.178123056889e-07-4.357242821453e-01-7.171183824539e-08
     9.531079053871e-01-5.970468750000e+02-2.265461231474e+00-1.595780756388e-09
    -5.260933424708e-10 0.000000000000e+00 1.005000000000e+03 0.000000000000e+00
     2.000000000000e+00 0.000000000000e+00 6.900000000000e-09 3.800000000000e-09
     4.248000000000e+05 0.000000000000e+00                                      
C09 2025 04 10 23 00 00-6.292780162767e-04 3.739231146938e-11 0.000000000000e+00
     1.000000000000e+00-7.662500000000e+01 7.807468069526e-10-2.146865776297e+00
    -3.078486770391e-06 1.402282726485e-02 2.607936039567e-05 6.493026992798e+03
     4.284000000000e+05-2.095475792885e-08-4.357295150033e-01-1.359730958939e-07
     9.531059465398e-01-5.544531250000e+02-2.265133871369e+00-1.614352958566e-09
    -5.689522705744e-10 0.000000000000e+00 1.005000000000e+03 0.000000000000e+00
     2.000000000000e+00 0.000000000000e+00 6.900000000000e-09 3.800000000000e-09
     4.284000000000e+05 0.000000000000e+00                                      
C10 2025 04 10 00 00 00-5.542263388634e-04-2.222577677458e-11 0.000000000000e+00
     1.000000000000e+00-1.002500000000e+02 2.369027250923e-09 2.765178591622e+00
    -3.076624125242e-06 1.011061354075e-02-7.271766662598e-06 6.493588602066e+03
     3.456000000000e+05-1.406297087669e-07 1.437274125974e+00-7.357448339462e-08
     8.453043676227e-01 4.297187500000e+02-2.464795065225e+00-3.048698419098e-09
    -2.117945363783e-10 0.000000000000e+00 1.005000000000e+03 0.000000000000e+00
     2.000000000000e+00 0.000000000000e+00 6.100000000000e-09 3.000000000000e-09
     3.456000000000e+05 0.000000000000e+00                                      
C10 2025 04 10 01 00 00-5.543061997741e-04-2.220357231408e-11 0.000000000000e+00
     1.000000000000e+00-8.106250000000e+01 2.346526313668e-09 3.027679677343e+00
    -2.562534064054e-06 1.010881119873e-02-7.385388016701e-06 6.493592899323e+03
     3.492000000000e+05-1.103617250919e-07 1.437262939039e+00-1.313164830208e-07
     8.453033918564e-01 4.341093750000e+02-2.464794579536e+00-3.075128091428e-09
    -1.957224383395e-10 0.000000000000e+00 1.005000000000e+03 0.000000000000e+00
     2.000000000000e+00 0.000000000000e+00 6.100000000000e-09 3.000000000000e-09
     3.492000000000e+05 0.000000000000e+00                                      
C10 2025 04 10 02 00 00-5.543846637011e-04-2.202060755963e-11 0.000000000000e+00
     1.000000000000e+00-7.759375000000e+01 2.347240629137e-09-2.992998837272e+00
    -2.499204128981e-06 1.010848081205e-02-7.379334419966e-06 6.493593715668e+03
     3.528000000000e+05-5.401670932770e-08 1.437251627756e+00-1.518055796623e-07
     8.453025492156e-01 4.336875000000e+02-2.464800650646e+00-3.093700293606e-09
    -1.764359206929e-10 0.000000000000e+00 1.005000000000e+03 0.000000000000e+00
     2.000000000000e+00 0.000000000000e+00 6.100000000000e-09 3.000000000000e-09
     3.528000000000e+05 0.000000000000e+00                                      
C10 2025 04 10 03 00 00-5.544639425352e-04-2.201971938121e-11 0.000000000000e+00
     1.000000000000e+00-8.167187500000e+01 2.353669468352e-09-2.730524514175e+00
    -2.674292773008e-06 1.010893809143e-02-7.569789886475e-06 6.493592477798e+03
     3.564000000000e+05 0.000000000000e+00 1.437240234550e+00-1.322478055954e-07
     8.453018236082e-01 4.381718750000e+02-2.464774423451e+00-3.105843656569e-09
    -1.557207721095e-10 0.000000000000e+00 1.005000000000e+03 0.000000000000e+00
     2.000000000000e+00 0.000000000000e+00 6.100000000000e-09 3.000000000000e-09
     3.564000000000e+05 0.000000000000e+00                                      
C10 2025 04 10 04 00 00-5.545443855226e-04-2.217337424781e-11 0.000000000000e+00
     2.000000000000e+00-8.457812500000e+01 2.364384200378e-09-2.468111891110e+00
    -2.784654498100e-06 1.010981784202e-02-8.074101060629e-06 6.493589498520e+03
     3.600000000000e+05 2.328306436539e-08 1.437228795994e+00-8.242204785347e-08
     8.453012164972e-01 4.515781250000e+02-2.464686449409e+00-3.109772391645e-09
    -1.339341503235e-10 0.000000000000e+00 1.005000000000e+03 0.000000000000e+00
     2.000000000000e+00 0.000000000000e+00 6.100000000000e-09 3.000000000000e-09
     3.600000000000e+05 0.000000000000e+00                                      
C10 2025 04 10 05 00 00-5.546252941713e-04-2.230482465393e-11 0.000000000000e+00
     1.000000000000e+00-7.850000000000e+01 2.394385450051e-09-2.205798829861e+00
    -2.576969563961e-06 1.011097442824e-02-8.839182555676e-06 6.493584197998e+03
     3.636000000000e+05 1.490116119385e-08 1.437217562246e+00-7.962808012962e-08
     8.453007249567e-01 4.753125000000e+02-2.464498748242e+00-3.108343760709e-09
    -1.314340461842e-10 0.000000000000e+00 1.005000000000e+03 0.000000000000e+00
     2.000000000000e+00 0.000000000000e+00 6.100000000000e-09 3.000000000000e-09
     3.636000000000e+05 0.000000000000e+00                                      
C10 2025 04 10 06 00 00-5.547058535740e-04-2.233324636336e-11 0.000000000000e+00
     1.000000000000e+00-6.517187500000e+01 2.419386491444e-09-1.943460796600e+00
    -2.122949808836e-06 1.011144858785e-02-9.282957762480e-06 6.493580074310e+03
     3.672000000000e+05 4.982575774193e-08 1.437206574268e+00-1.145526766777e-07
     8.453002173241e-01 4.886093750000e+02-2.464335379792e+00-3.114415442190e-09
    -1.485776174256e-10 0.000000000000e+00 1.005000000000e+03 0.000000000000e+00
     2.000000000000e+00 0.000000000000e+00 6.100000000000e-09 3.000000000000e-09
     3.672000000000e+05 0.000000000000e+00                                      
C10 2025 04 10 07 00 00-5.547860637307e-04-2.230748918919e-11 0.000000000000e+00
     1.000000000000e+00-4.968750000000e+01 2.466531312358e-09-1.681103366509e+00
    -1.670327037573e-06 1.011146709789e-02-9.400304406881e-06 6.493576555252e+03
     3.708000000000e+05 1.406297087669e-07 1.437195824746e+00-8.800998330116e-08
     8.452995356043e-01 4.926718750000e+02-2.464190989777e+00-3.144416691862e-09
    -1.796503403006e-10 0.000000000000e+00 1.005000000000e+03 0.000000000000e+00
     2.000000000000e+00 0.000000000000e+00 6.100000000000e-09 3.000000000000e-09
     3.708000000000e+05 0.000000000000e+00                                      
C10 2025 04 10 08 00 00-5.548662738875e-04-2.230216011867e-11 0.000000000000e+00
     1.000000000000e+00-3.807812500000e+01 2.546177487084e-09-1.418706627808e+00
    -1.441687345505e-06 1.011119666509e-02-9.345356374979e-06 6.493573883057e+03
     3.744000000000e+05 1.792795956135e-07 1.437185183480e+00 5.122274160385e-08
     8.452984925437e-01 4.896718750000e+02-2.464085427072e+00-3.209419399486e-09
    -2.132231673151e-10 0.000000000000e+00 1.005000000000e+03 0.000000000000e+00
     2.000000000000e+00 0.000000000000e+00 6.100000000000e-09 3.000000000000e-09
     3.744000000000e+05 0.000000000000e+00                                      
C10 2025 04 10 09 00 00-5.549470661208e-04-2.238209617644e-11 0.000000000000e+00
     1.000000000000e+00-3.662500000000e+01 2.623680715404e-09-1.156217845228e+00
    -1.518521457911e-06 1.011111692060e-02-9.444076567888e-06 6.493573471069e+03
     3.780000000000e+05 8.381903171539e-08 1.437174144300e+00 1.657754182816e-07
     8.452971642141e-01 4.885625000000e+02-2.464071058290e+00-3.285851154604e-09
    -2.300095808223e-10 0.000000000000e+00 1.005000000000e+03 0.000000000000e+00
     2.000000000000e+00 0.000000000000e+00 6.100000000000e-09 3.000000000000e-09
     3.780000000000e+05 0.000000000000e+00                                      
C10 2025 04 10 10 00 00-5.550291389227e-04-2.257305453668e-11 0.000000000000e+00
     1.000000000000e+00-3.745312500000e+01 2.681897426078e-09-8.936867623723e-01
    -1.585111021996e-06 1.011138921604e-02-9.766314178705e-06 6.493574407578e+03
     3.816000000000e+05-2.840533852577e-08 1.437162496547e+00 1.578591763973e-07
     8.452958622170e-01 4.927031250000e+02-2.464098362193e+00-3.343710707544e-09
    -2.285809498855e-10 0.000000000000e+00 1.005000000000e+03 0.000000000000e+00
     2.000000000000e+00 0.000000000000e+00 6.100000000000e-09 3.000000000000e-09
     3.816000000000e+05 0.000000000000e+00                                      
C10 2025 04 10 11 00 00-5.551106296480e-04-2.260858167347e-11 0.000000000000e+00
     1.000000000000e+00-3.410937500000e+01 2.704041205599e-09-6.311312487841e-01
    -1.436099410057e-06 1.011228596326e-02-1.023104414344e-05 6.493576934814e+03
     3.852000000000e+05-6.565824151039e-08 1.437150449416e+00 1.043081283569e-07
     8.452947796576e-01 5.033750000000e+02-2.464149758894e+00-3.373711957216e-09
    -2.207234797332e-10 0.000000000000e+00 1.005000000000e+03 0.000000000000e+00
     2.000000000000e+00 0.000000000000e+00 6.100000000000e-09 3.000000000000e-09
     3.852000000000e+05 0.000000000000e+00                                      
C10 2025 04 10 12 00 00-5.551920039579e-04-2.260946985189e-11 0.000000000000e+00
     2.000000000000e+00-3.146875000000e+01 2.727970773790e-09-3.686180676564e-01
    -1.247506588697e-06 1.011261623353e-02-1.040240749717e-05 6.493577775955e+03
     3.888000000000e+05-6.426125764847e-08 1.437138236976e+00 6.752088665962e-08
     8.452938448530e-01 5.059218750000e+02-2.464159131810e+00-3.389784055255e-09
    -2.132231673151e-10 0.000000000000e+00 1.005000000000e+03 0.000000000000e+00
     2.000000000000e+00 0.000000000000e+00 6.100000000000e-09 3.000000000000e-09
     3.888000000000e+05 0.000000000000e+00                                      
C10 2025 04 10 13 00 00-5.552722141147e-04-2.245492680686e-11 0.000000000000e+00
     1.000000000000e+00-2.754687500000e+01 2.740471294487e-09-1.061158496368e-01
    -1.060776412487e-06 1.011297735386e-02-1.043127849698e-05 6.493578655243e+03
     3.924000000000e+05-4.703179001808e-08 1.437125923595e+00 3.911554813385e-08
     8.452929700280e-01 5.063437500000e+02-2.464157474324e+00-3.404070364623e-09
    -2.042942239602e-10 0.000000000000e+00 1.005000000000e+03 0.000000000000e+00
     2.000000000000e+00 0.000000000000e+00 6.100000000000e-09 3.000000000000e-09
     3.924000000000e+05 0.000000000000e+00                                      
C10 2025 04 10 14 00 00-5.553512601182e-04-2.223021766667e-11 0.000000000000e+00
     1.000000000000e+00-2.951562500000e+01 2.762257916273e-09 1.563971325340e-01
    -1.050531864166e-06 1.011276606005e-02-1.044571399689e-05 6.493578092575e+03
     3.960000000000e+05-1.536682248116e-08 1.437113528290e+00 2.793967723846e-08
     8.452921522568e-01 5.078125000000e+02-2.464166788723e+00-3.415142254383e-09
    -1.928651764659e-10 0.000000000000e+00 1.005000000000e+03 0.000000000000e+00
     2.000000000000e+00 0.000000000000e+00 6.100000000000e-09 3.000000000000e-09
     3.960000000000e+05 0.000000000000e+00                                      
C10 2025 04 10 15 00 00-5.554317031056e-04-2.227995565818e-11 0.000000000000e+00
     1.000000000000e+00-2.939062500000e+01 2.775115594704e-09 4.188973448930e-01
    -1.003034412861e-06 1.011280191597e-02-1.037865877151e-05 6.493578220367e+03
     3.996000000000e+05 1.629814505577e-08 1.437101074468e+00 4.377216100693e-08
     8.452914047056e-01 5.072656250000e+02-2.464163056819e+00-3.422285409067e-09
    -1.796503403006e-10 0.000000000000e+00 1.005000000000e+03 0.000000000000e+00
     2.000000000000e+00 0.000000000000e+00 6.100000000000e-09 3.000000000000e-09
     3.996000000000e+05 0.000000000000e+00                                      
C10 2025 04 10 16 00 00-5.555119132623e-04-2.227995565818e-11 0.000000000000e+00
     2.000000000000e+00-2.934375000000e+01 2.785116011261e-09 6.813947733188e-01
    -9.885989129543e-07 1.011285639834e-02-1.028040423989e-05 6.493578430176e+03
     4.032000000000e+05 2.700835466385e-08 1.437088519705e+00 9.220093488693e-08
     8.452907142083e-01 5.064062500000e+02-2.464156464911e+00-3.424428355472e-09
    -1.589351917173e-10 0.000000000000e+00 1.005000000000e+03 0.000000000000e+00
     2.000000000000e+00 0.000000000000e+00 6.100000000000e-09 3.000000000000e-09
     4.032000000000e+05 1.000000000000e+00                                      
C10 2025 04 10 17 00 00-5.555916577578e-04-2.233502272020e-11-1.626303258728e-19
     3.000000000000e+00-2.981250000000e+01 2.782973064856e-09 9.438859960461e-01
    -1.022126525640e-06 1.011293020565e-02-1.018773764372e-05 6.493578792572e+03
     4.068000000000e+05-2.840533852577e-08 1.437075720635e+00 1.685693860054e-07
     8.452901217265e-01 5.049375000000e+02-2.464143501993e+00-3.414070781180e-09
    -1.210764718925e-10 0.000000000000e+00 1.005000000000e+03 0.000000000000e+00
     2.000000000000e+00 0.000000000000e+00 6.100000000000e-09 3.000000000000e-09
     4.068000000000e+05 2.000000000000e+00                                      
C10 2025 04 10 18 00 00-5.556721007451e-04-2.233591089862e-11-1.626303258728e-19
     4.000000000000e+00-3.432812500000e+01 2.753686130652e-09 1.206338831803e+00
    -1.132022589445e-06 1.011305302382e-02-1.010112464428e-05 6.493580078125e+03
     4.104000000000e+05-1.266598701477e-07 1.437062915713e+00 1.899898052216e-07
     8.452897545340e-01 5.014062500000e+02-2.464092087738e+00-3.390498370723e-09
    -8.393206753608e-11 0.000000000000e+00 1.005000000000e+03 0.000000000000e+00
     2.000000000000e+00 0.000000000000e+00 6.100000000000e-09 3.000000000000e-09
     4.104000000000e+05 3.000000000000e+00                                      
C10 2025 04 10 19 00 00-5.557523109019e-04-2.232880547126e-11-1.084202172486e-19
     4.000000000000e+00-3.032812500000e+01 2.734042455271e-09 1.468878836997e+00
    -9.648501873016e-07 1.011308003217e-02-1.012021675706e-05 6.493579185486e+03
     4.140000000000e+05-2.104789018631e-07 1.437050276101e+00 1.513399183750e-07
     8.452896053164e-01 5.017656250000e+02-2.464128324218e+00-3.360497121051e-09
    -5.500229106620e-11 0.000000000000e+00 1.005000000000e+03 0.000000000000e+00
     2.000000000000e+00 0.000000000000e+00 6.100000000000e-09 3.000000000000e-09
     4.140000000000e+05 0.000000000000e+00                                      
C10 2025 04 10 20 00 00-5.558318225667e-04-2.232436457916e-11 0.000000000000e+00
     5.000000000000e+00-3.325000000000e+01 2.674397113660e-09 1.731355303269e+00
    -9.075738489628e-07 1.011298550293e-02-1.010857522488e-05 6.493579874039e+03
     4.176000000000e+05-2.644956111908e-07 1.437037675987e+00 4.004687070847e-08
     8.452897369790e-01 5.033593750000e+02-2.464100774545e+00-3.310852195998e-09
    -2.464388365953e-11 0.000000000000e+00 1.005000000000e+03 0.000000000000e+00
     2.000000000000e+00 0.000000000000e+00 6.100000000000e-09 3.000000000000e-09
     4.176000000000e+05 0.000000000000e+00                                      
C10 2025 04 10 21 00 00-5.559137789533e-04-2.253042197253e-11 0.000000000000e+00
     1.000000000000e+00-3.693750000000e+01 2.595465254403e-09 1.993815336583e+00
    -9.103678166866e-07 1.011272869073e-02-1.011369749904e-05 6.493581071854e+03
     4.212000000000e+05-2.128072082996e-07 1.437025314330e+00-9.639188647270e-08
     8.452901890207e-01 5.078906250000e+02-2.464057129847e+00-3.240492122361e-09
    -1.428630936784e-12 0.000000000000e+00 1.005000000000e+03 0.000000000000e+00
     2.000000000000e+00 0.000000000000e+00 6.100000000000e-09 3.000000000000e-09
     4.212000000000e+05 0.000000000000e+00                                      
C10 2025 04 10 22 00 00-5.559944547713e-04-2.244959773634e-11 0.000000000000e+00
     2.000000000000e+00-3.746875000000e+01 2.524390865298e-09 2.256273253055e+00
    -9.099021553993e-07 1.011221017689e-02-1.023290678859e-05 6.493582700729e+03
     4.248000000000e+05-9.872019290924e-08 1.437013477859e+00-1.383014023304e-07
     8.452907185971e-01 5.157187500000e+02-2.464011903735e+00-3.176560887940e-09
     4.285892810353e-12 0.000000000000e+00 1.005000000000e+03 0.000000000000e+00
     2.000000000000e+00 0.000000000000e+00 6.100000000000e-09 3.000000000000e-09
     4.248000000000e+05 0.000000000000e+00                                      
C10 2025 04 10 23 00 00-5.560728022829e-04-2.212008354263e-11 0.000000000000e+00
     1.000000000000e+00-2.946875000000e+01 2.455816580332e-09 2.518698681041e+00
    -7.101334631443e-07 1.011064613704e-02-1.066131517291e-05 6.493586874008e+03
     4.284000000000e+05-4.051253199577e-08 1.437002070024e+00-1.029111444950e-07
     8.452910433649e-01 5.330312500000e+02-2.463934551941e+00-3.140845114520e-09
    -3.571577341961e-13 0.000000000000e+00 1.005000000000e+03 0.000000000000e+00
     2.000000000000e+00 0.000000000000e+00 6.100000000000e-09 3.000000000000e-09
     4.284000000000e+05 0.000000000000e+00                                      
C11 2025 04 10 00 00 00 4.660043632612e-04 1.713384989444e-11 0.000000000000e+00
     1.000000000000e+00-7.804687500000e+01 3.517289366363e-09 3.080348787794e+00
    -4.013068974018e-06 1.857316354290e-03 8.382368832827e-06 5.282607885361e+03
     3.456000000000e+05 1.024454832077e-08 2.180483333860e+00-1.164153218269e-08
     9.792328690710e-01 1.989531250000e+02-1.521465482756e+00-6.672063632517e-09
    -3.782300405137e-10 0.000000000000e+00 1.005000000000e+03 0.000000000000e+00
     2.000000000000e+00 0.000000000000e+00 4.100000000000e-09 1.500000000000e-09
     3.456000000000e+05 0.000000000000e+00                                      
C11 2025 04 10 01 00 00 4.660660633817e-04 1.713384989444e-11 0.000000000000e+00
     2.000000000000e+00-8.423437500000e+01 3.455143920613e-09-2.715045339942e+00
    -4.191417247057e-06 1.856305636466e-03 8.537434041500e-06 5.282610000610e+03
     3.492000000000e+05 3.585591912270e-08 2.180459422464e+00-1.676380634308e-08
     9.792314719842e-01 1.937031250000e+02-1.521686156633e+00-6.682064049075e-09
    -3.957307694893e-10 0.000000000000e+00 1.005000000000e+03 0.000000000000e+00
     2.000000000000e+00 0.000000000000e+00 4.100000000000e-09 1.500000000000e-09
     3.492000000000e+05 1.000000000000e+00                                      
C11 2025 04 10 02 00 00 4.661283455789e-04 1.714273167863e-11-1.219727444046e-19
     3.000000000000e+00-8.414062500000e+01 3.438357507106e-09-2.227514467753e+00
    -4.074536263943e-06 1.856307848357e-03 8.604954928160e-06 5.282609884262e+03
     3.528000000000e+05 4.470348358154e-08 2.180435446700e+00 6.984919309616e-09
     9.792299710303e-01 1.929687500000e+02-1.521647311770e+00-6.699207620316e-09
    -4.064455015151e-10 0.000000000000e+00 1.005000000000e+03 0.000000000000e+00
     2.000000000000e+00 0.000000000000e+00 4.100000000000e-09 1.500000000000e-09
     3.528000000000e+05 2.000000000000e+00                                      
C11 2025 04 10 03 00 00 4.661900456995e-04 1.714184350021e-11-1.219727444046e-19
     4.000000000000e+00-8.278125000000e+01 3.440857611245e-09-1.740223129381e+00
    -3.978610038757e-06 1.856427290477e-03 8.882954716682e-06 5.282608837128e+03
     3.564000000000e+05 1.862645149231e-08 2.180411352439e+00 2.328306436539e-08
     9.792283808383e-01 1.894375000000e+02-1.521368830684e+00-6.724922977178e-09
    -4.103742365913e-10 0.000000000000e+00 1.005000000000e+03 0.000000000000e+00
     2.000000000000e+00 0.000000000000e+00 4.100000000000e-09 1.500000000000e-09
     3.564000000000e+05 3.000000000000e+00                                      
C11 2025 04 10 04 00 00 4.662517458200e-04 1.714095532179e-11-1.219727444046e-19
     5.000000000000e+00-7.946875000000e+01 3.395855736736e-09-1.252343681850e+00
    -3.880821168423e-06 1.856639515609e-03 8.805654942989e-06 5.282610027313e+03
     3.600000000000e+05 1.862645149231e-08 2.180387166014e+00 3.678724169731e-08
     9.792269457157e-01 1.925937500000e+02-1.521678170564e+00-6.716351191557e-09
    -4.143029716675e-10 0.000000000000e+00 1.005000000000e+03 0.000000000000e+00
     2.000000000000e+00 0.000000000000e+00 4.100000000000e-09 1.500000000000e-09
     3.600000000000e+05 4.000000000000e+00                                      
C11 2025 04 10 05 00 00 4.663134459406e-04 1.714006714337e-11-1.219727444046e-19
     6.000000000000e+00-7.420312500000e+01 3.360854278785e-09-7.644867471645e-01
    -3.662426024675e-06 1.857120194472e-03 8.807051926851e-06 5.282611433029e+03
     3.636000000000e+05 4.656612873077e-10 2.180363067365e+00 4.889443516731e-08
     9.792254988897e-01 1.926250000000e+02-1.521965620800e+00-6.704207828595e-09
    -4.260891768959e-10 0.000000000000e+00 1.005000000000e+03 0.000000000000e+00
     2.000000000000e+00 0.000000000000e+00 4.100000000000e-09 1.500000000000e-09
     3.636000000000e+05 5.000000000000e+00                                      
C11 2025 04 10 06 00 00 4.663751460612e-04 1.713917896495e-11-1.219727444046e-19
     7.000000000000e+00-7.640625000000e+01 3.381212269634e-09-2.770204262355e-01
    -3.763008862734e-06 1.856315997429e-03 8.550006896257e-06 5.282609819412e+03
     3.672000000000e+05-4.330649971962e-08 2.180339199856e+00 1.396983861923e-09
     9.792239979357e-01 1.983437500000e+02-1.521863051225e+00-6.690278676961e-09
    -4.721625246072e-10 0.000000000000e+00 1.005000000000e+03 0.000000000000e+00
     2.000000000000e+00 0.000000000000e+00 4.100000000000e-09 1.500000000000e-09
     3.672000000000e+05 6.000000000000e+00                                      
C11 2025 04 10 07 00 00 4.664368461818e-04 1.713829078653e-11-1.219727444046e-19
     8.000000000000e+00-7.226562500000e+01 3.430857194688e-09 2.106717809482e-01
    -3.579072654247e-06 1.855048933066e-03 8.170958608389e-06 5.282607305527e+03
     3.708000000000e+05-1.490116119385e-08 2.180315300164e+00-3.306195139885e-08
     9.792222658407e-01 2.068593750000e+02-1.521985696425e+00-6.699207620316e-09
    -5.043067206849e-10 0.000000000000e+00 1.005000000000e+03 0.000000000000e+00
     2.000000000000e+00 0.000000000000e+00 4.100000000000e-09 1.500000000000e-09
     3.708000000000e+05 7.000000000000e+00                                      
C11 2025 04 10 08 00 00 4.664985463023e-04 1.713829078653e-11-1.219727444046e-19
     9.000000000000e+00-7.270312500000e+01 3.455858236081e-09 6.981996980428e-01
    -3.669876605272e-06 1.855060691014e-03 8.144415915012e-06 5.282607433319e+03
     3.744000000000e+05 1.396983861923e-08 2.180291306844e+00-1.536682248116e-08
     9.792203728247e-01 2.075937500000e+02-1.521943128435e+00-6.718136980228e-09
    -5.232360805973e-10 0.000000000000e+00 1.005000000000e+03 0.000000000000e+00
     2.000000000000e+00 0.000000000000e+00 4.100000000000e-09 1.500000000000e-09
     3.744000000000e+05 8.000000000000e+00                                      
C11 2025 04 10 09 00 00 4.665602464229e-04 1.713740260811e-11-1.219727444046e-19
     1.000000000000e+01-7.796875000000e+01 3.449429396866e-09 1.185202225664e+00
    -3.988854587078e-06 1.855500158854e-03 7.760711014271e-06 5.282609666824e+03
     3.780000000000e+05 1.629814505577e-08 2.180267132123e+00-6.053596735001e-09
     9.792184666425e-01 2.139843750000e+02-1.521375138787e+00-6.723137188507e-09
    -5.260933424708e-10 0.000000000000e+00 1.005000000000e+03 0.000000000000e+00
     2.000000000000e+00 0.000000000000e+00 4.100000000000e-09 1.500000000000e-09
     3.780000000000e+05 9.000000000000e+00                                      
C11 2025 04 10 10 00 00 4.666219465435e-04 1.713651442969e-11-1.219727444046e-19
     1.100000000000e+01-7.781250000000e+01 3.464787179436e-09 1.672531314637e+00
    -3.946479409933e-06 1.855511218309e-03 7.492024451494e-06 5.282610538483e+03
     3.816000000000e+05 1.676380634308e-08 2.180242931069e+00-4.656612873077e-09
     9.792165750894e-01 2.171875000000e+02-1.521134405377e+00-6.722422873039e-09
    -5.264505002050e-10 0.000000000000e+00 1.005000000000e+03 0.000000000000e+00
     2.000000000000e+00 0.000000000000e+00 4.100000000000e-09 1.500000000000e-09
     3.816000000000e+05 1.000000000000e+01                                      
C11 2025 04 10 11 00 00 4.666836466640e-04 1.713562625127e-11-1.219727444046e-19
     1.200000000000e+01-8.425000000000e+01 3.513003473553e-09 2.160493673051e+00
    -4.153698682785e-06 1.856021466665e-03 7.537659257650e-06 5.282608823776e+03
     3.852000000000e+05 7.450580596924e-09 2.180218753422e+00 1.862645149231e-09
     9.792147040172e-01 2.155312500000e+02-1.521527084773e+00-6.717422664760e-09
    -5.310935507496e-10 0.000000000000e+00 1.005000000000e+03 0.000000000000e+00
     2.000000000000e+00 0.000000000000e+00 4.100000000000e-09 1.500000000000e-09
     3.852000000000e+05 1.100000000000e+01                                      
C11 2025 04 10 12 00 00 4.667453467846e-04 1.713473807285e-11-1.219727444046e-19
     1.300000000000e+01-9.001562500000e+01 3.548362089238e-09 2.648322300271e+00
    -4.386063665152e-06 1.856828457676e-03 7.379334419966e-06 5.282607004166e+03
     3.888000000000e+05-9.778887033463e-09 2.180194644532e+00 5.122274160385e-09
     9.792128080754e-01 2.194687500000e+02-1.521785335165e+00-6.709565194608e-09
    -5.414511250413e-10 0.000000000000e+00 1.005000000000e+03 0.000000000000e+00
     2.000000000000e+00 0.000000000000e+00 4.100000000000e-09 1.500000000000e-09
     3.888000000000e+05 1.200000000000e+01                                      
C11 2025 04 10 13 00 00 4.668097244576e-04 1.646860425808e-11 0.000000000000e+00
     1.400000000000e+01-9.068750000000e+01 3.549790720175e-09 3.135909396791e+00
    -4.418659955263e-06 1.856501563452e-03 7.530208677053e-06 5.282607639313e+03
     3.924000000000e+05-5.587935447693e-09 2.180170561975e+00-1.117587089539e-08
     9.792108594685e-01 2.171875000000e+02-1.521801436041e+00-6.710993825544e-09
    -5.539516457381e-10 0.000000000000e+00 1.005000000000e+03 0.000000000000e+00
     2.000000000000e+00 0.000000000000e+00 4.100000000000e-09 1.500000000000e-09
     3.924000000000e+05 0.000000000000e+00                                      
C11 2025 04 10 14 00 00 4.668703768402e-04 1.666844440251e-11 0.000000000000e+00
     1.500000000000e+01-9.651562500000e+01 3.542290407757e-09-2.659481001967e+00
    -4.749279469252e-06 1.855635317042e-03 7.743015885353e-06 5.282609519958e+03
     3.960000000000e+05 2.002343535423e-08 2.180146507213e+00-1.210719347000e-08
     9.792088245494e-01 2.133593750000e+02-1.522025628237e+00-6.721708557570e-09
    -5.703809015111e-10 0.000000000000e+00 1.005000000000e+03 0.000000000000e+00
     2.000000000000e+00 0.000000000000e+00 4.100000000000e-09 1.500000000000e-09
     3.960000000000e+05 0.000000000000e+00                                      
C11 2025 04 10 15 00 00 4.669318441302e-04 1.685762640591e-11 0.000000000000e+00
     1.000000000000e+00-9.646875000000e+01 3.573005972898e-09-2.171944371732e+00
    -4.815869033337e-06 1.855628332123e-03 7.746741175652e-06 5.282609445572e+03
     3.996000000000e+05 2.188608050346e-08 2.180122404175e+00 1.536682248116e-08
     9.792066901519e-01 2.125781250000e+02-1.521992041101e+00-6.742066548419e-09
    -5.807384758028e-10 0.000000000000e+00 1.005000000000e+03 0.000000000000e+00
     2.000000000000e+00 0.000000000000e+00 4.100000000000e-09 1.500000000000e-09
     3.996000000000e+05 0.000000000000e+00                                      
C11 2025 04 10 16 00 00 4.669937770814e-04 1.705124930140e-11 0.000000000000e+00
     1.000000000000e+00-9.540625000000e+01 3.627651106230e-09-1.684748812070e+00
    -4.777219146490e-06 1.855729729868e-03 7.941853255033e-06 5.282608087540e+03
     4.032000000000e+05-2.374872565269e-08 2.180098153382e+00 2.654269337654e-08
     9.792044006852e-01 2.074687500000e+02-1.521617266358e+00-6.782782530118e-09
    -5.832385799422e-10 0.000000000000e+00 1.005000000000e+03 0.000000000000e+00
     2.000000000000e+00 0.000000000000e+00 4.100000000000e-09 1.500000000000e-09
     4.032000000000e+05 0.000000000000e+00                                      
C11 2025 04 10 17 00 00 4.670560592785e-04 1.719069331330e-11 0.000000000000e+00
     2.000000000000e+00-9.328125000000e+01 3.637294365053e-09-1.197017012472e+00
    -4.679430276155e-06 1.855876995251e-03 7.880851626396e-06 5.282608737946e+03
     4.068000000000e+05-3.771856427193e-08 2.180073627560e+00-1.490116119385e-08
     9.792021375509e-01 2.087500000000e+02-1.521777991316e+00-6.817783988069e-09
    -5.703809015111e-10 0.000000000000e+00 1.005000000000e+03 0.000000000000e+00
     2.000000000000e+00 0.000000000000e+00 4.100000000000e-09 1.500000000000e-09
     4.068000000000e+05 0.000000000000e+00                                      
C11 2025 04 10 18 00 00 4.671178758144e-04 1.719069331330e-11 0.000000000000e+00
     3.000000000000e+00-8.887500000000e+01 3.654795094029e-09-7.092139746145e-01
    -4.432164132595e-06 1.856313087046e-03 7.918104529381e-06 5.282609945297e+03
     4.104000000000e+05 3.771856427193e-08 2.180048749175e+00-5.215406417847e-08
     9.791999226929e-01 2.082656250000e+02-1.522010074492e+00-6.864214493515e-09
    -5.225217651289e-10 0.000000000000e+00 1.005000000000e+03 0.000000000000e+00
     2.000000000000e+00 0.000000000000e+00 4.100000000000e-09 1.500000000000e-09
     4.104000000000e+05 1.000000000000e+00                                      
C11 2025 04 10 19 00 00 4.671799251810e-04 1.716227160387e-11-5.421010862428e-20
     4.000000000000e+00-9.051562500000e+01 3.711226016032e-09-2.217244386386e-01
    -4.472676664591e-06 1.855471753515e-03 7.722526788712e-06 5.282608282089e+03
     4.140000000000e+05 7.171183824539e-08 2.180023777164e+00 3.259629011154e-09
     9.791980165107e-01 2.144687500000e+02-1.521928954221e+00-6.874572067806e-09
    -4.768055751518e-10 0.000000000000e+00 1.005000000000e+03 0.000000000000e+00
     2.000000000000e+00 0.000000000000e+00 4.100000000000e-09 1.500000000000e-09
     4.140000000000e+05 2.000000000000e+00                                      
C11 2025 04 10 20 00 00 4.672417417169e-04 1.716227160387e-11-5.421010862428e-20
     5.000000000000e+00-8.506250000000e+01 3.754084944135e-09 2.660195441418e-01
    -4.242639988661e-06 1.854137633927e-03 7.370486855507e-06 5.282605606079e+03
     4.176000000000e+05 8.381903171539e-09 2.179998701285e+00 5.587935447693e-08
     9.791963692649e-01 2.229687500000e+02-1.522101468836e+00-6.853856919223e-09
    -4.196603376804e-10 0.000000000000e+00 1.005000000000e+03 0.000000000000e+00
     2.000000000000e+00 0.000000000000e+00 4.100000000000e-09 1.500000000000e-09
     4.176000000000e+05 3.000000000000e+00                                      
C11 2025 04 10 21 00 00 4.673035582528e-04 1.716138342545e-11-5.421010862428e-20
     6.000000000000e+00-8.557812500000e+01 3.722297905792e-09 7.535442311133e-01
    -4.237517714500e-06 1.854152069427e-03 7.337424904108e-06 5.282605747223e+03
     4.212000000000e+05-3.864988684654e-08 2.179973798030e+00 1.257285475731e-08
     9.791950146028e-01 2.237968750000e+02-1.522053837686e+00-6.814212410727e-09
    -3.864446684002e-10 0.000000000000e+00 1.005000000000e+03 0.000000000000e+00
     2.000000000000e+00 0.000000000000e+00 4.100000000000e-09 1.500000000000e-09
     4.212000000000e+05 4.000000000000e+00                                      
C11 2025 04 10 22 00 00 4.673657240346e-04 1.692068707371e-11 0.000000000000e+00
     7.000000000000e+00-9.054687500000e+01 3.652652147623e-09 1.240489350904e+00
    -4.447530955076e-06 1.854564179666e-03 7.013324648142e-06 5.282608146667e+03
     4.248000000000e+05-9.313225746155e-09 2.179949182971e+00-2.514570951462e-08
     9.791938193987e-01 2.313750000000e+02-1.521426969974e+00-6.774210744497e-09
    -3.760870941085e-10 0.000000000000e+00 1.005000000000e+03 0.000000000000e+00
     2.000000000000e+00 0.000000000000e+00 4.100000000000e-09 1.500000000000e-09
     4.248000000000e+05 0.000000000000e+00                                      
C11 2025 04 10 23 00 00 4.674257943407e-04 1.683542194542e-11 0.000000000000e+00
     1.000000000000e+00-8.957812500000e+01 3.628008263964e-09 1.727745027721e+00
    -4.404690116644e-06 1.854530419223e-03 6.827991455793e-06 5.282609275818e+03
     4.284000000000e+05 1.396983861923e-09 2.179924809293e+00-2.607703208923e-08
     9.791924969207e-01 2.355781250000e+02-1.521111700888e+00-6.766710432079e-09
    -3.753727786401e-10 0.000000000000e+00 1.005000000000e+03 0.000000000000e+00
     2.000000000000e+00 0.000000000000e+00 4.100000000000e-09 1.500000000000e-09
     4.284000000000e+05 0.000000000000e+00                                      
C12 2025 04 10 00 00 00-1.412223791704e-04 1.297451035498e-11 9.893344823930e-19
     1.100000000000e+01-8.496875000000e+01 3.519075155034e-09-2.533002140198e+00
    -4.144851118326e-06 9.577246382833e-04 8.617062121630e-06 5.282625003815e+03
     3.456000000000e+05 2.281740307808e-08 2.167370492526e+00-2.793967723846e-09
     9.775448356948e-01 1.927968750000e+02-1.388691020326e+00-6.716708349292e-09
    -4.135886561991e-10 0.000000000000e+00 1.005000000000e+03 0.000000000000e+00
     2.000000000000e+00 0.000000000000e+00 3.300000000000e-09 0.000000000000e+00
     3.456000000000e+05 1.000000000000e+01                                      
C12 2025 04 10 01 00 00-1.411756966263e-04 1.298161578234e-11 9.893344823930e-19
     1.200000000000e+01-8.312500000000e+01 3.523003890110e-09-2.045861529202e+00
    -4.019588232040e-06 9.579351171851e-04 8.799601346254e-06 5.282624101639e+03
     3.492000000000e+05 1.490116119385e-08 2.167346335360e+00 8.847564458847e-09
     9.775432937791e-01 1.900625000000e+02-1.388265745652e+00-6.728137396786e-09
    -4.164459180726e-10 0.000000000000e+00 1.005000000000e+03 0.000000000000e+00
     2.000000000000e+00 0.000000000000e+00 3.300000000000e-09 0.000000000000e+00
     3.492000000000e+05 1.100000000000e+01                                      
C12 2025 04 10 02 00 00-1.411290140823e-04 1.298872120969e-11 9.893344823930e-19
     1.300000000000e+01-8.178125000000e+01 3.498360006451e-09-1.557996124221e+00
    -3.983732312918e-06 9.579745819792e-04 8.784700185061e-06 5.282624652863e+03
     3.528000000000e+05 8.847564458847e-09 2.167322109437e+00 1.071020960808e-08
     9.775417767330e-01 1.918750000000e+02-1.388564935806e+00-6.732066131862e-09
    -4.168030758068e-10 0.000000000000e+00 1.005000000000e+03 0.000000000000e+00
     2.000000000000e+00 0.000000000000e+00 3.300000000000e-09 0.000000000000e+00
     3.528000000000e+05 1.200000000000e+01                                      
C12 2025 04 10 03 00 00-1.410822151229e-04 1.299582663705e-11 9.893344823930e-19
     1.400000000000e+01-7.429687500000e+01 3.450500870068e-09-1.069447628661e+00
    -3.689900040627e-06 9.584522340447e-04 8.706003427505e-06 5.282626716614e+03
     3.564000000000e+05 1.257285475731e-08 2.167297890828e+00 1.629814505577e-08
     9.775402874824e-01 1.939218750000e+02-1.389547564714e+00-6.728137396786e-09
    -4.175173912752e-10 0.000000000000e+00 1.005000000000e+03 0.000000000000e+00
     2.000000000000e+00 0.000000000000e+00 3.300000000000e-09 0.000000000000e+00
     3.564000000000e+05 1.300000000000e+01                                      
C12 2025 04 10 04 00 00-1.410354161635e-04 1.300293206441e-11 9.893344823930e-19
     1.500000000000e+01-7.460937500000e+01 3.446572134992e-09-5.819285066295e-01
    -3.729015588760e-06 9.582750499249e-04 8.616596460342e-06 5.282626380920e+03
     3.600000000000e+05-2.328306436539e-09 2.167273735125e+00 6.519258022308e-09
     9.775388055464e-01 1.954687500000e+02-1.389501627623e+00-6.723851503975e-09
    -4.296607542379e-10 0.000000000000e+00 1.005000000000e+03 0.000000000000e+00
     2.000000000000e+00 0.000000000000e+00 3.300000000000e-09 0.000000000000e+00
     3.600000000000e+05 1.400000000000e+01                                      
C12 2025 04 10 05 00 00-1.409886172041e-04 1.301092567019e-11 9.893344823930e-19
     1.600000000000e+01-7.303125000000e+01 3.479430646538e-09-9.451422169670e-02
    -3.650318831205e-06 9.568905225024e-04 8.106697350740e-06 5.282623666763e+03
     3.636000000000e+05-2.793967723846e-09 2.167249596976e+00-9.313225746155e-09
     9.775372504645e-01 2.055156250000e+02-1.389350674958e+00-6.723494346241e-09
    -4.414469594664e-10 0.000000000000e+00 1.005000000000e+03 0.000000000000e+00
     2.000000000000e+00 0.000000000000e+00 3.300000000000e-09 0.000000000000e+00
     3.636000000000e+05 1.500000000000e+01                                      
C12 2025 04 10 06 00 00-1.409418182448e-04 1.301803109754e-11 9.893344823930e-19
     1.700000000000e+01-6.893750000000e+01 3.499788637387e-09 3.932611421394e-01
    -3.441236913204e-06 9.562404593453e-04 7.965601980686e-06 5.282622339249e+03
     3.672000000000e+05 1.164153218269e-08 2.167225448588e+00-6.519258022308e-09
     9.775356383288e-01 2.083906250000e+02-1.389559853225e+00-6.730280343191e-09
    -4.500187450871e-10 0.000000000000e+00 1.005000000000e+03 0.000000000000e+00
     2.000000000000e+00 0.000000000000e+00 3.300000000000e-09 0.000000000000e+00
     3.672000000000e+05 1.600000000000e+01                                      
C12 2025 04 10 07 00 00-1.408949028701e-04 1.302513652490e-11 9.893344823930e-19
     1.800000000000e+01-7.320312500000e+01 3.485859485754e-09 8.802461366877e-01
    -3.652647137642e-06 9.566779481247e-04 7.822643965483e-06 5.282623720169e+03
     3.708000000000e+05 1.396983861923e-08 2.167201254848e+00 6.519258022308e-09
     9.775339749909e-01 2.113437500000e+02-1.388978277458e+00-6.739566444280e-09
    -4.553761111000e-10 0.000000000000e+00 1.005000000000e+03 0.000000000000e+00
     2.000000000000e+00 0.000000000000e+00 3.300000000000e-09 0.000000000000e+00
     3.708000000000e+05 1.700000000000e+01                                      
C12 2025 04 10 08 00 00-1.408479874954e-04 1.303224195226e-11 9.893344823930e-19
     1.900000000000e+01-7.407812500000e+01 3.463715706234e-09 1.367089001430e+00
    -3.693625330925e-06 9.568680543453e-04 7.568392902613e-06 5.282625114441e+03
     3.744000000000e+05 1.909211277962e-08 2.167176990889e+00 7.450580596924e-09
     9.775323584665e-01 2.165312500000e+02-1.388255069276e+00-6.735280551470e-09
    -4.553761111000e-10 0.000000000000e+00 1.005000000000e+03 0.000000000000e+00
     2.000000000000e+00 0.000000000000e+00 3.300000000000e-09 0.000000000000e+00
     3.744000000000e+05 1.800000000000e+01                                      
C12 2025 04 10 09 00 00-1.408010721207e-04 1.303934737962e-11 9.893344823930e-19
     2.000000000000e+01-7.792187500000e+01 3.479073488804e-09 1.855240589760e+00
    -3.865920007229e-06 9.570702677593e-04 7.668510079384e-06 5.282623962402e+03
     3.780000000000e+05 1.909211277962e-08 2.167152773743e+00 1.909211277962e-08
     9.775307580341e-01 2.143281250000e+02-1.388841051353e+00-6.726708765849e-09
    -4.593048461762e-10 0.000000000000e+00 1.005000000000e+03 0.000000000000e+00
     2.000000000000e+00 0.000000000000e+00 3.300000000000e-09 0.000000000000e+00
     3.780000000000e+05 1.900000000000e+01                                      
C12 2025 04 10 10 00 00-1.407541567460e-04 1.304645280698e-11 9.893344823930e-19
     2.100000000000e+01-8.684375000000e+01 3.498360006451e-09 2.343773628128e+00
    -4.282686859369e-06 9.579354664311e-04 7.542315870523e-06 5.282621501923e+03
     3.816000000000e+05-4.656612873077e-08 2.167128834552e+00 4.190951585770e-08
     9.775292263588e-01 2.170312500000e+02-1.389808164551e+00-6.690992992429e-09
    -4.996636701403e-10 0.000000000000e+00 1.005000000000e+03 0.000000000000e+00
     2.000000000000e+00 0.000000000000e+00 3.300000000000e-09 0.000000000000e+00
     3.816000000000e+05 2.000000000000e+01                                      
C12 2025 04 10 11 00 00-1.407101517543e-04 1.328803733713e-11 0.000000000000e+00
     1.400000000000e+01-8.804687500000e+01 3.506574634337e-09 2.831468516840e+00
    -4.333443939686e-06 9.581361664459e-04 7.489696145058e-06 5.282621065140e+03
     3.852000000000e+05-7.217749953270e-08 2.167105019708e+00-1.955777406693e-08
     9.775274386730e-01 2.185000000000e+02-1.389936316175e+00-6.683492680011e-09
    -5.482371219910e-10 0.000000000000e+00 1.005000000000e+03 0.000000000000e+00
     2.000000000000e+00 0.000000000000e+00 3.300000000000e-09 0.000000000000e+00
     3.852000000000e+05 0.000000000000e+00                                      
C12 2025 04 10 12 00 00-1.406659139320e-04 1.270361593697e-11 0.000000000000e+00
     1.000000000000e+00-9.321875000000e+01 3.498717164185e-09-2.963960406402e+00
    -4.610512405634e-06 9.570610709488e-04 7.814262062311e-06 5.282623159409e+03
     3.888000000000e+05-1.862645149231e-09 2.167081299955e+00-6.565824151039e-08
     9.775253730326e-01 2.124687500000e+02-1.390125806491e+00-6.707065090468e-09
    -6.060966749308e-10 0.000000000000e+00 1.005000000000e+03 0.000000000000e+00
     2.000000000000e+00 0.000000000000e+00 3.300000000000e-09 0.000000000000e+00
     3.888000000000e+05 0.000000000000e+00                                      
C12 2025 04 10 13 00 00-1.406202791259e-04 1.267785876280e-11 0.000000000000e+00
     1.000000000000e+00-9.856250000000e+01 3.521218101439e-09-2.475964598367e+00
    -4.959758371115e-06 9.564352221787e-04 7.812865078449e-06 5.282624668121e+03
     3.924000000000e+05 3.445893526077e-08 2.167057353449e+00-2.235174179077e-08
     9.775230455300e-01 2.122500000000e+02-1.390555644007e+00-6.743138021622e-09
    -6.346692936664e-10 0.000000000000e+00 1.005000000000e+03 0.000000000000e+00
     2.000000000000e+00 0.000000000000e+00 3.300000000000e-09 0.000000000000e+00
     3.924000000000e+05 0.000000000000e+00                                      
C12 2025 04 10 14 00 00-1.405738294125e-04 1.278799288684e-11 0.000000000000e+00
     1.000000000000e+00-9.712500000000e+01 3.589792386405e-09-1.988833663111e+00
    -4.959292709827e-06 9.566049557179e-04 7.838010787964e-06 5.282623796463e+03
     3.960000000000e+05-1.862645149231e-09 2.167033155321e+00 1.117587089539e-08
     9.775205614951e-01 2.091406250000e+02-1.390120680426e+00-6.784568318789e-09
    -6.432410792871e-10 0.000000000000e+00 1.005000000000e+03 0.000000000000e+00
     2.000000000000e+00 0.000000000000e+00 3.300000000000e-09 0.000000000000e+00
     3.960000000000e+05 0.000000000000e+00                                      
C12 2025 04 10 15 00 00-1.405272632837e-04 1.285549444674e-11 0.000000000000e+00
     1.000000000000e+00-9.642187500000e+01 3.636222891850e-09-1.501205432261e+00
    -4.878267645836e-06 9.566474473104e-04 7.729977369308e-06 5.282623926163e+03
     3.996000000000e+05-3.492459654808e-08 2.167008666072e+00-1.443549990654e-08
     9.775180701456e-01 2.091718750000e+02-1.390182321942e+00-6.820641249943e-09
    -6.360979246032e-10 0.000000000000e+00 1.005000000000e+03 0.000000000000e+00
     2.000000000000e+00 0.000000000000e+00 3.300000000000e-09 0.000000000000e+00
     3.996000000000e+05 0.000000000000e+00                                      
C12 2025 04 10 16 00 00-1.404799986631e-04 1.298783303127e-11 0.000000000000e+00
     1.000000000000e+00-8.946875000000e+01 3.659438144573e-09-1.012764746448e+00
    -4.444736987352e-06 9.571433765814e-04 7.671304047108e-06 5.282625846863e+03
     4.032000000000e+05 1.490116119385e-08 2.166983844741e+00-7.171183824539e-08
     9.775155875736e-01 2.101562500000e+02-1.391056266277e+00-6.868143228591e-09
    -5.985963625126e-10 0.000000000000e+00 1.005000000000e+03 0.000000000000e+00
     2.000000000000e+00 0.000000000000e+00 3.300000000000e-09 0.000000000000e+00
     4.032000000000e+05 0.000000000000e+00                                      
C12 2025 04 10 17 00 00-1.404331997037e-04 1.298783303127e-11 0.000000000000e+00
     2.000000000000e+00-8.953125000000e+01 3.719083486184e-09-5.252123591229e-01
    -4.341360181570e-06 9.569956455380e-04 7.725320756435e-06 5.282625597000e+03
     4.068000000000e+05 9.825453162193e-08 2.166958736678e+00-3.119930624962e-08
     9.775133566235e-01 2.116562500000e+02-1.391042348074e+00-6.897787320529e-09
    -5.360937590283e-10 0.000000000000e+00 1.005000000000e+03 0.000000000000e+00
     2.000000000000e+00 0.000000000000e+00 3.300000000000e-09 0.000000000000e+00
     4.068000000000e+05 1.000000000000e+00                                      
C12 2025 04 10 18 00 00-1.403861679137e-04 1.297451035498e-11 5.285485590867e-19
     3.000000000000e+00-8.656250000000e+01 3.789800717555e-09-3.771425629873e-02
    -4.232395440340e-06 9.555127471685e-04 7.360242307186e-06 5.282622709274e+03
     4.104000000000e+05 5.774199962616e-08 2.166933470620e+00 6.891787052155e-08
     9.775114665334e-01 2.222812500000e+02-1.390973731365e+00-6.886001115300e-09
    -4.589476884420e-10 0.000000000000e+00 1.005000000000e+03 0.000000000000e+00
     2.000000000000e+00 0.000000000000e+00 3.300000000000e-09 0.000000000000e+00
     4.104000000000e+05 2.000000000000e+00                                      
C12 2025 04 10 19 00 00-1.403393689543e-04 1.297806306866e-11 5.285485590867e-19
     4.000000000000e+00-8.151562500000e+01 3.795872399036e-09 4.501416133822e-01
    -4.023779183626e-06 9.548014495522e-04 7.257331162691e-06 5.282621232986e+03
     4.140000000000e+05-2.980232238770e-08 2.166908339150e+00 5.029141902924e-08
     9.775099772828e-01 2.248437500000e+02-1.391261810656e+00-6.842070713994e-09
    -4.053740283126e-10 0.000000000000e+00 1.005000000000e+03 0.000000000000e+00
     2.000000000000e+00 0.000000000000e+00 3.300000000000e-09 0.000000000000e+00
     4.140000000000e+05 3.000000000000e+00                                      
C12 2025 04 10 20 00 00-1.402926864102e-04 1.298250396076e-11 5.285485590867e-19
     5.000000000000e+00-8.560937500000e+01 3.742655896641e-09 9.370815266469e-01
    -4.188157618046e-06 9.552201954648e-04 7.114373147488e-06 5.282622655869e+03
     4.176000000000e+05-2.514570951462e-08 2.166883574873e+00 0.000000000000e+00
     9.775087001553e-01 2.283906250000e+02-1.390633686298e+00-6.802426205499e-09
    -3.878732993369e-10 0.000000000000e+00 1.005000000000e+03 0.000000000000e+00
     2.000000000000e+00 0.000000000000e+00 3.300000000000e-09 0.000000000000e+00
     4.176000000000e+05 4.000000000000e+00                                      
C12 2025 04 10 21 00 00-1.402460038662e-04 1.298605667444e-11 5.285485590867e-19
     6.000000000000e+00-8.585937500000e+01 3.701582757208e-09 1.423840064402e+00
    -4.199799150229e-06 9.553806157783e-04 6.881076842546e-06 5.282624197006e+03
     4.212000000000e+05-8.847564458847e-09 2.166859090013e+00-3.725290298462e-09
     9.775073791402e-01 2.341718750000e+02-1.389824935444e+00-6.788139896131e-09
    -3.868018261344e-10 0.000000000000e+00 1.005000000000e+03 0.000000000000e+00
     2.000000000000e+00 0.000000000000e+00 3.300000000000e-09 0.000000000000e+00
     4.212000000000e+05 5.000000000000e+00                                      
C12 2025 04 10 22 00 00-1.402003690600e-04 1.271072136433e-11 0.000000000000e+00
     5.000000000000e+00-8.889062500000e+01 3.709083069626e-09 1.911832542836e+00
    -4.401430487633e-06 9.555642027408e-04 6.972812116146e-06 5.282623327255e+03
     4.248000000000e+05-8.847564458847e-09 2.166834577358e+00-2.980232238770e-08
     9.775058972042e-01 2.330156250000e+02-1.390250648994e+00-6.807783571512e-09
    -3.771585673111e-10 0.000000000000e+00 1.005000000000e+03 0.000000000000e+00
     2.000000000000e+00 0.000000000000e+00 3.300000000000e-09 0.000000000000e+00
     4.248000000000e+05 0.000000000000e+00                                      
C12 2025 04 10 23 00 00-1.401561312377e-04 1.242561609160e-11 0.000000000000e+00
     1.000000000000e+00-9.603125000000e+01 3.703011388145e-09 2.400177129560e+00
    -4.896894097328e-06 9.563524508849e-04 6.751157343388e-06 5.282621213913e+03
     4.284000000000e+05 3.259629011154e-09 2.166810026666e+00-2.700835466385e-08
     9.775045176725e-01 2.361718750000e+02-1.391028131437e+00-6.812426622056e-09
    -3.700154126271e-10 0.000000000000e+00 1.005000000000e+03 0.000000000000e+00
     2.000000000000e+00 0.000000000000e+00 3.300000000000e-09 0.000000000000e+00
     4.284000000000e+05 0.000000000000e+00                                      
C13 2025 04 10 00 00 00 1.729675568640e-05-8.387956995648e-12-5.149960319306e-19
     3.000000000000e+00 3.581718750000e+02 9.336103171886e-10 3.629861519674e-01
     1.178728416562e-05 5.133677856065e-03 1.091556623578e-05 6.493741651535e+03
     3.456000000000e+05 1.485459506512e-07-2.656241210423e+00 8.009374141693e-08
     1.040810544977e+00-7.239062500000e+01-2.286458977428e+00-1.971867850497e-09
     7.661033398506e-10 0.000000000000e+00 1.005000000000e+03 0.000000000000e+00
     2.000000000000e+00 0.000000000000e+00-9.500000000000e-09 2.800000000000e-09
     3.456000000000e+05 2.000000000000e+00                                      
C13 2025 04 10 01 00 00 1.726660411805e-05-8.392397887746e-12-5.149960319306e-19
     4.000000000000e+00 3.552187500000e+02 8.764650797172e-10 6.250456895133e-01
     1.170299947262e-05 5.135951680131e-03 1.192651689053e-05 6.493749231339e+03
     3.492000000000e+05 1.345761120319e-07-2.656248702026e+00 1.727603375912e-07
     1.040813244061e+00-1.060937500000e+02-2.286040359031e+00-1.969724904091e-09
     8.043192174096e-10 0.000000000000e+00 1.005000000000e+03 0.000000000000e+00
     2.000000000000e+00 0.000000000000e+00-9.500000000000e-09 2.800000000000e-09
     3.492000000000e+05 3.000000000000e+00                                      
C13 2025 04 10 02 00 00 1.723633613437e-05-8.395950601425e-12-5.149960319306e-19
     5.000000000000e+00 3.347812500000e+02 8.039620596754e-10 8.869769291436e-01
     1.111347228289e-05 5.137686268426e-03 1.277867704630e-05 6.493757207870e+03
     3.528000000000e+05 3.166496753693e-08-2.656256350162e+00 2.454034984112e-07
     1.040816156731e+00-1.354218750000e+02-2.285494465298e+00-1.951509859647e-09
     8.532498269944e-10 0.000000000000e+00 1.005000000000e+03 0.000000000000e+00
     2.000000000000e+00 0.000000000000e+00-9.500000000000e-09 2.800000000000e-09
     3.528000000000e+05 4.000000000000e+00                                      
C13 2025 04 10 03 00 00 1.720606815070e-05-8.399503315104e-12-5.149960319306e-19
     6.000000000000e+00 3.100312500000e+02 7.286017777600e-10 1.148980498370e+00
     1.046294346452e-05 5.138449836522e-03 1.310324296355e-05 6.493763347626e+03
     3.564000000000e+05-9.313225746155e-08-2.656263941244e+00 2.267770469189e-07
     1.040819367836e+00-1.477343750000e+02-2.285022289470e+00-1.919365663570e-09
     8.964659128322e-10 0.000000000000e+00 1.005000000000e+03 0.000000000000e+00
     2.000000000000e+00 0.000000000000e+00-9.500000000000e-09 2.800000000000e-09
     3.564000000000e+05 5.000000000000e+00                                      
C13 2025 04 10 04 00 00 1.717591658235e-05-8.403056028783e-12-5.149960319306e-19
     7.000000000000e+00 3.142031250000e+02 7.093152601134e-10 1.411532470233e+00
     1.066876575351e-05 5.138464854099e-03 1.313583925366e-05 6.493762376785e+03
     3.600000000000e+05-1.573935151100e-07-2.656271229502e+00 1.592561602592e-07
     1.040822796916e+00-1.486718750000e+02-2.285100119638e+00-1.888650098429e-09
     9.228955851627e-10 0.000000000000e+00 1.005000000000e+03 0.000000000000e+00
     2.000000000000e+00 0.000000000000e+00-9.500000000000e-09 2.800000000000e-09
     3.600000000000e+05 6.000000000000e+00                                      
C13 2025 04 10 05 00 00 1.714995596558e-05-8.093081760308e-12 0.000000000000e+00
     6.000000000000e+00 3.253281250000e+02 6.710993825544e-10 1.674249684545e+00
     1.115771010518e-05 5.138788837940e-03 1.349346712232e-05 6.493759271622e+03
     3.636000000000e+05-1.536682248116e-07-2.656278614312e+00-1.583248376846e-08
     1.040826692667e+00-1.571562500000e+02-2.285343168848e+00-1.817575709324e-09
     9.575398853797e-10 0.000000000000e+00 1.005000000000e+03 0.000000000000e+00
     2.000000000000e+00 0.000000000000e+00-9.500000000000e-09 2.800000000000e-09
     3.636000000000e+05 0.000000000000e+00                                      
C13 2025 04 10 06 00 00 1.711805816740e-05-8.505196547048e-12 0.000000000000e+00
     1.000000000000e+00 3.412500000000e+02 7.132439951896e-10 1.937341631175e+00
     1.170160248876e-05 5.140547407791e-03 1.470465213060e-05 6.493750543594e+03
     3.672000000000e+05-1.722946763039e-07-2.656285185740e+00-6.798654794693e-08
     1.040830189041e+00-1.933750000000e+02-2.285961408268e+00-1.811861185577e-09
     9.657545132662e-10 0.000000000000e+00 1.005000000000e+03 0.000000000000e+00
     2.000000000000e+00 0.000000000000e+00-9.500000000000e-09 2.800000000000e-09
     3.672000000000e+05 0.000000000000e+00                                      
C13 2025 04 10 07 00 00 1.708662603050e-05-8.607337065314e-12 0.000000000000e+00
     1.000000000000e+00 3.382187500000e+02 7.436024025962e-10 2.200279008807e+00
     1.159310340881e-05 5.142791313119e-03 1.601129770279e-05 6.493742698669e+03
     3.708000000000e+05-1.937150955200e-07-2.656291697188e+00-9.313225746155e-08
     1.040833555215e+00-2.288906250000e+02-2.286423745972e+00-1.822575917603e-09
     9.689689328740e-10 0.000000000000e+00 1.005000000000e+03 0.000000000000e+00
     2.000000000000e+00 0.000000000000e+00-9.500000000000e-09 2.800000000000e-09
     3.708000000000e+05 0.000000000000e+00                                      
C13 2025 04 10 08 00 00 1.705705653876e-05-8.424372310856e-12 0.000000000000e+00
     1.000000000000e+00 3.228593750000e+02 7.375307211149e-10 2.463023635278e+00
     1.101661473513e-05 5.144949071109e-03 1.689000055194e-05 6.493736585617e+03
     3.744000000000e+05-1.089647412300e-07-2.656298141343e+00-3.352761268616e-08
     1.040837486076e+00-2.525781250000e+02-2.286692149015e+00-1.777216885360e-09
     9.611114627217e-10 0.000000000000e+00 1.005000000000e+03 0.000000000000e+00
     2.000000000000e+00 0.000000000000e+00-9.500000000000e-09 2.800000000000e-09
     3.744000000000e+05 0.000000000000e+00                                      
C13 2025 04 10 09 00 00 1.702667213976e-05-8.425260489275e-12 0.000000000000e+00
     1.000000000000e+00 3.194531250000e+02 7.278874622916e-10 2.725525361757e+00
     1.075118780136e-05 5.145283881575e-03 1.703435555100e-05 6.493735740662e+03
     3.780000000000e+05-9.499490261078e-08-2.656304645476e+00-7.869675755501e-08
     1.040840774716e+00-2.547343750000e+02-2.286716487583e+00-1.794360456601e-09
     9.718261947475e-10 0.000000000000e+00 1.005000000000e+03 0.000000000000e+00
     2.000000000000e+00 0.000000000000e+00-9.500000000000e-09 2.800000000000e-09
     3.780000000000e+05 0.000000000000e+00                                      
C13 2025 04 10 10 00 00 1.699803397059e-05-8.204992241190e-12 0.000000000000e+00
     1.000000000000e+00 3.377031250000e+02 6.903859002010e-10 2.987993382604e+00
     1.117354258895e-05 5.143617861904e-03 1.707114279270e-05 6.493739725113e+03
     3.816000000000e+05-5.029141902924e-08-2.656311287124e+00-1.126900315285e-07
     1.040844114558e+00-2.561718750000e+02-2.286706725531e+00-1.811861185577e-09
     9.882554505206e-10 0.000000000000e+00 1.005000000000e+03 0.000000000000e+00
     2.000000000000e+00 0.000000000000e+00-9.500000000000e-09 2.800000000000e-09
     3.816000000000e+05 0.000000000000e+00                                      
C13 2025 04 10 11 00 00 1.696753315628e-05-8.333778112046e-12 0.000000000000e+00
     1.000000000000e+00 3.599531250000e+02 6.514557071737e-10-3.032606336318e+00
     1.183524727821e-05 5.141229252331e-03 1.752190291882e-05 6.493745584488e+03
     3.852000000000e+05-6.053596735001e-09-2.656317977049e+00-1.071020960808e-07
     1.040847580211e+00-2.712500000000e+02-2.286815059003e+00-1.821504444400e-09
     1.004327548559e-09 0.000000000000e+00 1.005000000000e+03 0.000000000000e+00
     2.000000000000e+00 0.000000000000e+00-9.500000000000e-09 2.800000000000e-09
     3.852000000000e+05 0.000000000000e+00                                      
C13 2025 04 10 12 00 00 1.693691592664e-05-8.419043240337e-12 0.000000000000e+00
     1.000000000000e+00 3.727968750000e+02 6.153827760199e-10-2.769900880941e+00
     1.224409788847e-05 5.138961365446e-03 1.832563430071e-05 6.493751703262e+03
     3.888000000000e+05-1.396983861923e-09-2.656324561643e+00-1.005828380585e-07
     1.040851183378e+00-2.961250000000e+02-2.287044225121e+00-1.822218759868e-09
     1.007184810433e-09 0.000000000000e+00 1.005000000000e+03 0.000000000000e+00
     2.000000000000e+00 0.000000000000e+00-9.500000000000e-09 2.800000000000e-09
     3.888000000000e+05 0.000000000000e+00                                      
C13 2025 04 10 13 00 00 1.690699718893e-05-8.354206215699e-12 0.000000000000e+00
     1.000000000000e+00 3.728593750000e+02 6.189543533618e-10-2.507312950551e+00
     1.223338767886e-05 5.138291395269e-03 1.875450834632e-05 6.493753828049e+03
     3.924000000000e+05 2.793967723846e-09-2.656330991168e+00-1.308508217335e-07
     1.040854828970e+00-3.057812500000e+02-2.287157112657e+00-1.822933075337e-09
     9.946842897361e-10 0.000000000000e+00 1.005000000000e+03 0.000000000000e+00
     2.000000000000e+00 0.000000000000e+00-9.500000000000e-09 2.800000000000e-09
     3.924000000000e+05 0.000000000000e+00                                      
C13 2025 04 10 14 00 00 1.687696203589e-05-8.355094394119e-12 0.000000000000e+00
     1.000000000000e+00 3.771718750000e+02 6.518128649079e-10-2.244946301150e+00
     1.228880137205e-05 5.138607579283e-03 1.869769766927e-05 6.493752300262e+03
     3.960000000000e+05 4.284083843231e-08-2.656337332918e+00-1.615844666958e-07
     1.040858408731e+00-3.002500000000e+02-2.287049251707e+00-1.830076230021e-09
     9.753977720895e-10 0.000000000000e+00 1.005000000000e+03 0.000000000000e+00
     2.000000000000e+00 0.000000000000e+00-9.500000000000e-09 2.800000000000e-09
     3.960000000000e+05 0.000000000000e+00                                      
C13 2025 04 10 15 00 00 1.684715971351e-05-8.298250975258e-12 0.000000000000e+00
     1.000000000000e+00 3.917343750000e+02 7.018149476953e-10-1.982749162993e+00
     1.261942088604e-05 5.139047745615e-03 1.853145658970e-05 6.493748710632e+03
     3.996000000000e+05 9.918585419655e-08-2.656343670279e+00-1.559965312481e-07
     1.040861862680e+00-2.928437500000e+02-2.286771679094e+00-1.844005381654e-09
     9.564684121771e-10 0.000000000000e+00 1.005000000000e+03 0.000000000000e+00
     2.000000000000e+00 0.000000000000e+00-9.500000000000e-09 2.800000000000e-09
     3.996000000000e+05 0.000000000000e+00                                      
C13 2025 04 10 16 00 00 1.681700814515e-05-8.333778112046e-12 0.000000000000e+00
     1.000000000000e+00 4.017812500000e+02 7.425309293937e-10-1.720452773158e+00
     1.279590651393e-05 5.139106418937e-03 1.852819696069e-05 6.493746488571e+03
     4.032000000000e+05 1.234002411366e-07-2.656350121748e+00-1.210719347000e-07
     1.040865212763e+00-2.928281250000e+02-2.286592584274e+00-1.859006006491e-09
     9.450393646828e-10 0.000000000000e+00 1.005000000000e+03 0.000000000000e+00
     2.000000000000e+00 0.000000000000e+00-9.500000000000e-09 2.800000000000e-09
     4.032000000000e+05 0.000000000000e+00                                      
C13 2025 04 10 17 00 00 1.678767148405e-05-8.253842054273e-12 0.000000000000e+00
     1.000000000000e+00 3.938906250000e+02 7.675319707874e-10-1.457806987284e+00
     1.247134059668e-05 5.139323417097e-03 1.829862594604e-05 6.493748649597e+03
     4.068000000000e+05 9.080395102501e-08-2.656356366945e+00 4.656612873077e-10
     1.040868194190e+00-2.870781250000e+02-2.286762317881e+00-1.912222508886e-09
     9.236099006311e-10 0.000000000000e+00 1.005000000000e+03 0.000000000000e+00
     2.000000000000e+00 0.000000000000e+00-9.500000000000e-09 2.800000000000e-09
     4.068000000000e+05 0.000000000000e+00                                      
C13 2025 04 10 18 00 00 1.675833482295e-05-8.203215884350e-12 0.000000000000e+00
     1.000000000000e+00 3.840000000000e+02 7.464596644698e-10-1.194979979507e+00
     1.212209463120e-05 5.140275810845e-03 1.759361475706e-05 6.493753578186e+03
     4.104000000000e+05 9.359791874886e-08-2.656363267530e+00-8.381903171539e-09
     1.040871550124e+00-2.673125000000e+02-2.287113065657e+00-1.909008089278e-09
     9.250385315679e-10 0.000000000000e+00 1.005000000000e+03 0.000000000000e+00
     2.000000000000e+00 0.000000000000e+00-9.500000000000e-09 2.800000000000e-09
     4.104000000000e+05 0.000000000000e+00                                      
C13 2025 04 10 19 00 00 1.672829966992e-05-8.262723838470e-12 0.000000000000e+00
     1.000000000000e+00 3.851250000000e+02 7.071723137082e-10-9.322181286383e-01
     1.216959208250e-05 5.141632980667e-03 1.677917316556e-05 6.493758430481e+03
     4.140000000000e+05 2.067536115646e-07-2.656370200298e+00-3.213062882423e-08
     1.040875382969e+00-2.457343750000e+02-2.287399335318e+00-1.856505902351e-09
     9.278957934414e-10 0.000000000000e+00 1.005000000000e+03 0.000000000000e+00
     2.000000000000e+00 0.000000000000e+00-9.500000000000e-09 2.800000000000e-09
     4.140000000000e+05 0.000000000000e+00                                      
C13 2025 04 10 20 00 00 1.669756602496e-05-8.381739746710e-12 0.000000000000e+00
     1.000000000000e+00 3.874531250000e+02 7.211014653419e-10-6.696816432256e-01
     1.232698559761e-05 5.142059409991e-03 1.650443300605e-05 6.493759727478e+03
     4.176000000000e+05 1.993030309677e-07-2.656376896074e+00-4.610046744347e-08
     1.040878656980e+00-2.405468750000e+02-2.287461269418e+00-1.863291899301e-09
     9.303958975808e-10 0.000000000000e+00 1.005000000000e+03 0.000000000000e+00
     2.000000000000e+00 0.000000000000e+00-9.500000000000e-09 2.800000000000e-09
     4.176000000000e+05 0.000000000000e+00                                      
C13 2025 04 10 21 00 00 1.666601747274e-05-8.577138999044e-12 0.000000000000e+00
     1.000000000000e+00 3.689218750000e+02 7.489597686092e-10-4.073069624042e-01
     1.188693568110e-05 5.140266264789e-03 1.669907942414e-05 6.493755216599e+03
     4.212000000000e+05 1.862645149231e-07-2.656383332914e+00 6.332993507385e-08
     1.040882419605e+00-2.488125000000e+02-2.287361998723e+00-1.818647182526e-09
     9.061091716555e-10 0.000000000000e+00 1.005000000000e+03 0.000000000000e+00
     2.000000000000e+00 0.000000000000e+00-9.500000000000e-09 2.800000000000e-09
     4.212000000000e+05 0.000000000000e+00                                      
C13 2025 04 10 22 00 00 1.663574948907e-05-8.512301974406e-12 0.000000000000e+00
     1.000000000000e+00 3.443906250000e+02 7.828897533578e-10-1.448418805600e-01
     1.120194792747e-05 5.137988831848e-03 1.663574948907e-05 6.493749694824e+03
     4.248000000000e+05 1.187436282635e-07-2.656389594203e+00 1.168809831142e-07
     1.040885924757e+00-2.465156250000e+02-2.287352521939e+00-1.790788879259e-09
     8.800366570592e-10 0.000000000000e+00 1.005000000000e+03 0.000000000000e+00
     2.000000000000e+00 0.000000000000e+00-9.500000000000e-09 2.800000000000e-09
     4.248000000000e+05 0.000000000000e+00                                      
C13 2025 04 10 23 00 00 1.660513225943e-05-8.512301974406e-12 0.000000000000e+00
     2.000000000000e+00 3.261406250000e+02 8.186055267774e-10 1.177237695875e-01
     1.068972051144e-05 5.136002786458e-03 1.628650352359e-05 6.493744743347e+03
     4.284000000000e+05 6.193295121193e-08-2.656395826234e+00 1.112930476665e-07
     1.040889203156e+00-2.341093750000e+02-2.287442704987e+00-1.778288358562e-09
     8.593215084758e-10 0.000000000000e+00 1.005000000000e+03 0.000000000000e+00
     2.000000000000e+00 0.000000000000e+00-9.500000000000e-09 2.800000000000e-09
     4.284000000000e+05 1.000000000000e+00                                      
C14 2025 04 10 00 00 00-2.467868616804e-04-4.327205260779e-11-2.846030702774e-19
     5.000000000000e+00 3.287500000000e+01 3.941949912322e-09-3.003319760895e-01
     1.587439328432e-06 1.403840840794e-03 3.055669367313e-06 5.282626075745e+03
     3.456000000000e+05-2.793967723846e-09-2.046949396047e+00 2.235174179077e-08
     9.798956207001e-01 3.097968750000e+02-2.258567462629e-01-7.028507051245e-09
     1.567922453121e-10 0.000000000000e+00 1.005000000000e+03 0.000000000000e+00
     2.000000000000e+00 0.000000000000e+00 7.200000000000e-09 2.000000000000e-09
     3.456000000000e+05 4.000000000000e+00                                      
C14 2025 04 10 01 00 00-2.469427417964e-04-4.327471714305e-11-2.846030702774e-19
     6.000000000000e+00 3.335937500000e+01 3.969093900121e-09 1.872606575752e-01
     1.606531441212e-06 1.403544214554e-03 3.116205334663e-06 5.282625492096e+03
     3.492000000000e+05-2.048909664154e-08-2.046974694290e+00 2.328306436539e-08
     9.798961107777e-01 3.076250000000e+02-2.258822259071e-01-7.043507676081e-09
     1.567922453121e-10 0.000000000000e+00 1.005000000000e+03 0.000000000000e+00
     2.000000000000e+00 0.000000000000e+00 7.200000000000e-09 2.000000000000e-09
     3.492000000000e+05 5.000000000000e+00                                      
C14 2025 04 10 02 00 00-2.470985054970e-04-4.327649349989e-11-2.846030702774e-19
     7.000000000000e+00 3.334375000000e+01 3.996952203388e-09 6.748271459679e-01
     1.643784344196e-06 1.403552596457e-03 3.083609044552e-06 5.282625516891e+03
     3.528000000000e+05-2.980232238770e-08-2.047000147601e+00-1.210719347000e-08
     9.798965438014e-01 3.076406250000e+02-2.258812808620e-01-7.072437452551e-09
     1.682212928064e-10 0.000000000000e+00 1.005000000000e+03 0.000000000000e+00
     2.000000000000e+00 0.000000000000e+00 7.200000000000e-09 2.000000000000e-09
     3.528000000000e+05 6.000000000000e+00                                      
C14 2025 04 10 03 00 00-2.472542691976e-04-4.327826985673e-11-2.846030702774e-19
     8.000000000000e+00 3.275000000000e+01 4.020524613845e-09 1.162447790125e+00
     1.653097569942e-06 1.403525820933e-03 3.082212060690e-06 5.282625370026e+03
     3.564000000000e+05 6.984919309616e-09-2.047025766223e+00-2.561137080193e-08
     9.798970777665e-01 3.078750000000e+02-2.259343628445e-01-7.093152601134e-09
     1.907222300607e-10 0.000000000000e+00 1.005000000000e+03 0.000000000000e+00
     2.000000000000e+00 0.000000000000e+00 7.200000000000e-09 2.000000000000e-09
     3.564000000000e+05 7.000000000000e+00                                      
C14 2025 04 10 04 00 00-2.474100328982e-04-4.328093439199e-11-2.846030702774e-19
     9.000000000000e+00 3.285937500000e+01 4.025881979858e-09 1.649945149787e+00
     1.665204763412e-06 1.403511501849e-03 3.129243850708e-06 5.282625562668e+03
     3.600000000000e+05 3.073364496231e-08-2.047051522358e+00 2.374872565269e-08
     9.798977477830e-01 3.072031250000e+02-2.258639833186e-01-7.100652913552e-09
     2.300095808223e-10 0.000000000000e+00 1.005000000000e+03 0.000000000000e+00
     2.000000000000e+00 0.000000000000e+00 7.200000000000e-09 2.000000000000e-09
     3.600000000000e+05 8.000000000000e+00                                      
C14 2025 04 10 05 00 00-2.475659130141e-04-4.328271074883e-11-2.846030702774e-19
     1.000000000000e+01 3.050000000000e+01 3.998023676591e-09 2.137186195961e+00
     1.559033989906e-06 1.403229776770e-03 3.271270543337e-06 5.282626613617e+03
     3.636000000000e+05-2.281740307808e-08-2.047077341399e+00 6.053596735001e-08
     9.798986343113e-01 3.040937500000e+02-2.255373283407e-01-7.082437869108e-09
     2.742971398626e-10 0.000000000000e+00 1.005000000000e+03 0.000000000000e+00
     2.000000000000e+00 0.000000000000e+00 7.200000000000e-09 2.000000000000e-09
     3.636000000000e+05 9.000000000000e+00                                      
C14 2025 04 10 06 00 00-2.477216767147e-04-4.328448710567e-11-2.846030702774e-19
     1.100000000000e+01 2.762500000000e+01 3.958022010361e-09 2.624600795421e+00
     1.441687345505e-06 1.402905094437e-03 3.279186785221e-06 5.282627370834e+03
     3.672000000000e+05-6.565824151039e-08-2.047103074128e+00 1.024454832077e-08
     9.798997885537e-01 3.039531250000e+02-2.253846523583e-01-7.040650414207e-09
     3.067984936744e-10 0.000000000000e+00 1.005000000000e+03 0.000000000000e+00
     2.000000000000e+00 0.000000000000e+00 7.200000000000e-09 2.000000000000e-09
     3.672000000000e+05 1.000000000000e+01                                      
C14 2025 04 10 07 00 00-2.478775568306e-04-4.328715164093e-11-2.846030702774e-19
     1.200000000000e+01 2.767187500000e+01 3.924449183347e-09 3.112160236937e+00
     1.467298716307e-06 1.402963302098e-03 3.339722752571e-06 5.282627250671e+03
     3.708000000000e+05-3.399327397346e-08-2.047128501108e+00-2.793967723846e-08
     9.799010993283e-01 3.035468750000e+02-2.253772397524e-01-6.998505801572e-09
     3.175132257003e-10 0.000000000000e+00 1.005000000000e+03 0.000000000000e+00
     2.000000000000e+00 0.000000000000e+00 7.200000000000e-09 2.000000000000e-09
     3.708000000000e+05 1.100000000000e+01                                      
C14 2025 04 10 08 00 00-2.480333205312e-04-4.328892799776e-11-2.846030702774e-19
     1.300000000000e+01 2.767187500000e+01 3.895876564611e-09-2.683466543050e+00
     1.433305442333e-06 1.402997644618e-03 3.424938768148e-06 5.282627178192e+03
     3.744000000000e+05-1.536682248116e-08-2.047153664762e+00-1.816079020500e-08
     9.799023311053e-01 3.033125000000e+02-2.253690430224e-01-6.980290757128e-09
     3.153702792951e-10 0.000000000000e+00 1.005000000000e+03 0.000000000000e+00
     2.000000000000e+00 0.000000000000e+00 7.200000000000e-09 2.000000000000e-09
     3.744000000000e+05 1.200000000000e+01                                      
C14 2025 04 10 09 00 00-2.481892006472e-04-4.329070435460e-11-2.846030702774e-19
     1.400000000000e+01 3.035937500000e+01 3.867303945875e-09-2.195691104605e+00
     1.470558345318e-06 1.402787864208e-03 3.425870090723e-06 5.282627880096e+03
     3.780000000000e+05-7.450580596924e-09-2.047178831341e+00-2.607703208923e-08
     9.799034385343e-01 3.036250000000e+02-2.255778072840e-01-6.987076754078e-09
     3.207276453081e-10 0.000000000000e+00 1.005000000000e+03 0.000000000000e+00
     2.000000000000e+00 0.000000000000e+00 7.200000000000e-09 2.000000000000e-09
     3.780000000000e+05 1.300000000000e+01                                      
C14 2025 04 10 10 00 00-2.483450807631e-04-4.329248071144e-11-2.846030702774e-19
     1.500000000000e+01 3.325000000000e+01 3.828730910582e-09-1.707747831420e+00
     1.527369022369e-06 1.402693684213e-03 3.474298864603e-06 5.282628917694e+03
     3.816000000000e+05 1.303851604462e-08-2.047204075456e+00-1.722946763039e-08
     9.799045737587e-01 3.008593750000e+02-2.259546988687e-01-6.994577066496e-09
     3.353711124101e-10 0.000000000000e+00 1.005000000000e+03 0.000000000000e+00
     2.000000000000e+00 0.000000000000e+00 7.200000000000e-09 2.000000000000e-09
     3.816000000000e+05 1.400000000000e+01                                      
C14 2025 04 10 11 00 00-2.485009608790e-04-4.329514524670e-11-2.846030702774e-19
     1.600000000000e+01 3.364062500000e+01 3.792657979428e-09-1.220133318353e+00
     1.573469489813e-06 1.402682275511e-03 3.363005816936e-06 5.282629026413e+03
     3.852000000000e+05 9.313225746155e-09-2.047229309330e+00-3.259629011154e-09
     9.799057879807e-01 3.002343750000e+02-2.260032999332e-01-6.993505593294e-09
     3.453715289676e-10 0.000000000000e+00 1.005000000000e+03 0.000000000000e+00
     2.000000000000e+00 0.000000000000e+00 7.200000000000e-09 2.000000000000e-09
     3.852000000000e+05 1.500000000000e+01                                      
C14 2025 04 10 12 00 00-2.486567245796e-04-4.329692160354e-11-2.846030702774e-19
     1.700000000000e+01 3.904687500000e+01 3.786943455681e-09-7.329382882674e-01
     1.940410584211e-06 1.402091118507e-03 3.229826688766e-06 5.282627489090e+03
     3.888000000000e+05 9.778887033463e-09-2.047254480298e+00-1.862645149231e-09
     9.799070299982e-01 3.020312500000e+02-2.256325818627e-01-6.993862751028e-09
     3.450143712334e-10 0.000000000000e+00 1.005000000000e+03 0.000000000000e+00
     2.000000000000e+00 0.000000000000e+00 7.200000000000e-09 2.000000000000e-09
     3.888000000000e+05 1.600000000000e+01                                      
C14 2025 04 10 13 00 00-2.488126046956e-04-4.329869796038e-11-2.846030702774e-19
     1.800000000000e+01 4.545312500000e+01 3.801944080517e-09-2.455752083931e-01
     2.318061888218e-06 1.401075976901e-03 3.475230187178e-06 5.282625421524e+03
     3.924000000000e+05 9.778887033463e-09-2.047279622008e+00 1.210719347000e-08
     9.799082252023e-01 2.978906250000e+02-2.254294673907e-01-7.003863167585e-09
     3.400141629547e-10 0.000000000000e+00 1.005000000000e+03 0.000000000000e+00
     2.000000000000e+00 0.000000000000e+00 7.200000000000e-09 2.000000000000e-09
     3.924000000000e+05 1.700000000000e+01                                      
C14 2025 04 10 14 00 00-2.489684848115e-04-4.330136249564e-11-2.846030702774e-19
     1.900000000000e+01 4.581250000000e+01 3.790157875289e-09 2.420465783030e-01
     2.334825694561e-06 1.400641747750e-03 3.715511411428e-06 5.282624551773e+03
     3.960000000000e+05 1.536682248116e-08-2.047304836864e+00 1.396983861923e-08
     9.799094759972e-01 2.947500000000e+02-2.254844160567e-01-6.998862959306e-09
     3.400141629547e-10 0.000000000000e+00 1.005000000000e+03 0.000000000000e+00
     2.000000000000e+00 0.000000000000e+00 7.200000000000e-09 2.000000000000e-09
     3.960000000000e+05 1.800000000000e+01                                      
C14 2025 04 10 15 00 00-2.491180785000e-04-4.349764992639e-11 0.000000000000e+00
     2.000000000000e+01 4.629687500000e+01 3.756585048274e-09 7.295798379744e-01
     2.302695065737e-06 1.400694367476e-03 3.744848072529e-06 5.282624692917e+03
     3.996000000000e+05 1.629814505577e-08-2.047329931761e+00 4.889443516731e-08
     9.799108204189e-01 2.950156250000e+02-2.254507352938e-01-6.971718971508e-09
     3.275136422578e-10 0.000000000000e+00 1.005000000000e+03 0.000000000000e+00
     2.000000000000e+00 0.000000000000e+00 7.200000000000e-09 2.000000000000e-09
     3.996000000000e+05 0.000000000000e+00                                      
C14 2025 04 10 16 00 00-2.492729108781e-04-4.326139446675e-11 0.000000000000e+00
     2.100000000000e+01 4.600000000000e+01 3.740870107970e-09 1.217180040777e+00
     2.296175807714e-06 1.400686218403e-03 3.741122782230e-06 5.282624605179e+03
     4.032000000000e+05-5.681067705154e-08-2.047354731148e+00 6.239861249924e-08
     9.799121194902e-01 2.952812500000e+02-2.254842770795e-01-6.936003198088e-09
     2.825117677491e-10 0.000000000000e+00 1.005000000000e+03 0.000000000000e+00
     2.000000000000e+00 0.000000000000e+00 7.200000000000e-09 2.000000000000e-09
     4.032000000000e+05 0.000000000000e+00                                      
C14 2025 04 10 17 00 00-2.494284417480e-04-4.323919000626e-11 0.000000000000e+00
     1.000000000000e+00 4.579687500000e+01 3.759085152414e-09 1.704798610516e+00
     2.302695065737e-06 1.400693552569e-03 3.791414201260e-06 5.282624479294e+03
     4.068000000000e+05-8.568167686462e-08-2.047379330116e+00-2.235174179077e-08
     9.799131479216e-01 2.959375000000e+02-2.255362955206e-01-6.927431412467e-09
     2.178662178596e-10 0.000000000000e+00 1.005000000000e+03 0.000000000000e+00
     2.000000000000e+00 0.000000000000e+00 7.200000000000e-09 2.000000000000e-09
     4.068000000000e+05 0.000000000000e+00                                      
C14 2025 04 10 18 00 00-2.495847875252e-04-4.332001424245e-11 0.000000000000e+00
     1.000000000000e+00 4.378125000000e+01 3.784443351542e-09 2.192139856338e+00
     2.138316631317e-06 1.400460023433e-03 3.955792635679e-06 5.282625251770e+03
     4.104000000000e+05-1.816079020500e-08-2.047403961267e+00-5.820766091347e-08
     9.799138442706e-01 2.940312500000e+02-2.253107369594e-01-6.950646665190e-09
     1.657211886670e-10 0.000000000000e+00 1.005000000000e+03 0.000000000000e+00
     2.000000000000e+00 0.000000000000e+00 7.200000000000e-09 2.000000000000e-09
     4.104000000000e+05 0.000000000000e+00                                      
C14 2025 04 10 19 00 00-2.497393870726e-04-4.313083223906e-11 0.000000000000e+00
     1.000000000000e+00 3.942187500000e+01 3.801229765049e-09 2.679499688534e+00
     1.828186213970e-06 1.399919390678e-03 3.911089152098e-06 5.282626447678e+03
     4.140000000000e+05 2.793967723846e-09-2.047428886466e+00-3.492459654808e-08
     9.799143562919e-01 2.946093750000e+02-2.251038320667e-01-6.969576025102e-09
     1.503634060966e-10 0.000000000000e+00 1.005000000000e+03 0.000000000000e+00
     2.000000000000e+00 0.000000000000e+00 7.200000000000e-09 2.000000000000e-09
     4.140000000000e+05 0.000000000000e+00                                      
C14 2025 04 10 20 00 00-2.498946851119e-04-4.313083223906e-11 0.000000000000e+00
     1.000000000000e+00 3.875000000000e+01 3.834088276595e-09-3.116134030073e+00
     1.736450940371e-06 1.399766188115e-03 3.741122782230e-06 5.282626737595e+03
     4.176000000000e+05-5.122274160385e-09-2.047453969659e+00-2.980232238770e-08
     9.799148609987e-01 2.953906250000e+02-2.250889351719e-01-6.977076337520e-09
     1.489347751598e-10 0.000000000000e+00 1.005000000000e+03 0.000000000000e+00
     2.000000000000e+00 0.000000000000e+00 7.200000000000e-09 2.000000000000e-09
     4.176000000000e+05 1.000000000000e+00                                      
C14 2025 04 10 21 00 00-2.500505652279e-04-4.323208457890e-11 0.000000000000e+00
     1.000000000000e+00 3.853125000000e+01 3.880875939775e-09-2.628584526159e+00
     1.809094101191e-06 1.399809145369e-03 3.624241799116e-06 5.282626651764e+03
     4.212000000000e+05-1.396983861923e-08-2.047479115758e+00-4.284083843231e-08
     9.799153349841e-01 2.948906250000e+02-2.250718614550e-01-6.989934015952e-09
     1.528635102359e-10 0.000000000000e+00 1.005000000000e+03 0.000000000000e+00
     2.000000000000e+00 0.000000000000e+00 7.200000000000e-09 2.000000000000e-09
     4.212000000000e+05 0.000000000000e+00                                      
C14 2025 04 10 22 00 00-2.502077259123e-04-4.342659565282e-11 0.000000000000e+00
     1.000000000000e+00 4.135937500000e+01 3.917306028663e-09-2.140773379347e+00
     2.079643309116e-06 1.399591332301e-03 3.614928573370e-06 5.282627464294e+03
     4.248000000000e+05 1.909211277962e-08-2.047504443259e+00-7.357448339462e-08
     9.799157782483e-01 2.948906250000e+02-2.253161658484e-01-7.017078003750e-09
     1.760787629587e-10 0.000000000000e+00 1.005000000000e+03 0.000000000000e+00
     2.000000000000e+00 0.000000000000e+00 7.200000000000e-09 2.000000000000e-09
     4.248000000000e+05 0.000000000000e+00                                      
C14 2025 04 10 23 00 00-2.503639552742e-04-4.342659565282e-11 0.000000000000e+00
     2.000000000000e+00 4.396875000000e+01 3.944092858727e-09-1.652804307602e+00
     2.282205969095e-06 1.399519736879e-03 3.862660378218e-06 5.282628578186e+03
     4.284000000000e+05 8.568167686462e-08-2.047530035547e+00-2.561137080193e-08
     9.799163502493e-01 2.918437500000e+02-2.257184258956e-01-7.039221783271e-09
     2.321525272275e-10 0.000000000000e+00 1.005000000000e+03 0.000000000000e+00
     2.000000000000e+00 0.000000000000e+00 7.200000000000e-09 2.000000000000e-09
     4.284000000000e+05 1.000000000000e+00                                      
C16 2025 04 10 00 00 00-3.004528116435e-04-3.388933578208e-11 0.000000000000e+00
     1.000000000000e+00-1.573437500000e+02 6.978862126191e-10-1.577740504871e+00
    -5.728099495173e-06 8.645073394291e-03 2.551730722189e-05 6.493326084137e+03
     3.456000000000e+05 4.190951585770e-08-4.832778328616e-01 1.955777406693e-08
     9.633144887951e-01-5.348593750000e+02-2.177293366380e+00-1.734000799522e-09
    -4.239462304908e-10 0.000000000000e+00 1.005000000000e+03 0.000000000000e+00
     2.000000000000e+00 0.000000000000e+00-2.800000000000e-09 4.600000000000e-09
     3.456000000000e+05 0.000000000000e+00                                      
C16 2025 04 10 01 00 00-3.005750477314e-04-3.391598113467e-11 0.000000000000e+00
     1.000000000000e+00-1.802656250000e+02 6.507413917053e-10-1.314747735309e+00
    -6.460119038820e-06 8.646551053971e-03 2.419948577881e-05 6.493336454391e+03
     3.492000000000e+05-4.097819328308e-08-4.832839580996e-01-6.519258022308e-09
     9.633127552372e-01-4.945781250000e+02-2.177758665030e+00-1.757930367713e-09
    -4.182317067436e-10 0.000000000000e+00 1.005000000000e+03 0.000000000000e+00
     2.000000000000e+00 0.000000000000e+00-2.800000000000e-09 4.600000000000e-09
     3.492000000000e+05 0.000000000000e+00                                      
C16 2025 04 10 02 00 00-3.006972838193e-04-3.394085013042e-11 0.000000000000e+00
     1.000000000000e+00-1.806562500000e+02 6.189543533618e-10-1.052018963944e+00
    -6.460584700108e-06 8.647757465951e-03 2.338876947761e-05 6.493341623306e+03
     3.528000000000e+05-3.259629011154e-09-4.832903144786e-01-4.423782229424e-08
     9.633114064267e-01-4.716718750000e+02-2.177961659542e+00-1.739358165535e-09
    -4.132314984649e-10 0.000000000000e+00 1.005000000000e+03 0.000000000000e+00
     2.000000000000e+00 0.000000000000e+00-2.800000000000e-09 4.600000000000e-09
     3.528000000000e+05 0.000000000000e+00                                      
C16 2025 04 10 03 00 00-3.008199855685e-04-3.400746351190e-11 0.000000000000e+00
     1.000000000000e+00-1.870468750000e+02 6.282404544509e-10-7.895608997178e-01
    -6.588175892830e-06 8.646977250464e-03 2.354430034757e-05 6.493339271545e+03
     3.564000000000e+05 6.239861249924e-08-4.832964836042e-01 1.164153218269e-08
     9.633103033865e-01-4.800781250000e+02-2.177895226969e+00-1.697213552900e-09
    -4.218032840856e-10 0.000000000000e+00 1.005000000000e+03 0.000000000000e+00
     2.000000000000e+00 0.000000000000e+00-2.800000000000e-09 4.600000000000e-09
     3.564000000000e+05 0.000000000000e+00                                      
C16 2025 04 10 04 00 00-3.009429201484e-04-3.407496507180e-11 0.000000000000e+00
     1.000000000000e+00-2.205468750000e+02 7.107438910502e-10-5.271961550360e-01
    -7.472001016140e-06 8.643779554404e-03 2.398435026407e-05 6.493330780029e+03
     3.600000000000e+05 5.867332220078e-08-4.833026117680e-01 5.587935447693e-09
     9.633087614708e-01-4.968281250000e+02-2.177735474852e+00-1.700070814773e-09
    -4.210889686172e-10 0.000000000000e+00 1.005000000000e+03 0.000000000000e+00
     2.000000000000e+00 0.000000000000e+00-2.800000000000e-09 4.600000000000e-09
     3.600000000000e+05 0.000000000000e+00                                      
C16 2025 04 10 05 00 00-3.010665532202e-04-3.419842187213e-11 0.000000000000e+00
     1.000000000000e+00-2.595937500000e+02 7.889614348391e-10-2.647503368971e-01
    -8.482020348310e-06 8.640289888717e-03 2.401415258646e-05 6.493322084427e+03
     3.636000000000e+05 4.144385457039e-08-4.833086711747e-01 1.443549990654e-08
     9.633073000157e-01-4.982343750000e+02-2.177655246962e+00-1.694356291026e-09
    -4.271606500985e-10 0.000000000000e+00 1.005000000000e+03 0.000000000000e+00
     2.000000000000e+00 0.000000000000e+00-2.800000000000e-09 4.600000000000e-09
     3.636000000000e+05 0.000000000000e+00                                      
C16 2025 04 10 06 00 00-3.011859953403e-04-3.370992374130e-11 0.000000000000e+00
     1.000000000000e+00-2.820312500000e+02 8.600358239442e-10-2.193455480511e-03
    -8.958391845226e-06 8.637840859592e-03 2.371752634645e-05 6.493316070557e+03
     3.672000000000e+05 6.984919309616e-09-4.833146311029e-01 9.313225746155e-09
     9.633058341718e-01-4.840625000000e+02-2.177684841795e+00-1.686141663140e-09
    -4.400183285296e-10 0.000000000000e+00 1.005000000000e+03 0.000000000000e+00
     2.000000000000e+00 0.000000000000e+00-2.800000000000e-09 4.600000000000e-09
     3.672000000000e+05 0.000000000000e+00                                      
C16 2025 04 10 07 00 00-3.013073001057e-04-3.370992374130e-11 0.000000000000e+00
     2.000000000000e+00-2.766718750000e+02 8.628930858177e-10 2.602589867515e-01
    -8.689239621162e-06 8.639244479127e-03 2.439832314849e-05 6.493319854736e+03
     3.708000000000e+05-3.725290298462e-09-4.833206115120e-01-9.778887033463e-09
     9.633042805528e-01-4.997968750000e+02-2.177608247793e+00-1.684355874469e-09
    -4.485901141503e-10 0.000000000000e+00 1.005000000000e+03 0.000000000000e+00
     2.000000000000e+00 0.000000000000e+00-2.800000000000e-09 4.600000000000e-09
     3.708000000000e+05 1.000000000000e+00                                      
C16 2025 04 10 08 00 00-3.014311660081e-04-3.395594916356e-11-1.761828530289e-19
     3.000000000000e+00-2.843750000000e+02 7.686034439900e-10 5.223474593540e-01
    -8.919741958380e-06 8.644137298688e-03 2.651335671544e-05 6.493334970474e+03
     3.744000000000e+05-1.164153218269e-08-4.833267235838e-01-1.862645149231e-09
     9.633026537879e-01-5.659687500000e+02-2.177167271619e+00-1.682927243532e-09
    -4.446613790741e-10 0.000000000000e+00 1.005000000000e+03 0.000000000000e+00
     2.000000000000e+00 0.000000000000e+00-2.800000000000e-09 4.600000000000e-09
     3.744000000000e+05 2.000000000000e+00                                      
C16 2025 04 10 09 00 00-3.015534020960e-04-3.395683734198e-11-1.761828530289e-19
     4.000000000000e+00-3.356406250000e+02 6.250260348431e-10 7.841419029777e-01
    -1.045176759362e-05 8.648943738081e-03 2.859812229872e-05 6.493354297638e+03
     3.780000000000e+05-3.632158041000e-08-4.833328693026e-01-1.583248376846e-08
     9.633010387263e-01-6.347968750000e+02-2.176434109742e+00-1.677212719785e-09
    -4.407326439980e-10 0.000000000000e+00 1.005000000000e+03 0.000000000000e+00
     2.000000000000e+00 0.000000000000e+00-2.800000000000e-09 4.600000000000e-09
     3.780000000000e+05 3.000000000000e+00                                      
C16 2025 04 10 10 00 00-3.016756381840e-04-3.395861369881e-11-1.761828530289e-19
     5.000000000000e+00-3.920468750000e+02 5.139499795082e-10 1.046055959172e+00
    -1.204991713166e-05 8.651174139231e-03 2.933759242296e-05 6.493368173599e+03
     3.816000000000e+05 9.313225746155e-09-4.833387326783e-01-3.213062882423e-08
     9.632993973322e-01-6.606562500000e+02-2.175824064126e+00-1.685427347671e-09
    -4.571618997710e-10 0.000000000000e+00 1.005000000000e+03 0.000000000000e+00
     2.000000000000e+00 0.000000000000e+00-2.800000000000e-09 4.600000000000e-09
     3.816000000000e+05 4.000000000000e+00                                      
C16 2025 04 10 11 00 00-3.017978742719e-04-3.395950187723e-11-1.761828530289e-19
     6.000000000000e+00-3.855468750000e+02 5.350222858257e-10 1.308650607282e+00
    -1.176167279482e-05 8.651184616610e-03 2.942467108369e-05 6.493366638184e+03
     3.852000000000e+05 4.516914486885e-08-4.833443356545e-01 6.193295121193e-08
     9.632975145566e-01-6.634843750000e+02-2.175898002931e+00-1.724357540699e-09
    -4.818057834305e-10 0.000000000000e+00 1.005000000000e+03 0.000000000000e+00
     2.000000000000e+00 0.000000000000e+00-2.800000000000e-09 4.600000000000e-09
     3.852000000000e+05 5.000000000000e+00                                      
C16 2025 04 10 12 00 00-3.019181312993e-04-3.381206425956e-11 0.000000000000e+00
     5.000000000000e+00-3.377031250000e+02 6.418124483504e-10 1.571810483050e+00
    -1.024920493364e-05 8.652022923343e-03 3.059906885028e-05 6.493353191376e+03
     3.888000000000e+05-4.749745130539e-08-4.833502780278e-01 1.061707735062e-07
     9.632955352285e-01-7.014218750000e+02-2.176537636066e+00-1.757216052245e-09
    -4.832344143673e-10 0.000000000000e+00 1.005000000000e+03 0.000000000000e+00
     2.000000000000e+00 0.000000000000e+00-2.800000000000e-09 4.600000000000e-09
     3.888000000000e+05 0.000000000000e+00                                      
C16 2025 04 10 13 00 00-3.020400181413e-04-3.383515689848e-11 0.000000000000e+00
     1.000000000000e+00-3.045781250000e+02 7.643175511796e-10 1.835152209776e+00
    -9.259674698114e-06 8.655020152219e-03 3.287801519036e-05 6.493334739685e+03
     3.924000000000e+05-3.725290298462e-08-4.833567558290e-01-1.071020960808e-08
     9.632940825508e-01-7.790000000000e+02-2.177357149608e+00-1.723643225230e-09
    -4.653765276575e-10 0.000000000000e+00 1.005000000000e+03 0.000000000000e+00
     2.000000000000e+00 0.000000000000e+00-2.800000000000e-09 4.600000000000e-09
     3.924000000000e+05 0.000000000000e+00                                      
C16 2025 04 10 14 00 00-3.021643497050e-04-3.416200655693e-11 0.000000000000e+00
     1.000000000000e+00-3.064531250000e+02 7.839612265604e-10 2.097930922238e+00
    -9.318813681602e-06 8.656632038765e-03 3.378139808774e-05 6.493328254700e+03
     3.960000000000e+05 6.239861249924e-08-4.833630039521e-01-3.445893526077e-08
     9.632928405334e-01-8.088593750000e+02-2.177610053034e+00-1.676498404316e-09
    -4.618049503155e-10 0.000000000000e+00 1.005000000000e+03 0.000000000000e+00
     2.000000000000e+00 0.000000000000e+00-2.800000000000e-09 4.600000000000e-09
     3.960000000000e+05 0.000000000000e+00                                      
C16 2025 04 10 15 00 00-3.022875171155e-04-3.420996819159e-11 0.000000000000e+00
     1.000000000000e+00-2.805781250000e+02 7.036007363663e-10 2.360209872626e+00
    -8.592382073402e-06 8.653630386107e-03 3.288360312581e-05 6.493337057114e+03
     3.996000000000e+05 6.007030606270e-08-4.833690077679e-01-4.656612873077e-10
     9.632912927660e-01-7.774687500000e+02-2.177361225298e+00-1.665069356822e-09
    -4.678766317969e-10 0.000000000000e+00 1.005000000000e+03 0.000000000000e+00
     2.000000000000e+00 0.000000000000e+00-2.800000000000e-09 4.600000000000e-09
     3.996000000000e+05 0.000000000000e+00                                      
C16 2025 04 10 16 00 00-3.024082398042e-04-3.389732938786e-11 0.000000000000e+00
     1.000000000000e+00-2.040156250000e+02 5.335936548889e-10 2.622402632270e+00
    -6.487127393484e-06 8.646615315229e-03 3.193644806743e-05 6.493355087280e+03
     4.032000000000e+05 2.933666110039e-08-4.833749047907e-01 3.771856427193e-08
     9.632897625537e-01-7.432656250000e+02-2.177027071402e+00-1.650068731986e-09
    -4.796628370253e-10 0.000000000000e+00 1.005000000000e+03 0.000000000000e+00
     2.000000000000e+00 0.000000000000e+00-2.800000000000e-09 4.600000000000e-09
     4.032000000000e+05 0.000000000000e+00                                      
C16 2025 04 10 17 00 00-3.025298938155e-04-3.384936775319e-11 0.000000000000e+00
     1.000000000000e+00-1.460312500000e+02 4.021596087048e-10 2.884838154391e+00
    -4.988163709641e-06 8.641425753012e-03 3.203982487321e-05 6.493367542267e+03
     4.068000000000e+05-6.519258022308e-09-4.833807125755e-01 5.727633833885e-08
     9.632881489551e-01-7.472187500000e+02-2.176938996419e+00-1.637925369023e-09
    -4.918061999880e-10 0.000000000000e+00 1.005000000000e+03 0.000000000000e+00
     2.000000000000e+00 0.000000000000e+00-2.800000000000e-09 4.600000000000e-09
     4.068000000000e+05 0.000000000000e+00                                      
C16 2025 04 10 18 00 00-3.026517806575e-04-3.384759139635e-11 0.000000000000e+00
     1.000000000000e+00-1.492656250000e+02 3.750156209059e-10-3.135842946663e+00
    -5.254056304693e-06 8.641895023175e-03 3.179954364896e-05 6.493366384506e+03
     4.104000000000e+05-7.590278983116e-08-4.833863345697e-01 4.377216100693e-08
     9.632865207273e-01-7.427031250000e+02-2.176922640995e+00-1.622924744187e-09
    -5.168072413817e-10 0.000000000000e+00 1.005000000000e+03 0.000000000000e+00
     2.000000000000e+00 0.000000000000e+00-2.800000000000e-09 4.600000000000e-09
     4.104000000000e+05 0.000000000000e+00                                      
C16 2025 04 10 19 00 00-3.027741331607e-04-3.391598113467e-11 0.000000000000e+00
     1.000000000000e+00-1.759375000000e+02 4.557332688342e-10-2.873575771302e+00
    -6.105750799179e-06 8.647207054310e-03 2.996809780598e-05 6.493352727890e+03
     4.140000000000e+05-1.154839992523e-07-4.833918819550e-01-1.629814505577e-08
     9.632847549852e-01-6.852031250000e+02-2.176670014060e+00-1.616138747237e-09
    -5.446655446490e-10 0.000000000000e+00 1.005000000000e+03 0.000000000000e+00
     2.000000000000e+00 0.000000000000e+00-2.800000000000e-09 4.600000000000e-09
     4.140000000000e+05 0.000000000000e+00                                      
C16 2025 04 10 20 00 00-3.028967184946e-04-3.396660730459e-11 0.000000000000e+00
     1.000000000000e+00-1.707343750000e+02 5.885959459551e-10-2.611590977167e+00
    -5.937647074461e-06 8.653459139168e-03 2.736691385508e-05 6.493334175110e+03
     4.176000000000e+05-1.126900315285e-07-4.833974337291e-01-7.916241884232e-08
     9.632828268591e-01-5.995000000000e+02-2.176133286972e+00-1.616853062706e-09
    -5.693094283086e-10 0.000000000000e+00 1.005000000000e+03 0.000000000000e+00
     2.000000000000e+00 0.000000000000e+00-2.800000000000e-09 4.600000000000e-09
     4.176000000000e+05 0.000000000000e+00                                      
C16 2025 04 10 21 00 00-3.030189545825e-04-3.397282455353e-11 0.000000000000e+00
     1.000000000000e+00-1.355000000000e+02 7.046722095689e-10-2.349608163823e+00
    -4.884786903858e-06 8.657268248498e-03 2.571009099483e-05 6.493319747925e+03
     4.212000000000e+05-5.681067705154e-08-4.834028757844e-01-1.466833055019e-07
     9.632807524413e-01-5.431875000000e+02-2.175591574259e+00-1.626496321529e-09
    -6.025250975888e-10 0.000000000000e+00 1.005000000000e+03 0.000000000000e+00
     2.000000000000e+00 0.000000000000e+00-2.800000000000e-09 4.600000000000e-09
     4.212000000000e+05 0.000000000000e+00                                      
C16 2025 04 10 22 00 00-3.031409578398e-04-3.392663927571e-11 0.000000000000e+00
     1.000000000000e+00-1.156093750000e+02 7.700320749268e-10-2.087300281304e+00
    -4.350207746029e-06 8.658168488182e-03 2.539670094848e-05 6.493314716339e+03
     4.248000000000e+05 6.845220923424e-08-4.834081422895e-01-1.392327249050e-07
     9.632784483453e-01-5.313906250000e+02-2.175372291616e+00-1.658997675341e-09
    -6.457411834265e-10 0.000000000000e+00 1.005000000000e+03 0.000000000000e+00
     2.000000000000e+00 0.000000000000e+00-2.800000000000e-09 4.600000000000e-09
     4.248000000000e+05 0.000000000000e+00                                      
C16 2025 04 10 23 00 00-3.032634267583e-04-3.397371273195e-11 0.000000000000e+00
     1.000000000000e+00-1.345937500000e+02 7.828897533578e-10-1.824571417775e+00
    -5.025882273912e-06 8.657928206958e-03 2.534082159400e-05 6.493318920135e+03
     4.284000000000e+05 1.261942088604e-07-4.834134877921e-01-1.676380634308e-08
     9.632758267961e-01-5.298281250000e+02-2.175572657265e+00-1.710428389065e-09
    -6.785996949726e-10 0.000000000000e+00 1.005000000000e+03 0.000000000000e+00
     2.000000000000e+00 0.000000000000e+00-2.800000000000e-09 4.600000000000e-09
     4.284000000000e+05 0.000000000000e+00                                      
C19 2025 04 10 00 00 00-9.643874363974e-04-1.443289932013e-12 0.000000000000e+00
     1.000000000000e+00 2.385937500000e+01 3.953378959816e-09 2.978832542778e+00
     1.227017492056e-06 1.086231903173e-03 2.996064722538e-06 5.282624805450e+03
     3.456000000000e+05-6.239861249924e-08-2.044593660527e+00 4.330649971962e-08
     9.824973883199e-01 3.113593750000e+02-7.645770209133e-01-7.052793777170e-09
     1.764359206929e-10 0.000000000000e+00 1.005000000000e+03 0.000000000000e+00
     2.000000000000e+00 0.000000000000e+00 1.030000000000e-08 1.030000000000e-08
     3.456000000000e+05 1.000000000000e+00                                      
C19 2025 04 10 01 00 00-9.643911616877e-04-1.246114322839e-12 0.000000000000e+00
     1.000000000000e+00 2.610937500000e+01 3.939806965917e-09-2.816920250047e+00
     1.320149749517e-06 1.086623524316e-03 3.089662641287e-06 5.282623991013e+03
     3.492000000000e+05-5.308538675308e-08-2.044619217706e+00-2.188608050346e-08
     9.824982616820e-01 3.092343750000e+02-7.644419394466e-01-7.001363063446e-09
     1.982225424788e-10 0.000000000000e+00 1.005000000000e+03 0.000000000000e+00
     2.000000000000e+00 0.000000000000e+00 1.030000000000e-08 1.030000000000e-08
     3.492000000000e+05 1.000000000000e+00                                      
C19 2025 04 10 02 00 00-9.643954690546e-04-1.230127111285e-12 0.000000000000e+00
     1.000000000000e+00 2.593750000000e+01 3.931592338030e-09-2.329748475970e+00
     1.307576894760e-06 1.087052864023e-03 3.347638994455e-06 5.282622802734e+03
     3.528000000000e+05-2.374872565269e-08-2.044644407692e+00-2.421438694000e-08
     9.824991043228e-01 3.048281250000e+02-7.640460050572e-01-6.976004864318e-09
     1.989368579472e-10 0.000000000000e+00 1.005000000000e+03 0.000000000000e+00
     2.000000000000e+00 0.000000000000e+00 1.030000000000e-08 1.030000000000e-08
     3.528000000000e+05 1.000000000000e+00                                      
C19 2025 04 10 03 00 00-9.644002420828e-04-1.252331571777e-12 0.000000000000e+00
     1.000000000000e+00 2.559375000000e+01 3.923734867878e-09-1.842252612873e+00
     1.223292201757e-06 1.087094191462e-03 3.414228558540e-06 5.282622636795e+03
     3.564000000000e+05-2.002343535423e-08-2.044669580124e+00-4.470348358154e-08
     9.824997538584e-01 3.042812500000e+02-7.639738217533e-01-6.990291173686e-09
     2.071514858337e-10 0.000000000000e+00 1.005000000000e+03 0.000000000000e+00
     2.000000000000e+00 0.000000000000e+00 1.030000000000e-08 1.030000000000e-08
     3.564000000000e+05 1.000000000000e+00                                      
C19 2025 04 10 04 00 00-9.644046658650e-04-1.249667036518e-12 0.000000000000e+00
     1.000000000000e+00 2.778125000000e+01 3.911948662650e-09-1.354389465175e+00
     1.267530024052e-06 1.087157521397e-03 3.436580300331e-06 5.282623271942e+03
     3.600000000000e+05 3.026798367500e-08-2.044694948586e+00-4.982575774193e-08
     9.825004238749e-01 3.032500000000e+02-7.642688528311e-01-7.013863584143e-09
     2.382242087088e-10 0.000000000000e+00 1.005000000000e+03 0.000000000000e+00
     2.000000000000e+00 0.000000000000e+00 1.030000000000e-08 1.030000000000e-08
     3.600000000000e+05 1.000000000000e+00                                      
C19 2025 04 10 05 00 00-9.644106030464e-04-1.352695733203e-12 0.000000000000e+00
     1.000000000000e+00 2.821875000000e+01 3.899805299687e-09-8.667551632145e-01
     1.278705894947e-06 1.087186508812e-03 3.408174961805e-06 5.282623413086e+03
     3.636000000000e+05 4.377216100693e-08-2.044720412138e+00 2.328306436539e-09
     9.825012767561e-01 3.027656250000e+02-7.643352737007e-01-7.017792319219e-09
     2.764400862678e-10 0.000000000000e+00 1.005000000000e+03 0.000000000000e+00
     2.000000000000e+00 0.000000000000e+00 1.030000000000e-08 1.030000000000e-08
     3.636000000000e+05 1.000000000000e+00                                      
C19 2025 04 10 06 00 00-9.644193341956e-04-1.622701972792e-12 0.000000000000e+00
     1.000000000000e+00 3.053125000000e+01 3.886233305788e-09-3.793171204920e-01
     1.444946974516e-06 1.086808391847e-03 3.270339220762e-06 5.282622625351e+03
     3.672000000000e+05 9.313225746155e-09-2.044745821562e+00 1.722946763039e-08
     9.825023154280e-01 3.045781250000e+02-7.642055391996e-01-7.005291798522e-09
     3.010839699273e-10 0.000000000000e+00 1.005000000000e+03 0.000000000000e+00
     2.000000000000e+00 0.000000000000e+00 1.030000000000e-08 1.030000000000e-08
     3.672000000000e+05 1.000000000000e+00                                      
C19 2025 04 10 07 00 00-9.644232923165e-04-1.465494392505e-12 0.000000000000e+00
     1.000000000000e+00 3.375000000000e+01 3.870875523217e-09 1.082826917116e-01
     1.687090843916e-06 1.086351228878e-03 3.320630639791e-06 5.282621725082e+03
     3.708000000000e+05-4.656612873077e-10-2.044771097861e+00 2.328306436539e-09
     9.825034506524e-01 3.039375000000e+02-7.642374220362e-01-6.993505593294e-09
     3.096557555480e-10 0.000000000000e+00 1.005000000000e+03 0.000000000000e+00
     2.000000000000e+00 0.000000000000e+00 1.030000000000e-08 1.030000000000e-08
     3.708000000000e+05 1.000000000000e+00                                      
C19 2025 04 10 08 00 00-9.644288802519e-04-1.482369782480e-12 0.000000000000e+00
     1.000000000000e+00 3.414062500000e+01 3.861232264394e-09 5.958760670757e-01
     1.724809408188e-06 1.086284639314e-03 3.381632268429e-06 5.282621578217e+03
     3.744000000000e+05-2.793967723846e-09-2.044796274681e+00 4.656612873077e-10
     9.825045668589e-01 3.035781250000e+02-7.642627041865e-01-6.993505593294e-09
     3.103700710164e-10 0.000000000000e+00 1.005000000000e+03 0.000000000000e+00
     2.000000000000e+00 0.000000000000e+00 1.030000000000e-08 1.030000000000e-08
     3.744000000000e+05 1.000000000000e+00                                      
C19 2025 04 10 09 00 00-9.644345846027e-04-1.510791491910e-12 0.000000000000e+00
     1.000000000000e+00 3.570312500000e+01 3.851589005571e-09 1.083154566878e+00
     1.788139343262e-06 1.086453674361e-03 3.298278898001e-06 5.282622280121e+03
     3.780000000000e+05-9.313225746155e-09-2.044821474908e+00-9.778887033463e-09
     9.825056377149e-01 3.056718750000e+02-7.639731137010e-01-7.003506009851e-09
     3.132273328900e-10 0.000000000000e+00 1.005000000000e+03 0.000000000000e+00
     2.000000000000e+00 0.000000000000e+00 1.030000000000e-08 1.030000000000e-08
     3.780000000000e+05 1.000000000000e+00                                      
C19 2025 04 10 10 00 00-9.644404053688e-04-1.551647699216e-12 0.000000000000e+00
     1.000000000000e+00 3.907812500000e+01 3.829445226050e-09 1.570302290582e+00
     1.892913132906e-06 1.086471136659e-03 3.293156623840e-06 5.282623172760e+03
     3.816000000000e+05-9.313225746155e-10-2.044846732189e+00-1.769512891769e-08
     9.825067392922e-01 3.057656250000e+02-7.635529841095e-01-7.010649164535e-09
     3.192990143713e-10 0.000000000000e+00 1.005000000000e+03 0.000000000000e+00
     2.000000000000e+00 0.000000000000e+00 1.030000000000e-08 1.030000000000e-08
     3.816000000000e+05 1.000000000000e+00                                      
C19 2025 04 10 11 00 00-9.644462261349e-04-1.585398479165e-12 0.000000000000e+00
     1.000000000000e+00 4.012500000000e+01 3.809444392935e-09 2.057686527178e+00
     1.906417310238e-06 1.086384640075e-03 3.300607204437e-06 5.282623588562e+03
     3.852000000000e+05 2.793967723846e-09-2.044871989469e+00-1.443549990654e-08
     9.825078876829e-01 3.045312500000e+02-7.633697097325e-01-7.012077795472e-09
     3.225134339791e-10 0.000000000000e+00 1.005000000000e+03 0.000000000000e+00
     2.000000000000e+00 0.000000000000e+00 1.030000000000e-08 1.030000000000e-08
     3.852000000000e+05 1.000000000000e+00                                      
C19 2025 04 10 12 00 00-9.644515812397e-04-1.560529483413e-12 0.000000000000e+00
     1.000000000000e+00 3.989062500000e+01 3.798015345441e-09 2.545186818527e+00
     1.906417310238e-06 1.086290227249e-03 3.309454768896e-06 5.282623821259e+03
     3.888000000000e+05 3.725290298462e-09-2.044897221880e+00-1.536682248116e-08
     9.825090477770e-01 3.036875000000e+02-7.633026817519e-01-7.012434953206e-09
     3.210848030423e-10 0.000000000000e+00 1.005000000000e+03 0.000000000000e+00
     2.000000000000e+00 0.000000000000e+00 1.030000000000e-08 1.030000000000e-08
     3.888000000000e+05 1.000000000000e+00                                      
C19 2025 04 10 13 00 00-9.644568199292e-04-1.530331417143e-12 0.000000000000e+00
     1.000000000000e+00 3.882812500000e+01 3.779800300997e-09 3.032729462818e+00
     1.917127519846e-06 1.086145523004e-03 3.316439688206e-06 5.282624107361e+03
     3.924000000000e+05 7.916241884232e-09-2.044922445514e+00-1.303851604462e-08
     9.825101932418e-01 3.033281250000e+02-7.632781208203e-01-7.014577899611e-09
     3.182275411687e-10 0.000000000000e+00 1.005000000000e+03 0.000000000000e+00
     2.000000000000e+00 0.000000000000e+00 1.030000000000e-08 1.030000000000e-08
     3.924000000000e+05 1.000000000000e+00                                      
C19 2025 04 10 14 00 00-9.644620586187e-04-1.501021529293e-12 0.000000000000e+00
     1.000000000000e+00 3.931250000000e+01 3.751941997730e-09-2.762947549387e+00
     2.025626599789e-06 1.086269388907e-03 3.436114639044e-06 5.282623826981e+03
     3.960000000000e+05 1.303851604462e-08-2.044947715961e+00-1.862645149231e-08
     9.825113679650e-01 3.025312500000e+02-7.632193407719e-01-7.008149060396e-09
     3.196561721055e-10 0.000000000000e+00 1.005000000000e+03 0.000000000000e+00
     2.000000000000e+00 0.000000000000e+00 1.030000000000e-08 1.030000000000e-08
     3.960000000000e+05 1.000000000000e+00                                      
C19 2025 04 10 15 00 00-9.644671808928e-04-1.480593425640e-12 0.000000000000e+00
     1.000000000000e+00 3.868750000000e+01 3.724083694463e-09-2.275714233272e+00
     1.984182745218e-06 1.086581498384e-03 3.688503056765e-06 5.282622888565e+03
     3.996000000000e+05 5.075708031654e-08-2.044972920576e+00-5.122274160385e-09
     9.825126919059e-01 2.991562500000e+02-7.628856096592e-01-6.973504760179e-09
     3.167989102319e-10 0.000000000000e+00 1.005000000000e+03 0.000000000000e+00
     2.000000000000e+00 0.000000000000e+00 1.030000000000e-08 1.030000000000e-08
     3.996000000000e+05 1.000000000000e+00                                      
C19 2025 04 10 16 00 00-9.644719539210e-04-1.438849039914e-12 0.000000000000e+00
     1.000000000000e+00 3.673437500000e+01 3.703725703613e-09-1.788418554423e+00
     1.879408955574e-06 1.086667878553e-03 3.752298653126e-06 5.282622297287e+03
     4.032000000000e+05 4.051253199577e-08-2.044997822368e+00 5.820766091347e-08
     9.825140334018e-01 2.980000000000e+02-7.626141535063e-01-6.926717096999e-09
     2.914407111040e-10 0.000000000000e+00 1.005000000000e+03 0.000000000000e+00
     2.000000000000e+00 0.000000000000e+00 1.030000000000e-08 1.030000000000e-08
     4.032000000000e+05 1.000000000000e+00                                      
C19 2025 04 10 17 00 00-9.644789388403e-04-1.558753126574e-12 0.000000000000e+00
     1.000000000000e+00 3.834375000000e+01 3.680510450891e-09-1.300607787969e+00
     1.960899680853e-06 1.086748670787e-03 3.811437636614e-06 5.282622835159e+03
     4.068000000000e+05-3.119930624962e-08-2.045022463760e+00 5.681067705154e-08
     9.825151759408e-01 2.968125000000e+02-7.628577571619e-01-6.896001531858e-09
     2.460816788611e-10 0.000000000000e+00 1.005000000000e+03 0.000000000000e+00
     2.000000000000e+00 0.000000000000e+00 1.030000000000e-08 1.030000000000e-08
     4.068000000000e+05 1.000000000000e+00                                      
C19 2025 04 10 18 00 00-9.644841775298e-04-1.522337811366e-12 0.000000000000e+00
     1.000000000000e+00 3.876562500000e+01 3.669438561131e-09-8.127656916620e-01
     1.979526132345e-06 1.086995704100e-03 3.948342055082e-06 5.282623592377e+03
     4.104000000000e+05-3.818422555923e-08-2.045047021766e+00-7.450580596924e-09
     9.825160580804e-01 2.940468750000e+02-7.631329539964e-01-6.893858585453e-09
     1.982225424788e-10 0.000000000000e+00 1.005000000000e+03 0.000000000000e+00
     2.000000000000e+00 0.000000000000e+00 1.030000000000e-08 1.030000000000e-08
     4.104000000000e+05 1.000000000000e+00                                      
C19 2025 04 10 19 00 00-9.644890669733e-04-1.469047106184e-12 0.000000000000e+00
     1.000000000000e+00 4.031250000000e+01 3.697654022132e-09-3.252427060642e-01
     2.005603164434e-06 1.086786971428e-03 3.947876393795e-06 5.282623188019e+03
     4.140000000000e+05 2.793967723846e-09-2.045071667547e+00-1.816079020500e-08
     9.825167120048e-01 2.947031250000e+02-7.630892332267e-01-6.909573525757e-09
     1.700070814773e-10 0.000000000000e+00 1.005000000000e+03 0.000000000000e+00
     2.000000000000e+00 0.000000000000e+00 1.030000000000e-08 1.030000000000e-08
     4.140000000000e+05 1.000000000000e+00                                      
C19 2025 04 10 20 00 00-9.644946549088e-04-1.491251566677e-12 0.000000000000e+00
     1.000000000000e+00 4.465625000000e+01 3.753013470932e-09 1.624061987443e-01
     2.094544470310e-06 1.086179283448e-03 3.976747393608e-06 5.282621995926e+03
     4.176000000000e+05 1.024454832077e-08-2.045096477174e+00 2.328306436539e-09
     9.825172591361e-01 2.931875000000e+02-7.631711098257e-01-6.924574150594e-09
     1.607209803882e-10 0.000000000000e+00 1.005000000000e+03 0.000000000000e+00
     2.000000000000e+00 0.000000000000e+00 1.030000000000e-08 1.030000000000e-08
     4.176000000000e+05 1.000000000000e+00                                      
C19 2025 04 10 21 00 00-9.644997771829e-04-1.469047106184e-12 0.000000000000e+00
     1.000000000000e+00 4.557812500000e+01 3.818016178556e-09 6.501505238475e-01
     2.091750502586e-06 1.085891271941e-03 3.919936716557e-06 5.282621328354e+03
     4.212000000000e+05-1.303851604462e-08-2.045121387743e+00 1.117587089539e-08
     9.825177331216e-01 2.906562500000e+02-7.633478361814e-01-6.945646456911e-09
     1.585780339831e-10 0.000000000000e+00 1.005000000000e+03 0.000000000000e+00
     2.000000000000e+00 0.000000000000e+00 1.030000000000e-08 1.030000000000e-08
     4.212000000000e+05 1.000000000000e+00                                      
C19 2025 04 10 22 00 00-9.645051322877e-04-1.480593425640e-12 0.000000000000e+00
     1.000000000000e+00 4.651562500000e+01 3.880518782040e-09 1.137554755607e+00
     2.269167453051e-06 1.085966359824e-03 3.727618604898e-06 5.282621725082e+03
     4.248000000000e+05-3.399327397346e-08-2.045146491418e+00-2.747401595116e-08
     9.825181368870e-01 2.914531250000e+02-7.631840039857e-01-6.981719388065e-09
     1.700070814773e-10 0.000000000000e+00 1.005000000000e+03 0.000000000000e+00
     2.000000000000e+00 0.000000000000e+00 1.030000000000e-08 1.030000000000e-08
     4.248000000000e+05 1.000000000000e+00                                      
C19 2025 04 10 23 00 00-9.645109530538e-04-1.510791491910e-12 0.000000000000e+00
     1.000000000000e+00 4.907812500000e+01 3.933378126701e-09 1.624776315712e+00
     2.568121999502e-06 1.085959840566e-03 3.757420927286e-06 5.282622476578e+03
     4.284000000000e+05 2.142041921616e-08-2.045171886212e+00-6.519258022308e-08
     9.825186108725e-01 2.912500000000e+02-7.628373201963e-01-7.020292423358e-09
     2.064371703653e-10 0.000000000000e+00 1.005000000000e+03 0.000000000000e+00
     2.000000000000e+00 0.000000000000e+00 1.030000000000e-08 1.030000000000e-08
     4.284000000000e+05 1.000000000000e+00                                      
C20 2025 04 10 00 00 00-8.457230869681e-04 1.764810519944e-12 0.000000000000e+00
     1.000000000000e+00 2.462500000000e+01 3.874804258293e-09-2.991321914759e+00
     1.168809831142e-06 9.256628109142e-04 3.171619027853e-06 5.282627798080e+03
     3.456000000000e+05-3.958120942116e-08-2.043964750582e+00-3.352761268616e-08
     9.824839704353e-01 3.066718750000e+02-3.491241034717e-01-6.976719179786e-09
     1.467918287546e-10 0.000000000000e+00 1.005000000000e+03 0.000000000000e+00
     2.000000000000e+00 0.000000000000e+00 1.280000000000e-08 1.280000000000e-08
     3.456000000000e+05 1.000000000000e+00                                      
C20 2025 04 10 01 00 00-8.457166841254e-04 1.765698698364e-12 0.000000000000e+00
     1.000000000000e+00 2.373437500000e+01 3.880518782040e-09-2.503928812880e+00
     1.121778041124e-06 9.259149665013e-04 3.274064511061e-06 5.282627220154e+03
     3.492000000000e+05-3.352761268616e-08-2.043989863034e+00-3.725290298462e-08
     9.824845073262e-01 3.046562500000e+02-3.489507740118e-01-6.974933391115e-09
     1.482204596914e-10 0.000000000000e+00 1.005000000000e+03 0.000000000000e+00
     2.000000000000e+00 0.000000000000e+00 1.280000000000e-08 1.280000000000e-08
     3.492000000000e+05 1.000000000000e+00                                      
C20 2025 04 10 02 00 00-8.457100484520e-04 1.798561299893e-12 0.000000000000e+00
     1.000000000000e+00 2.542187500000e+01 3.895876564611e-09-2.016131601825e+00
     1.217704266310e-06 9.258160134777e-04 3.277324140072e-06 5.282627687454e+03
     3.528000000000e+05 4.190951585770e-09-2.044015159813e+00-7.450580596924e-08
     9.824849125545e-01 3.046250000000e+02-3.491812889394e-01-7.007434744927e-09
     1.753644474903e-10 0.000000000000e+00 1.005000000000e+03 0.000000000000e+00
     2.000000000000e+00 0.000000000000e+00 1.280000000000e-08 1.280000000000e-08
     3.528000000000e+05 1.000000000000e+00                                      
C20 2025 04 10 03 00 00-8.457042276859e-04 1.749711486809e-12 0.000000000000e+00
     1.000000000000e+00 2.632812500000e+01 3.918020344131e-09-1.528381799557e+00
     1.297798007727e-06 9.258018108085e-04 3.364402800798e-06 5.282628019333e+03
     3.564000000000e+05 6.705522537231e-08-2.044040695048e+00-3.166496753693e-08
     9.824854874813e-01 3.038750000000e+02-3.493644316538e-01-7.028507051245e-09
     2.271523189487e-10 0.000000000000e+00 1.005000000000e+03 0.000000000000e+00
     2.000000000000e+00 0.000000000000e+00 1.280000000000e-08 1.280000000000e-08
     3.564000000000e+05 1.000000000000e+00                                      
C20 2025 04 10 04 00 00-8.456975920126e-04 1.768363233623e-12 0.000000000000e+00
     1.000000000000e+00 2.754687500000e+01 3.935878230841e-09-1.041142391851e+00
     1.341104507446e-06 9.256042540073e-04 3.295484930277e-06 5.282627323151e+03
     3.600000000000e+05 4.004687070847e-08-2.044066249301e+00 2.607703208923e-08
     9.824863374367e-01 3.063437500000e+02-3.490372193040e-01-7.020292423358e-09
     2.725113511916e-10 0.000000000000e+00 1.005000000000e+03 0.000000000000e+00
     2.000000000000e+00 0.000000000000e+00 1.280000000000e-08 1.280000000000e-08
     3.600000000000e+05 1.000000000000e+00                                      
C20 2025 04 10 05 00 00-8.456910727546e-04 1.801225835152e-12 0.000000000000e+00
     1.000000000000e+00 3.192187500000e+01 3.939449808183e-09-5.539351332332e-01
     1.571141183376e-06 9.250837611035e-04 3.237277269363e-06 5.282626121521e+03
     3.636000000000e+05 9.313225746155e-09-2.044091639707e+00 1.816079020500e-08
     9.824873804973e-01 3.075156250000e+02-3.486776398918e-01-7.004220325319e-09
     2.910835533698e-10 0.000000000000e+00 1.005000000000e+03 0.000000000000e+00
     2.000000000000e+00 0.000000000000e+00 1.280000000000e-08 1.280000000000e-08
     3.636000000000e+05 1.000000000000e+00                                      
C20 2025 04 10 06 00 00-8.456845534965e-04 1.801225835152e-12 0.000000000000e+00
     1.000000000000e+00 3.390625000000e+01 3.935878230841e-09-6.641364420057e-02
     1.703854650259e-06 9.247477864847e-04 3.336928784847e-06 5.282625452042e+03
     3.672000000000e+05 6.519258022308e-09-2.044116860415e+00 1.490116119385e-08
     9.824884381871e-01 3.060937500000e+02-3.486319953848e-01-7.002434536648e-09
     2.925121843066e-10 0.000000000000e+00 1.005000000000e+03 0.000000000000e+00
     2.000000000000e+00 0.000000000000e+00 1.280000000000e-08 1.280000000000e-08
     3.672000000000e+05 1.000000000000e+00                                      
C20 2025 04 10 07 00 00-8.456766372547e-04 1.904254531837e-12 0.000000000000e+00
     1.000000000000e+00 3.412500000000e+01 3.934806757638e-09 4.211072069997e-01
     1.712236553431e-06 9.248316055164e-04 3.327149897814e-06 5.282625633240e+03
     3.708000000000e+05-8.847564458847e-09-2.044142076734e+00 1.071020960808e-08
     9.824894241939e-01 3.067812500000e+02-3.485855594392e-01-7.016006530548e-09
     2.939408152434e-10 0.000000000000e+00 1.005000000000e+03 0.000000000000e+00
     2.000000000000e+00 0.000000000000e+00 1.280000000000e-08 1.280000000000e-08
     3.708000000000e+05 1.000000000000e+00                                      
C20 2025 04 10 08 00 00-8.456704672426e-04 1.853628361914e-12 0.000000000000e+00
     1.000000000000e+00 3.626562500000e+01 3.922663394676e-09 9.084009650379e-01
     1.766718924046e-06 9.250412695110e-04 3.295019268990e-06 5.282626279831e+03
     3.744000000000e+05-6.984919309616e-09-2.044167404235e+00-1.210719347000e-08
     9.824904102006e-01 3.079218750000e+02-3.483120683672e-01-7.032792944055e-09
     3.028697585983e-10 0.000000000000e+00 1.005000000000e+03 0.000000000000e+00
     2.000000000000e+00 0.000000000000e+00 1.280000000000e-08 1.280000000000e-08
     3.744000000000e+05 1.000000000000e+00                                      
C20 2025 04 10 09 00 00-8.456668583676e-04 1.472599819863e-12 0.000000000000e+00
     1.000000000000e+00 3.848437500000e+01 3.886590463522e-09 1.395624818998e+00
     1.755543053150e-06 9.251121664420e-04 3.281049430370e-06 5.282626905441e+03
     3.780000000000e+05 1.303851604462e-08-2.044192803418e+00-1.257285475731e-08
     9.824914722792e-01 3.068750000000e+02-3.479688970441e-01-7.041721887410e-09
     3.146559638267e-10 0.000000000000e+00 1.005000000000e+03 0.000000000000e+00
     2.000000000000e+00 0.000000000000e+00 1.280000000000e-08 1.280000000000e-08
     3.780000000000e+05 1.000000000000e+00                                      
C20 2025 04 10 10 00 00-8.456606883556e-04 1.560529483413e-12 0.000000000000e+00
     1.000000000000e+00 3.881250000000e+01 3.845874481823e-09 1.882937546695e+00
     1.753214746714e-06 9.250491857529e-04 3.226101398468e-06 5.282627368927e+03
     3.816000000000e+05 1.490116119385e-08-2.044218214305e+00 3.259629011154e-09
     9.824926060407e-01 3.050312500000e+02-3.477149169106e-01-7.042436202878e-09
     3.257278535868e-10 0.000000000000e+00 1.005000000000e+03 0.000000000000e+00
     2.000000000000e+00 0.000000000000e+00 1.280000000000e-08 1.280000000000e-08
     3.816000000000e+05 1.000000000000e+00                                      
C20 2025 04 10 11 00 00-8.456542855129e-04 1.616484723854e-12 0.000000000000e+00
     1.000000000000e+00 3.754687500000e+01 3.806944288796e-09 2.370322159261e+00
     1.782085746527e-06 9.248923743144e-04 3.208406269550e-06 5.282627813339e+03
     3.852000000000e+05-4.656612873077e-09-2.044243644210e+00 8.381903171539e-09
     9.824938027077e-01 3.037968750000e+02-3.475330835079e-01-7.034935890460e-09
     3.389426897521e-10 0.000000000000e+00 1.005000000000e+03 0.000000000000e+00
     2.000000000000e+00 0.000000000000e+00 1.280000000000e-08 1.280000000000e-08
     3.852000000000e+05 1.000000000000e+00                                      
C20 2025 04 10 12 00 00-8.456474170089e-04 1.721289777379e-12 0.000000000000e+00
     1.000000000000e+00 3.706250000000e+01 3.761942414287e-09 2.857859244463e+00
     1.896638423204e-06 9.248564019799e-04 3.252178430557e-06 5.282627887726e+03
     3.888000000000e+05-1.396983861923e-08-2.044269049246e+00-1.396983861923e-08
     9.824950944643e-01 3.037031250000e+02-3.475039904561e-01-7.017792319219e-09
     3.493002640438e-10 0.000000000000e+00 1.005000000000e+03 0.000000000000e+00
     2.000000000000e+00 0.000000000000e+00 1.280000000000e-08 1.280000000000e-08
     3.888000000000e+05 1.000000000000e+00                                      
C20 2025 04 10 13 00 00-8.456410141662e-04 1.735500632094e-12 0.000000000000e+00
     1.000000000000e+00 3.768750000000e+01 3.717297697513e-09-2.937844487941e+00
     1.976732164621e-06 9.252030868083e-04 3.507826477289e-06 5.282627182007e+03
     3.924000000000e+05 2.095475792885e-08-2.044294348951e+00-3.073364496231e-08
     9.824965222724e-01 3.013125000000e+02-3.474195844716e-01-6.983862334470e-09
     3.535861568541e-10 0.000000000000e+00 1.005000000000e+03 0.000000000000e+00
     2.000000000000e+00 0.000000000000e+00 1.280000000000e-08 1.280000000000e-08
     3.924000000000e+05 1.000000000000e+00                                      
C20 2025 04 10 14 00 00-8.456341456622e-04 1.784350445178e-12 0.000000000000e+00
     1.000000000000e+00 3.595312500000e+01 3.683724870498e-09-2.450556787847e+00
     1.851003617048e-06 9.255367331207e-04 3.690831363201e-06 5.282626359940e+03
     3.960000000000e+05 5.355104804039e-08-2.044319364850e+00 2.002343535423e-08
     9.824980305409e-01 2.988125000000e+02-3.471413316013e-01-6.934574567151e-09
     3.396570052205e-10 0.000000000000e+00 1.005000000000e+03 0.000000000000e+00
     2.000000000000e+00 0.000000000000e+00 1.280000000000e-08 1.280000000000e-08
     3.960000000000e+05 1.000000000000e+00                                      
C20 2025 04 10 15 00 00-8.456313516945e-04 1.548983163957e-12 0.000000000000e+00
     1.000000000000e+00 3.607812500000e+01 3.658009513636e-09-1.962962743929e+00
     1.853797584772e-06 9.255434852093e-04 3.705266863108e-06 5.282626405716e+03
     3.996000000000e+05-2.328306436539e-09-2.044344047204e+00 6.798654794693e-08
     9.824994159243e-01 2.985468750000e+02-3.471693962217e-01-6.890287008111e-09
     3.010839699273e-10 0.000000000000e+00 1.005000000000e+03 0.000000000000e+00
     2.000000000000e+00 0.000000000000e+00 1.280000000000e-08 1.280000000000e-08
     3.996000000000e+05 1.000000000000e+00                                      
C20 2025 04 10 16 00 00-8.456255309284e-04 1.581845765486e-12 0.000000000000e+00
     1.000000000000e+00 3.765625000000e+01 3.638722995990e-09-1.474952605148e+00
     1.934356987476e-06 9.255715413019e-04 3.833789378405e-06 5.282627206802e+03
     4.032000000000e+05-5.820766091347e-08-2.044368539378e+00 1.722946763039e-08
     9.825005423713e-01 2.960312500000e+02-3.476137078491e-01-6.872429121401e-09
     2.478674675321e-10 0.000000000000e+00 1.005000000000e+03 0.000000000000e+00
     2.000000000000e+00 0.000000000000e+00 1.280000000000e-08 1.280000000000e-08
     4.032000000000e+05 1.000000000000e+00                                      
C20 2025 04 10 17 00 00-8.456195937470e-04 1.592503906522e-12 0.000000000000e+00
     1.000000000000e+00 3.775000000000e+01 3.650866358952e-09-9.872761097042e-01
     1.921318471432e-06 9.256042540073e-04 3.900844603777e-06 5.282627416611e+03
     4.068000000000e+05-1.629814505577e-08-2.044392984740e+00-4.097819328308e-08
     9.825013879379e-01 2.952343750000e+02-3.477246848146e-01-6.885643957566e-09
     1.960795960737e-10 0.000000000000e+00 1.005000000000e+03 0.000000000000e+00
     2.000000000000e+00 0.000000000000e+00 1.280000000000e-08 1.280000000000e-08
     4.068000000000e+05 1.000000000000e+00                                      
C20 2025 04 10 18 00 00-8.456131909043e-04 1.658229109580e-12 0.000000000000e+00
     1.000000000000e+00 4.145312500000e+01 3.705511492284e-09-4.999629504465e-01
     1.999083906412e-06 9.251676965505e-04 3.895256668329e-06 5.282626462936e+03
     4.104000000000e+05 3.259629011154e-08-2.044417563226e+00-1.443549990654e-08
     9.825019716422e-01 2.956250000000e+02-3.474722597629e-01-6.916359522707e-09
     1.646497154644e-10 0.000000000000e+00 1.005000000000e+03 0.000000000000e+00
     2.000000000000e+00 0.000000000000e+00 1.280000000000e-08 1.280000000000e-08
     4.104000000000e+05 1.000000000000e+00                                      
C20 2025 04 10 19 00 00-8.456065552309e-04 1.720401598959e-12 0.000000000000e+00
     1.000000000000e+00 4.426562500000e+01 3.776585881389e-09-1.242587987349e-02
     2.022832632065e-06 9.246518602595e-04 3.906432539225e-06 5.282625459671e+03
     4.140000000000e+05 1.583248376846e-08-2.044442375780e+00 2.281740307808e-08
     9.825024119806e-01 2.929062500000e+02-3.474431769515e-01-6.948860876519e-09
     1.539349834385e-10 0.000000000000e+00 1.005000000000e+03 0.000000000000e+00
     2.000000000000e+00 0.000000000000e+00 1.280000000000e-08 1.280000000000e-08
     4.140000000000e+05 1.000000000000e+00                                      
C20 2025 04 10 20 00 00-8.456006180495e-04 1.705302565824e-12 0.000000000000e+00
     1.000000000000e+00 4.443750000000e+01 3.841945746747e-09 4.751351079473e-01
     2.073124051094e-06 9.246317204088e-04 3.730878233910e-06 5.282625442505e+03
     4.176000000000e+05-2.095475792885e-08-2.044467423863e+00 1.071020960808e-08
     9.825027996539e-01 2.925625000000e+02-3.474374189059e-01-6.982433703533e-09
     1.571494030463e-10 0.000000000000e+00 1.005000000000e+03 0.000000000000e+00
     2.000000000000e+00 0.000000000000e+00 1.280000000000e-08 1.280000000000e-08
     4.176000000000e+05 1.000000000000e+00                                      
C20 2025 04 10 21 00 00-8.455949136987e-04 1.661781823259e-12 0.000000000000e+00
     1.000000000000e+00 4.692187500000e+01 3.891233514066e-09 9.623638275734e-01
     2.357177436352e-06 9.248574497178e-04 3.619119524956e-06 5.282626214981e+03
     4.212000000000e+05-1.164153218269e-08-2.044492708939e+00-3.306195139885e-08
     9.825032282888e-01 2.935000000000e+02-3.470991161743e-01-7.014935057345e-09
     1.753644474903e-10 0.000000000000e+00 1.005000000000e+03 0.000000000000e+00
     2.000000000000e+00 0.000000000000e+00 1.280000000000e-08 1.280000000000e-08
     4.212000000000e+05 1.000000000000e+00                                      
C20 2025 04 10 22 00 00-8.455893257633e-04 1.628919221730e-12 0.000000000000e+00
     1.000000000000e+00 4.867187500000e+01 3.929806549360e-09 1.449619517557e+00
     2.558343112469e-06 9.249116992578e-04 3.744848072529e-06 5.282626796722e+03
     4.248000000000e+05 4.423782229424e-08-2.044518190046e+00-2.607703208923e-08
     9.825037915123e-01 2.925468750000e+02-3.467877925778e-01-7.037435994600e-09
     2.110802209099e-10 0.000000000000e+00 1.005000000000e+03 0.000000000000e+00
     2.000000000000e+00 0.000000000000e+00 1.280000000000e-08 1.280000000000e-08
     4.248000000000e+05 1.000000000000e+00                                      
C20 2025 04 10 23 00 00-8.455832721666e-04 1.640465541186e-12 0.000000000000e+00
     1.000000000000e+00 4.884375000000e+01 3.960879272235e-09 1.937154921867e+00
     2.566259354353e-06 9.249129798263e-04 3.880821168423e-06 5.282626859665e+03
     4.284000000000e+05 4.237517714500e-08-2.044543794038e+00 4.144385457039e-08
     9.825045580814e-01 2.925156250000e+02-3.467561745294e-01-7.037078836865e-09
     2.592965150264e-10 0.000000000000e+00 1.005000000000e+03 0.000000000000e+00
     2.000000000000e+00 0.000000000000e+00 1.280000000000e-08 1.280000000000e-08
     4.284000000000e+05 1.000000000000e+00                                      
C21 2025 04 10 00 00 00-9.077835129574e-04-2.160938095130e-12 0.000000000000e+00
     1.000000000000e+00 2.864062500000e+01 3.959093483564e-09 1.162831291174e+00
     1.479405909777e-06 8.962764404714e-04 2.769287675619e-06 5.282623758316e+03
     3.456000000000e+05-2.281740307808e-08-2.043142505772e+00-4.377216100693e-08
     9.817682787267e-01 3.115625000000e+02-5.240643209939e-01-7.084580815514e-09
     8.928943354902e-11 0.000000000000e+00 1.005000000000e+03 0.000000000000e+00
     2.000000000000e+00 0.000000000000e+00 1.150000000000e-08 1.150000000000e-08
     3.456000000000e+05 1.000000000000e+00                                      
C21 2025 04 10 01 00 00-9.077914291993e-04-2.182254377203e-12 0.000000000000e+00
     1.000000000000e+00 2.871875000000e+01 4.008024093148e-09 1.650364938518e+00
     1.601874828339e-06 8.962771389633e-04 2.859160304070e-06 5.282623828888e+03
     3.492000000000e+05 4.051253199577e-08-2.043168272148e+00-3.119930624962e-08
     9.817685259598e-01 3.115625000000e+02-5.240299892325e-01-7.109581856907e-09
     1.307197307158e-10 0.000000000000e+00 1.005000000000e+03 0.000000000000e+00
     2.000000000000e+00 0.000000000000e+00 1.150000000000e-08 1.150000000000e-08
     3.492000000000e+05 1.000000000000e+00                                      
C21 2025 04 10 02 00 00-9.077989961952e-04-2.152944489353e-12 0.000000000000e+00
     1.000000000000e+00 2.851562500000e+01 4.028024926263e-09 2.137637083405e+00
     1.588836312294e-06 8.961074054241e-04 3.087799996138e-06 5.282624452591e+03
     3.528000000000e+05 3.352761268616e-08-2.043194164335e+00 4.470348358154e-08
     9.817690057970e-01 3.094218750000e+02-5.237339736108e-01-7.107438910502e-09
     1.853648640478e-10 0.000000000000e+00 1.005000000000e+03 0.000000000000e+00
     2.000000000000e+00 0.000000000000e+00 1.150000000000e-08 1.150000000000e-08
     3.528000000000e+05 1.000000000000e+00                                      
C21 2025 04 10 03 00 00-9.078064467758e-04-2.126299136762e-12 0.000000000000e+00
     1.000000000000e+00 2.542187500000e+01 4.013024301427e-09 2.624896506756e+00
     1.369509845972e-06 8.956621168181e-04 3.233086317778e-06 5.282625484467e+03
     3.564000000000e+05-4.842877388000e-08-2.043220072614e+00 4.796311259270e-08
     9.817697928469e-01 3.073281250000e+02-5.234253564128e-01-7.072437452551e-09
     2.367955777720e-10 0.000000000000e+00 1.005000000000e+03 0.000000000000e+00
     2.000000000000e+00 0.000000000000e+00 1.150000000000e-08 1.150000000000e-08
     3.564000000000e+05 1.000000000000e+00                                      
C21 2025 04 10 04 00 00-9.078140137717e-04-2.120081887824e-12 0.000000000000e+00
     1.000000000000e+00 2.484375000000e+01 3.989809048704e-09 3.112433248172e+00
     1.314096152782e-06 8.955970406532e-04 3.228895366192e-06 5.282625614166e+03
     3.600000000000e+05-6.053596735001e-08-2.043245738049e+00-1.909211277962e-08
     9.817708651658e-01 3.071875000000e+02-5.233944683605e-01-7.022792527498e-09
     2.639395655709e-10 0.000000000000e+00 1.005000000000e+03 0.000000000000e+00
     2.000000000000e+00 0.000000000000e+00 1.150000000000e-08 1.150000000000e-08
     3.600000000000e+05 1.000000000000e+00                                      
C21 2025 04 10 05 00 00-9.078220464289e-04-2.144950883576e-12 0.000000000000e+00
     1.000000000000e+00 2.515625000000e+01 3.970165373324e-09-2.683342661684e+00
     1.333653926849e-06 8.958826074377e-04 3.375578671694e-06 5.282624998093e+03
     3.636000000000e+05-2.188608050346e-08-2.043271039217e+00-3.352761268616e-08
     9.817720003903e-01 3.048750000000e+02-5.232364307833e-01-6.986362438610e-09
     2.678683006471e-10 0.000000000000e+00 1.005000000000e+03 0.000000000000e+00
     2.000000000000e+00 0.000000000000e+00 1.150000000000e-08 1.150000000000e-08
     3.636000000000e+05 1.000000000000e+00                                      
C21 2025 04 10 06 00 00-9.078301955014e-04-2.190247982981e-12 0.000000000000e+00
     1.000000000000e+00 2.551562500000e+01 3.943021385525e-09-2.195746443870e+00
     1.274514943361e-06 8.958840044215e-04 3.445893526077e-06 5.282625022888e+03
     3.672000000000e+05-1.629814505577e-08-2.043296180928e+00-3.166496753693e-08
     9.817729776195e-01 3.048750000000e+02-5.232651054405e-01-6.983148019002e-09
     2.678683006471e-10 0.000000000000e+00 1.005000000000e+03 0.000000000000e+00
     2.000000000000e+00 0.000000000000e+00 1.150000000000e-08 1.150000000000e-08
     3.672000000000e+05 1.000000000000e+00                                      
C21 2025 04 10 07 00 00-9.078386938199e-04-2.241762331323e-12 0.000000000000e+00
     1.000000000000e+00 2.928125000000e+01 3.901948246092e-09-1.707613405341e+00
     1.307111233473e-06 8.958074031398e-04 3.454741090536e-06 5.282626016617e+03
     3.708000000000e+05 1.210719347000e-08-2.043321439671e+00-4.330649971962e-08
     9.817738831658e-01 3.040156250000e+02-5.238306681071e-01-6.999577274775e-09
     2.853690296227e-10 0.000000000000e+00 1.005000000000e+03 0.000000000000e+00
     2.000000000000e+00 0.000000000000e+00 1.150000000000e-08 1.150000000000e-08
     3.708000000000e+05 1.000000000000e+00                                      
C21 2025 04 10 08 00 00-9.078470757231e-04-2.280842181790e-12 0.000000000000e+00
     1.000000000000e+00 3.076562500000e+01 3.849803216900e-09-1.219607005779e+00
     1.306179910898e-06 8.959198603407e-04 3.410503268242e-06 5.282626798630e+03
     3.744000000000e+05 3.771856427193e-08-2.043346830077e+00-3.259629011154e-09
     9.817748940422e-01 3.012500000000e+02-5.242700043501e-01-7.007434744927e-09
     3.189418566371e-10 0.000000000000e+00 1.005000000000e+03 0.000000000000e+00
     2.000000000000e+00 0.000000000000e+00 1.150000000000e-08 1.150000000000e-08
     3.744000000000e+05 1.000000000000e+00                                      
C21 2025 04 10 09 00 00-9.078559232876e-04-2.330580173293e-12 0.000000000000e+00
     1.000000000000e+00 3.204687500000e+01 3.799801134112e-09-7.321978995758e-01
     1.485459506512e-06 8.957241661847e-04 3.179535269737e-06 5.282626321793e+03
     3.780000000000e+05 6.519258022308e-09-2.043372219021e+00 2.421438694000e-08
     9.817760760800e-01 3.023281250000e+02-5.241124685538e-01-6.997077170635e-09
     3.475144753728e-10 0.000000000000e+00 1.005000000000e+03 0.000000000000e+00
     2.000000000000e+00 0.000000000000e+00 1.150000000000e-08 1.150000000000e-08
     3.780000000000e+05 1.000000000000e+00                                      
C21 2025 04 10 10 00 00-9.078645380214e-04-2.355449169045e-12 0.000000000000e+00
     1.000000000000e+00 3.803125000000e+01 3.772657146313e-09-2.448645491228e-01
     1.951586455107e-06 8.949140319601e-04 3.181397914886e-06 5.282624679565e+03
     3.816000000000e+05-1.164153218269e-08-2.043397490930e+00 8.847564458847e-09
     9.817773839288e-01 3.022031250000e+02-5.238792282098e-01-6.982790861268e-09
     3.596578383355e-10 0.000000000000e+00 1.005000000000e+03 0.000000000000e+00
     2.000000000000e+00 0.000000000000e+00 1.150000000000e-08 1.150000000000e-08
     3.816000000000e+05 1.000000000000e+00                                      
C21 2025 04 10 11 00 00-9.078728035092e-04-2.342126492749e-12 0.000000000000e+00
     1.000000000000e+00 4.104687500000e+01 3.759085152414e-09 2.428543504642e-01
     2.168584614992e-06 8.942366112024e-04 3.473367542028e-06 5.282623317719e+03
     3.852000000000e+05-9.778887033463e-09-2.043422639955e+00 3.259629011154e-09
     9.817787049438e-01 2.982812500000e+02-5.240311815107e-01-6.977790652989e-09
     3.618007847406e-10 0.000000000000e+00 1.005000000000e+03 0.000000000000e+00
     2.000000000000e+00 0.000000000000e+00 1.150000000000e-08 1.150000000000e-08
     3.852000000000e+05 1.000000000000e+00                                      
C21 2025 04 10 12 00 00-9.078804869205e-04-2.272848576013e-12 0.000000000000e+00
     1.000000000000e+00 4.134375000000e+01 3.729798218210e-09 7.304030278293e-01
     2.144370228052e-06 8.942326530814e-04 3.571156412363e-06 5.282623327255e+03
     3.888000000000e+05-3.725290298462e-09-2.043447749481e+00 6.984919309616e-09
     9.817800405880e-01 2.983125000000e+02-5.240126200061e-01-6.971004656039e-09
     3.607293115380e-10 0.000000000000e+00 1.005000000000e+03 0.000000000000e+00
     2.000000000000e+00 0.000000000000e+00 1.150000000000e-08 1.150000000000e-08
     3.888000000000e+05 1.000000000000e+00                                      
C21 2025 04 10 13 00 00-9.078889852390e-04-2.292388501246e-12 0.000000000000e+00
     2.000000000000e+00 4.281250000000e+01 3.701939914942e-09 1.217758101153e+00
     2.165324985981e-06 8.943156572059e-04 3.566965460777e-06 5.282623735428e+03
     3.924000000000e+05-1.676380634308e-08-2.043472752214e+00 3.026798367500e-08
     9.817814113423e-01 2.987500000000e+02-5.238006446393e-01-6.953146769329e-09
     3.485859485754e-10 0.000000000000e+00 1.005000000000e+03 0.000000000000e+00
     2.000000000000e+00 0.000000000000e+00 1.150000000000e-08 1.150000000000e-08
     3.924000000000e+05 1.000000000000e+00                                      
C21 2025 04 10 14 00 00-9.078981820494e-04-2.404298982128e-12 0.000000000000e+00
     1.000000000000e+00 4.225000000000e+01 3.708011596424e-09 1.705452316923e+00
     2.173241227865e-06 8.943391731009e-04 3.572087734938e-06 5.282623512268e+03
     3.960000000000e+05-6.845220923424e-08-2.043497554527e+00 8.847564458847e-09
     9.817827235798e-01 2.994843750000e+02-5.239280896736e-01-6.934574567151e-09
     3.107272287506e-10 0.000000000000e+00 1.005000000000e+03 0.000000000000e+00
     2.000000000000e+00 0.000000000000e+00 1.150000000000e-08 1.150000000000e-08
     3.960000000000e+05 1.000000000000e+00                                      
C21 2025 04 10 15 00 00-9.079066803679e-04-2.389199948993e-12 0.000000000000e+00
     1.000000000000e+00 4.226562500000e+01 3.741584423438e-09 2.193074938945e+00
     2.154149115086e-06 8.943666471168e-04 3.664288669825e-06 5.282623411179e+03
     3.996000000000e+05-4.936009645462e-08-2.043522198845e+00-6.658956408501e-08
     9.817838193054e-01 3.000468750000e+02-5.239838839063e-01-6.940289090898e-09
     2.539391490134e-10 0.000000000000e+00 1.005000000000e+03 0.000000000000e+00
     2.000000000000e+00 0.000000000000e+00 1.150000000000e-08 1.150000000000e-08
     3.996000000000e+05 1.000000000000e+00                                      
C21 2025 04 10 16 00 00-9.079147130251e-04-2.345679206428e-12 0.000000000000e+00
     1.000000000000e+00 4.001562500000e+01 3.774800092718e-09 2.680464740481e+00
     1.952517777681e-06 8.940519765019e-04 3.758817911148e-06 5.282624111176e+03
     4.032000000000e+05 2.421438694000e-08-2.043546892902e+00-5.960464477539e-08
     9.817846063554e-01 2.990625000000e+02-5.238067040460e-01-6.974219075647e-09
     2.082229590363e-10 0.000000000000e+00 1.005000000000e+03 0.000000000000e+00
     2.000000000000e+00 0.000000000000e+00 1.150000000000e-08 1.150000000000e-08
     4.032000000000e+05 1.000000000000e+00                                      
C21 2025 04 10 17 00 00-9.079227456823e-04-2.306599355961e-12 0.000000000000e+00
     1.000000000000e+00 3.781250000000e+01 3.793729452631e-09-3.115165948423e+00
     1.793727278709e-06 8.937116945162e-04 3.676861524582e-06 5.282624776840e+03
     4.068000000000e+05 2.887099981308e-08-2.043571901487e+00-2.328306436539e-08
     9.817852339472e-01 3.001250000000e+02-5.237943321478e-01-7.000291590243e-09
     1.942938074027e-10 0.000000000000e+00 1.005000000000e+03 0.000000000000e+00
     2.000000000000e+00 0.000000000000e+00 1.150000000000e-08 1.150000000000e-08
     4.068000000000e+05 1.000000000000e+00                                      
C21 2025 04 10 18 00 00-9.079310111701e-04-2.294164858085e-12 0.000000000000e+00
     1.000000000000e+00 3.765625000000e+01 3.811587339341e-09-2.627680518858e+00
     1.783948391676e-06 8.938112296164e-04 3.644730895758e-06 5.282624542236e+03
     4.104000000000e+05 3.632158041000e-08-2.043597104639e+00-2.188608050346e-08
     9.817859683321e-01 2.991562500000e+02-5.237128271300e-01-6.993505593294e-09
     1.942938074027e-10 0.000000000000e+00 1.005000000000e+03 0.000000000000e+00
     2.000000000000e+00 0.000000000000e+00 1.150000000000e-08 1.150000000000e-08
     4.104000000000e+05 1.000000000000e+00                                      
C21 2025 04 10 19 00 00-9.079392766580e-04-2.297717571764e-12 0.000000000000e+00
     1.000000000000e+00 3.696875000000e+01 3.831945330190e-09-2.140222365401e+00
     1.831445842981e-06 8.938884129748e-04 3.618653863668e-06 5.282624315262e+03
     4.140000000000e+05 4.097819328308e-08-2.043622233183e+00-4.656612873077e-09
     9.817867305124e-01 2.983906250000e+02-5.236039070273e-01-6.979576441660e-09
     1.889364413897e-10 0.000000000000e+00 1.005000000000e+03 0.000000000000e+00
     2.000000000000e+00 0.000000000000e+00 1.150000000000e-08 1.150000000000e-08
     4.140000000000e+05 1.000000000000e+00                                      
C21 2025 04 10 20 00 00-9.079469600692e-04-2.253308650779e-12 0.000000000000e+00
     1.000000000000e+00 4.021875000000e+01 3.829802383785e-09-1.652110264155e+00
     2.045650035143e-06 8.938506944105e-04 3.695953637362e-06 5.282625274658e+03
     4.176000000000e+05 3.399327397346e-08-2.043647322228e+00 9.313225746155e-10
     9.817874253985e-01 2.971093750000e+02-5.241488030501e-01-6.974576233381e-09
     1.842933908452e-10 0.000000000000e+00 1.005000000000e+03 0.000000000000e+00
     2.000000000000e+00 0.000000000000e+00 1.150000000000e-08 1.150000000000e-08
     4.176000000000e+05 1.000000000000e+00                                      
C21 2025 04 10 21 00 00-9.079544106498e-04-2.201794302437e-12 0.000000000000e+00
     1.000000000000e+00 4.164062500000e+01 3.823016386835e-09-1.163946633084e+00
     2.122018486261e-06 8.940456900746e-04 3.914348781109e-06 5.282626382828e+03
     4.212000000000e+05 3.911554813385e-08-2.043672515141e+00 2.281740307808e-08
     9.817880793229e-01 2.932656250000e+02-5.247454819842e-01-6.976004864318e-09
     1.996511734156e-10 0.000000000000e+00 1.005000000000e+03 0.000000000000e+00
     2.000000000000e+00 0.000000000000e+00 1.150000000000e-08 1.150000000000e-08
     4.212000000000e+05 1.000000000000e+00                                      
C21 2025 04 10 22 00 00-9.079636074603e-04-2.283506717049e-12 0.000000000000e+00
     1.000000000000e+00 4.260937500000e+01 3.828016595114e-09-6.764340590737e-01
     2.140179276466e-06 8.939364925027e-04 3.927387297153e-06 5.282626167297e+03
     4.248000000000e+05-1.396983861923e-09-2.043697811920e+00 4.563480615616e-08
     9.817888429661e-01 2.936406250000e+02-5.246913832736e-01-6.962075712684e-09
     2.310810540249e-10 0.000000000000e+00 1.005000000000e+03 0.000000000000e+00
     2.000000000000e+00 0.000000000000e+00 1.150000000000e-08 1.150000000000e-08
     4.248000000000e+05 1.000000000000e+00                                      
C21 2025 04 10 23 00 00-9.079724550247e-04-2.337685600651e-12 0.000000000000e+00
     1.000000000000e+00 4.817187500000e+01 3.846588797292e-09-1.890289261564e-01
     2.357643097639e-06 8.931903867051e-04 3.959052264690e-06 5.282624691010e+03
     4.284000000000e+05-2.700835466385e-08-2.043723012147e+00 1.490116119385e-08
     9.817897792337e-01 2.928593750000e+02-5.245297454550e-01-6.936360355822e-09
     2.507247294057e-10 0.000000000000e+00 1.005000000000e+03 0.000000000000e+00
     2.000000000000e+00 0.000000000000e+00 1.150000000000e-08 1.150000000000e-08
     4.284000000000e+05 1.000000000000e+00                                      
C22 2025 04 10 00 00 00 2.968232147396e-04 8.036238341447e-12 0.000000000000e+00
     1.000000000000e+00 2.690625000000e+01 4.016953036503e-09 1.319663501396e+00
     1.544132828712e-06 7.398846792057e-04 2.880580723286e-06 5.282624263763e+03
     3.456000000000e+05 4.703179001808e-08-2.043216184178e+00 2.002343535423e-08
     9.817775697194e-01 3.121406250000e+02 9.855941254943e-02-7.130654163225e-09
     1.267909956396e-10 0.000000000000e+00 1.005000000000e+03 0.000000000000e+00
     2.000000000000e+00 0.000000000000e+00 1.400000000000e-08 1.400000000000e-08
     3.456000000000e+05 1.000000000000e+00                                      
C22 2025 04 10 01 00 00 2.968526678160e-04 8.085088154530e-12 0.000000000000e+00
     1.000000000000e+00 2.534375000000e+01 4.024453348921e-09 1.806704265307e+00
     1.391861587763e-06 7.398037705570e-04 3.098044544458e-06 5.282625055313e+03
     3.492000000000e+05-1.909211277962e-08-2.043242172918e+00 6.519258022308e-08
     9.817780949070e-01 3.098593750000e+02 9.908671259359e-02-7.108510383705e-09
     1.814361289716e-10 0.000000000000e+00 1.005000000000e+03 0.000000000000e+00
     2.000000000000e+00 0.000000000000e+00 1.400000000000e-08 1.400000000000e-08
     3.492000000000e+05 1.000000000000e+00                                      
C22 2025 04 10 02 00 00 2.968825865537e-04 8.155254249687e-12 0.000000000000e+00
     1.000000000000e+00 2.450000000000e+01 4.009452724085e-09 2.294123693860e+00
     1.276377588511e-06 7.397404406220e-04 3.113411366940e-06 5.282625305176e+03
     3.528000000000e+05-7.543712854385e-08-2.043268053402e+00 4.190951585770e-09
     9.817789551028e-01 3.095312500000e+02 9.923512270690e-02-7.056365354512e-09
     2.232235838726e-10 0.000000000000e+00 1.005000000000e+03 0.000000000000e+00
     2.000000000000e+00 0.000000000000e+00 1.400000000000e-08 1.400000000000e-08
     3.528000000000e+05 1.000000000000e+00                                      
C22 2025 04 10 03 00 00 2.969118067995e-04 8.143707930230e-12 0.000000000000e+00
     1.000000000000e+00 2.592187500000e+01 3.989451890970e-09 2.781879900784e+00
     1.343898475170e-06 7.401341572404e-04 3.246124833822e-06 5.282624486923e+03
     3.564000000000e+05-3.445893526077e-08-2.043293560841e+00-4.703179001808e-08
     9.817800274218e-01 3.068437500000e+02 9.904654817772e-02-7.001363063446e-09
     2.371527355062e-10 0.000000000000e+00 1.005000000000e+03 0.000000000000e+00
     2.000000000000e+00 0.000000000000e+00 1.400000000000e-08 1.400000000000e-08
     3.564000000000e+05 1.000000000000e+00                                      
C22 2025 04 10 04 00 00 2.969411434606e-04 8.138378859712e-12 0.000000000000e+00
     1.000000000000e+00 2.510937500000e+01 3.969093900121e-09-3.013774888233e+00
     1.273117959499e-06 7.404714124277e-04 3.421679139137e-06 5.282623826981e+03
     3.600000000000e+05-9.778887033463e-09-2.043318728884e+00-3.678724169731e-08
     9.817809929477e-01 3.045468750000e+02 9.908376481366e-02-6.978504968457e-09
     2.350097891010e-10 0.000000000000e+00 1.005000000000e+03 0.000000000000e+00
     2.000000000000e+00 0.000000000000e+00 1.400000000000e-08 1.400000000000e-08
     3.600000000000e+05 1.000000000000e+00                                      
C22 2025 04 10 05 00 00 2.969694323838e-04 8.054890088260e-12 0.000000000000e+00
     1.000000000000e+00 2.704687500000e+01 3.939806965917e-09-2.526001834344e+00
     1.244712620974e-06 7.402705959976e-04 3.436580300331e-06 5.282624315262e+03
     3.636000000000e+05 3.259629011154e-09-2.043343918870e+00-5.168840289116e-08
     9.817817873122e-01 3.046875000000e+02 9.887860371931e-02-6.991005489154e-09
     2.450102056585e-10 0.000000000000e+00 1.005000000000e+03 0.000000000000e+00
     2.000000000000e+00 0.000000000000e+00 1.400000000000e-08 1.400000000000e-08
     3.636000000000e+05 1.000000000000e+00                                      
C22 2025 04 10 06 00 00 2.969977213070e-04 8.002487561498e-12 0.000000000000e+00
     1.000000000000e+00 2.954687500000e+01 3.901233930624e-09-2.037902595074e+00
     1.261010766029e-06 7.400499889627e-04 3.442633897066e-06 5.282625183105e+03
     3.672000000000e+05 4.796311259270e-08-2.043369287333e+00-3.026798367500e-08
     9.817826226384e-01 3.023750000000e+02 9.834705243520e-02-7.006720429459e-09
     2.778687172046e-10 0.000000000000e+00 1.005000000000e+03 0.000000000000e+00
     2.000000000000e+00 0.000000000000e+00 1.400000000000e-08 1.400000000000e-08
     3.672000000000e+05 1.000000000000e+00                                      
C22 2025 04 10 07 00 00 2.970262430608e-04 7.959854997353e-12 0.000000000000e+00
     1.000000000000e+00 2.990625000000e+01 3.858017844786e-09-1.550308731096e+00
     1.310836523771e-06 7.400233298540e-04 3.291759639978e-06 5.282625211716e+03
     3.708000000000e+05 3.306195139885e-08-2.043394723089e+00 2.095475792885e-08
     9.817836422923e-01 3.020468750000e+02 9.832049169456e-02-7.002434536648e-09
     3.160845947635e-10 0.000000000000e+00 1.005000000000e+03 0.000000000000e+00
     2.000000000000e+00 0.000000000000e+00 1.400000000000e-08 1.400000000000e-08
     3.708000000000e+05 1.000000000000e+00                                      
C22 2025 04 10 08 00 00 2.970551140606e-04 7.980283101006e-12 0.000000000000e+00
     1.000000000000e+00 3.326562500000e+01 3.821230598164e-09-1.063331566085e+00
     1.634005457163e-06 7.397757144645e-04 3.166031092405e-06 5.282624227524e+03
     3.744000000000e+05 0.000000000000e+00-2.043420059368e+00 1.676380634308e-08
     9.817848374964e-01 3.032187500000e+02 9.891044705714e-02-6.986362438610e-09
     3.360854278785e-10 0.000000000000e+00 1.005000000000e+03 0.000000000000e+00
     2.000000000000e+00 0.000000000000e+00 1.400000000000e-08 1.400000000000e-08
     3.744000000000e+05 1.000000000000e+00                                      
C22 2025 04 10 09 00 00 2.970839850605e-04 7.991829420462e-12 0.000000000000e+00
     1.000000000000e+00 3.664062500000e+01 3.801944080517e-09-5.761967672624e-01
     1.908745616674e-06 7.393208798021e-04 3.334134817123e-06 5.282623130798e+03
     3.780000000000e+05-2.328306436539e-09-2.043445228873e+00 9.313225746155e-09
     9.817860751251e-01 3.011718750000e+02 9.934288417845e-02-6.981005072597e-09
     3.392998474863e-10 0.000000000000e+00 1.005000000000e+03 0.000000000000e+00
     2.000000000000e+00 0.000000000000e+00 1.400000000000e-08 1.400000000000e-08
     3.780000000000e+05 1.000000000000e+00                                      
C22 2025 04 10 10 00 00 2.971122739837e-04 7.958078640513e-12 0.000000000000e+00
     1.000000000000e+00 3.692187500000e+01 3.790872190757e-09-8.866165699961e-02
     1.924578100443e-06 7.392534753308e-04 3.434251993895e-06 5.282622985840e+03
     3.816000000000e+05-1.536682248116e-08-2.043470361806e+00 8.381903171539e-09
     9.817872425337e-01 3.007343750000e+02 9.937523076010e-02-6.991719804623e-09
     3.396570052205e-10 0.000000000000e+00 1.005000000000e+03 0.000000000000e+00
     2.000000000000e+00 0.000000000000e+00 1.400000000000e-08 1.400000000000e-08
     3.816000000000e+05 1.000000000000e+00                                      
C22 2025 04 10 11 00 00 2.971411449835e-04 7.971401316809e-12 0.000000000000e+00
     1.000000000000e+00 3.920312500000e+01 3.769799884440e-09 3.987187145663e-01
     1.987442374229e-06 7.395981810987e-04 3.394670784473e-06 5.282623714447e+03
     3.852000000000e+05-1.722946763039e-08-2.043495551792e+00 1.862645149231e-09
     9.817884421266e-01 3.022812500000e+02 9.956229555782e-02-6.997077170635e-09
     3.421571093598e-10 0.000000000000e+00 1.005000000000e+03 0.000000000000e+00
     2.000000000000e+00 0.000000000000e+00 1.400000000000e-08 1.400000000000e-08
     3.852000000000e+05 1.000000000000e+00                                      
C22 2025 04 10 12 00 00 2.971690846607e-04 7.864819906445e-12 0.000000000000e+00
     1.000000000000e+00 4.081250000000e+01 3.755870732806e-09 8.860642452753e-01
     2.046581357718e-06 7.397551089525e-04 3.411434590816e-06 5.282624158859e+03
     3.888000000000e+05-3.166496753693e-08-2.043520684725e+00 3.259629011154e-09
     9.817896987732e-01 3.018750000000e+02 9.978386766718e-02-6.990648331420e-09
     3.328710082708e-10 0.000000000000e+00 1.005000000000e+03 0.000000000000e+00
     2.000000000000e+00 0.000000000000e+00 1.400000000000e-08 1.400000000000e-08
     3.888000000000e+05 1.000000000000e+00                                      
C22 2025 04 10 13 00 00 2.971976064146e-04 7.886136188517e-12 0.000000000000e+00
     1.000000000000e+00 4.084375000000e+01 3.766942622566e-09 1.373667960544e+00
     2.057291567326e-06 7.397558074445e-04 3.447290509939e-06 5.282624109268e+03
     3.924000000000e+05-4.330649971962e-08-2.043545694772e+00-3.259629011154e-08
     9.817909056806e-01 3.021718750000e+02 9.974704455621e-02-6.987076754078e-09
     3.053698627377e-10 0.000000000000e+00 1.005000000000e+03 0.000000000000e+00
     2.000000000000e+00 0.000000000000e+00 1.400000000000e-08 1.400000000000e-08
     3.924000000000e+05 1.000000000000e+00                                      
C22 2025 04 10 14 00 00 2.972263609990e-04 7.923439682145e-12 0.000000000000e+00
     1.000000000000e+00 4.035937500000e+01 3.788014928884e-09 1.861090096958e+00
     1.988373696804e-06 7.397246081382e-04 3.525055944920e-06 5.282624336243e+03
     3.960000000000e+05-1.396983861923e-09-2.043570655080e+00-5.355104804039e-08
     9.817919545929e-01 3.016406250000e+02 9.989184418770e-02-7.001720221180e-09
     2.732256666600e-10 0.000000000000e+00 1.005000000000e+03 0.000000000000e+00
     2.000000000000e+00 0.000000000000e+00 1.400000000000e-08 1.400000000000e-08
     3.960000000000e+05 1.000000000000e+00                                      
C22 2025 04 10 15 00 00 2.972548827529e-04 7.924327860565e-12 0.000000000000e+00
     1.000000000000e+00 3.895312500000e+01 3.795872399036e-09 2.348459233314e+00
     1.909211277962e-06 7.395971333608e-04 3.522727638483e-06 5.282624717712e+03
     3.996000000000e+05 1.862645149231e-08-2.043595752903e+00-2.840533852577e-08
     9.817928498987e-01 3.017031250000e+02 1.000896877658e-01-7.022078212029e-09
     2.575107263554e-10 0.000000000000e+00 1.005000000000e+03 0.000000000000e+00
     2.000000000000e+00 0.000000000000e+00 1.400000000000e-08 1.400000000000e-08
     3.996000000000e+05 1.000000000000e+00                                      
C22 2025 04 10 16 00 00 2.972831716761e-04 7.903899756911e-12 0.000000000000e+00
     1.000000000000e+00 3.912500000000e+01 3.785514824744e-09 2.836057822518e+00
     1.930166035891e-06 7.397180888802e-04 3.588385879993e-06 5.282624473572e+03
     4.032000000000e+05 3.213062882423e-08-2.043621051145e+00-3.352761268616e-08
     9.817938388314e-01 3.008281250000e+02 1.000580653286e-01-7.009220533598e-09
     2.589393572922e-10 0.000000000000e+00 1.005000000000e+03 0.000000000000e+00
     2.000000000000e+00 0.000000000000e+00 1.400000000000e-08 1.400000000000e-08
     4.032000000000e+05 1.000000000000e+00                                      
C22 2025 04 10 17 00 00 2.973119262606e-04 7.924327860565e-12 0.000000000000e+00
     1.000000000000e+00 3.778125000000e+01 3.777300196858e-09-2.959642669523e+00
     1.877080649137e-06 7.400775793940e-04 3.686640411615e-06 5.282623769760e+03
     4.068000000000e+05 6.565824151039e-08-2.043646200170e+00 1.862645149231e-09
     9.817949682041e-01 2.984843750000e+02 1.001402140304e-01-6.968504551900e-09
     2.496532562031e-10 0.000000000000e+00 1.005000000000e+03 0.000000000000e+00
     2.000000000000e+00 0.000000000000e+00 1.400000000000e-08 1.400000000000e-08
     4.068000000000e+05 1.000000000000e+00                                      
C22 2025 04 10 18 00 00 2.973409136757e-04 7.970513138389e-12 0.000000000000e+00
     1.000000000000e+00 3.796875000000e+01 3.768014095769e-09-2.472030308408e+00
     1.926440745592e-06 7.400632603094e-04 3.695953637362e-06 5.282623840332e+03
     4.104000000000e+05 3.492459654808e-08-2.043671096110e+00 4.284083843231e-08
     9.817959937097e-01 2.982031250000e+02 1.000949425676e-01-6.935288882620e-09
     2.246522148093e-10 0.000000000000e+00 1.005000000000e+03 0.000000000000e+00
     2.000000000000e+00 0.000000000000e+00 1.400000000000e-08 1.400000000000e-08
     4.104000000000e+05 1.000000000000e+00                                      
C22 2025 04 10 19 00 00 2.973699010909e-04 7.997158490980e-12 0.000000000000e+00
     1.000000000000e+00 4.034375000000e+01 3.749441893590e-09-1.983818022143e+00
     2.046581357718e-06 7.398413727060e-04 3.845430910587e-06 5.282624864578e+03
     4.140000000000e+05 2.328306436539e-09-2.043695908664e+00 2.561137080193e-08
     9.817968275730e-01 2.952343750000e+02 9.944967866116e-02-6.924216992859e-09
     1.996511734156e-10 0.000000000000e+00 1.005000000000e+03 0.000000000000e+00
     2.000000000000e+00 0.000000000000e+00 1.400000000000e-08 1.400000000000e-08
     4.140000000000e+05 1.000000000000e+00                                      
C22 2025 04 10 20 00 00 2.973977243528e-04 7.925216038984e-12 0.000000000000e+00
     1.000000000000e+00 4.029687500000e+01 3.746584631717e-09-1.495948828205e+00
     2.036802470684e-06 7.398244924843e-04 3.936700522900e-06 5.282625301361e+03
     4.176000000000e+05 3.725290298462e-09-2.043720794363e+00 1.629814505577e-08
     9.817975385512e-01 2.935937500000e+02 9.914718377531e-02-6.924931308328e-09
     1.925080187317e-10 0.000000000000e+00 1.005000000000e+03 0.000000000000e+00
     2.000000000000e+00 0.000000000000e+00 1.400000000000e-08 1.400000000000e-08
     4.176000000000e+05 1.000000000000e+00                                      
C22 2025 04 10 21 00 00 2.974268281832e-04 7.965184067871e-12 0.000000000000e+00
     1.000000000000e+00 4.378125000000e+01 3.770871357642e-09-1.008918421753e+00
     2.151355147362e-06 7.395618595183e-04 3.916211426258e-06 5.282624383926e+03
     4.212000000000e+05-2.328306436539e-09-2.043745747357e+00 1.396983861923e-08
     9.817982422148e-01 2.942968750000e+02 9.968341347143e-02-6.921002573252e-09
     1.960795960737e-10 0.000000000000e+00 1.005000000000e+03 0.000000000000e+00
     2.000000000000e+00 0.000000000000e+00 1.400000000000e-08 1.400000000000e-08
     4.212000000000e+05 1.000000000000e+00                                      
C22 2025 04 10 22 00 00 2.974558155984e-04 7.994493955721e-12 0.000000000000e+00
     1.000000000000e+00 4.787500000000e+01 3.815873232151e-09-5.218471208901e-01
     2.270564436913e-06 7.389609236270e-04 4.008412361145e-06 5.282623014450e+03
     4.248000000000e+05-6.519258022308e-09-2.043770652074e+00 1.769512891769e-08
     9.817989312492e-01 2.910312500000e+02 1.001791086334e-01-6.924931308328e-09
     1.950081228711e-10 0.000000000000e+00 1.005000000000e+03 0.000000000000e+00
     2.000000000000e+00 0.000000000000e+00 1.400000000000e-08 1.400000000000e-08
     4.248000000000e+05 1.000000000000e+00                                      
C22 2025 04 10 23 00 00 2.974845701829e-04 7.996270312560e-12 0.000000000000e+00
     1.000000000000e+00 4.789062500000e+01 3.874804258293e-09-3.432211061367e-02
     2.284999936819e-06 7.386496290565e-04 3.986060619354e-06 5.282622411728e+03
     4.284000000000e+05-4.144385457039e-08-2.043795596290e+00 9.313225746155e-09
     9.817994813064e-01 2.886093750000e+02 1.002216576057e-01-6.955646873469e-09
     1.975082270104e-10 0.000000000000e+00 1.005000000000e+03 0.000000000000e+00
     2.000000000000e+00 0.000000000000e+00 1.400000000000e-08 1.400000000000e-08
     4.284000000000e+05 1.000000000000e+00                                      
C23 2025 04 10 00 00 00-8.225692436099e-04 1.913313951718e-11 0.000000000000e+00
     1.000000000000e+00 4.489062500000e+01 3.835874065266e-09-2.946571784679e+00
     2.175103873014e-06 1.176751684397e-04 1.116236671805e-05 5.282656923294e+03
     3.456000000000e+05 8.055940270424e-08 4.377979846148e-02-1.024454832077e-07
     9.448374311515e-01 1.295000000000e+02-8.064462571408e-01-6.763138854737e-09
     2.053656971627e-10 0.000000000000e+00 1.005000000000e+03 0.000000000000e+00
     2.000000000000e+00 0.000000000000e+00 2.260000000000e-08 2.260000000000e-08
     3.456000000000e+05 1.000000000000e+00                                      
C23 2025 04 10 01 00 00-8.224999764934e-04 1.917399572449e-11 0.000000000000e+00
     1.000000000000e+00 4.500000000000e+01 3.939806965917e-09-2.460440228743e+00
     2.178363502026e-06 1.178442034870e-04 1.122569665313e-05 5.282656467438e+03
     3.492000000000e+05-8.614733815193e-08 4.375559448186e-02-6.193295121193e-08
     9.448374135965e-01 1.276875000000e+02-8.050197247600e-01-6.919573942315e-09
     1.953652806053e-10 0.000000000000e+00 1.005000000000e+03 0.000000000000e+00
     2.000000000000e+00 0.000000000000e+00 2.260000000000e-08 2.260000000000e-08
     3.492000000000e+05 1.000000000000e+00                                      
C23 2025 04 10 02 00 00-8.224298944697e-04 1.925304360384e-11 0.000000000000e+00
     1.000000000000e+00 3.998437500000e+01 3.930520864828e-09-1.980977642345e+00
     2.003740519285e-06 1.182660926133e-04 1.142546534538e-05 5.282654430389e+03
     3.528000000000e+05 4.703179001808e-08 4.373097795934e-02 6.519258022308e-09
     9.448385927085e-01 1.218437500000e+02-7.969237576333e-01-6.811712306588e-09
     1.846505485794e-10 0.000000000000e+00 1.005000000000e+03 0.000000000000e+00
     2.000000000000e+00 0.000000000000e+00 2.260000000000e-08 2.260000000000e-08
     3.528000000000e+05 1.000000000000e+00                                      
C23 2025 04 10 03 00 00-8.223595796153e-04 1.934896687317e-11 0.000000000000e+00
     1.000000000000e+00 4.135937500000e+01 3.935521073107e-09-1.491676465192e+00
     2.131331712008e-06 1.183396670967e-04 1.148041337729e-05 5.282654850006e+03
     3.564000000000e+05 3.166496753693e-08 4.370650626571e-02 1.024454832077e-08
     9.448392861316e-01 1.207656250000e+02-7.986656512644e-01-6.804569151904e-09
     1.760787629587e-10 0.000000000000e+00 1.005000000000e+03 0.000000000000e+00
     2.000000000000e+00 0.000000000000e+00 2.260000000000e-08 2.260000000000e-08
     3.564000000000e+05 1.000000000000e+00                                      
C23 2025 04 10 04 00 00-8.222882170230e-04 1.949107542032e-11 0.000000000000e+00
     1.000000000000e+00 4.778125000000e+01 3.888019094459e-09-9.905665547873e-01
     2.456363290548e-06 1.193606294692e-04 1.209834590554e-05 5.282658565521e+03
     3.600000000000e+05 2.747401595116e-08 4.368202872040e-02 9.778887033463e-09
     9.448399210381e-01 1.084531250000e+02-8.122164522354e-01-6.803140520967e-09
     1.735786588193e-10 0.000000000000e+00 1.005000000000e+03 0.000000000000e+00
     2.000000000000e+00 0.000000000000e+00 2.260000000000e-08 2.260000000000e-08
     3.600000000000e+05 1.000000000000e+00                                      
C23 2025 04 10 05 00 00-8.222217438743e-04 1.924860271174e-11 0.000000000000e+00
     1.000000000000e+00 4.467187500000e+01 3.861232264394e-09-4.973694234443e-01
     2.286862581968e-06 1.203947467729e-04 1.253560185432e-05 5.282660976410e+03
     3.636000000000e+05 2.514570951462e-08 4.365752191674e-02 1.350417733192e-08
     9.448405471670e-01 9.996875000000e+01-8.178557702899e-01-6.802426205499e-09
     1.764359206929e-10 0.000000000000e+00 1.005000000000e+03 0.000000000000e+00
     2.000000000000e+00 0.000000000000e+00 2.260000000000e-08 2.260000000000e-08
     3.636000000000e+05 1.000000000000e+00                                      
C23 2025 04 10 06 00 00-8.221538737416e-04 1.911626412721e-11 0.000000000000e+00
     1.000000000000e+00 5.500000000000e+01 3.886233305788e-09-9.424930186173e-03
     2.685934305191e-06 1.190083567053e-04 1.253979280591e-05 5.282658292770e+03
     3.672000000000e+05-3.352761268616e-08 4.363265523523e-02-6.612390279770e-08
     9.448413795674e-01 9.993750000000e+01-8.182429535034e-01-6.740637917483e-09
     2.210806374674e-10 0.000000000000e+00 1.005000000000e+03 0.000000000000e+00
     2.000000000000e+00 0.000000000000e+00 2.260000000000e-08 2.260000000000e-08
     3.672000000000e+05 1.000000000000e+00                                      
C23 2025 04 10 07 00 00-8.220844902098e-04 1.917577208133e-11 0.000000000000e+00
     1.000000000000e+00 5.481250000000e+01 3.940878439120e-09 4.764498631464e-01
     2.644956111908e-06 1.192021882161e-04 1.241127029061e-05 5.282658802032e+03
     3.708000000000e+05-2.793967723846e-09 4.360862241702e-02 8.009374141693e-08
     9.448417116498e-01 1.022656250000e+02-8.165597462939e-01-6.833856086108e-09
     1.685784505406e-10 0.000000000000e+00 1.005000000000e+03 0.000000000000e+00
     2.000000000000e+00 0.000000000000e+00 2.260000000000e-08 2.260000000000e-08
     3.708000000000e+05 1.000000000000e+00                                      
C23 2025 04 10 08 00 00-8.220155723393e-04 1.916156122661e-11 0.000000000000e+00
     1.000000000000e+00 5.484375000000e+01 3.998380834325e-09 9.646962807523e-01
     2.674292773008e-06 1.191234914586e-04 1.233583316207e-05 5.282658596039e+03
     3.744000000000e+05 4.656612873077e-10 4.358397517322e-02-4.982575774193e-08
     9.448421066377e-01 1.013437500000e+02-8.172480433985e-01-6.876000698743e-09
     2.021512775550e-10 0.000000000000e+00 1.005000000000e+03 0.000000000000e+00
     2.000000000000e+00 0.000000000000e+00 2.260000000000e-08 2.260000000000e-08
     3.744000000000e+05 1.000000000000e+00                                      
C23 2025 04 10 09 00 00-8.219475857913e-04 1.907896063358e-11 0.000000000000e+00
     1.000000000000e+00 6.068750000000e+01 3.958736325829e-09 1.444797536222e+00
     2.996064722538e-06 1.193359494209e-04 1.216866075993e-05 5.282660371780e+03
     3.780000000000e+05-6.519258022308e-09 4.355940692700e-02 5.122274160385e-09
     9.448429858514e-01 1.047343750000e+02-8.097912207919e-01-6.836356190247e-09
     1.821504444400e-10 0.000000000000e+00 1.005000000000e+03 0.000000000000e+00
     2.000000000000e+00 0.000000000000e+00 2.260000000000e-08 2.260000000000e-08
     3.780000000000e+05 1.000000000000e+00                                      
C23 2025 04 10 10 00 00-8.218793664128e-04 1.904432167521e-11 0.000000000000e+00
     1.000000000000e+00 5.284375000000e+01 4.018738825174e-09 1.943064095642e+00
     2.675689756870e-06 1.198399113491e-04 1.190230250359e-05 5.282657693863e+03
     3.816000000000e+05 6.984919309616e-09 4.353473773943e-02 6.519258022308e-09
     9.448436266096e-01 1.112187500000e+02-8.205000678641e-01-6.842070713994e-09
     1.907222300607e-10 0.000000000000e+00 1.005000000000e+03 0.000000000000e+00
     2.000000000000e+00 0.000000000000e+00 2.260000000000e-08 2.260000000000e-08
     3.816000000000e+05 1.000000000000e+00                                      
C23 2025 04 10 11 00 00-8.218107977882e-04 1.902833446366e-11 0.000000000000e+00
     1.000000000000e+00 5.250000000000e+01 4.060169122341e-09 2.436823951590e+00
     2.661254256964e-06 1.206110464409e-04 1.156982034445e-05 5.282655605316e+03
     3.852000000000e+05 3.725290298462e-09 4.351002320140e-02 2.747401595116e-08
     9.448443141811e-01 1.191562500000e+02-8.267011332948e-01-6.840999240792e-09
     2.053656971627e-10 0.000000000000e+00 1.005000000000e+03 0.000000000000e+00
     2.000000000000e+00 0.000000000000e+00 2.260000000000e-08 2.260000000000e-08
     3.852000000000e+05 1.000000000000e+00                                      
C23 2025 04 10 12 00 00-8.217418799177e-04 1.906563795728e-11 0.000000000000e+00
     1.000000000000e+00 4.876562500000e+01 4.038382500555e-09 2.923588671637e+00
     2.458225935698e-06 1.200566766784e-04 1.166667789221e-05 5.282656709671e+03
     3.888000000000e+05-4.377216100693e-08 4.348520625910e-02 2.793967723846e-08
     9.448451217118e-01 1.174687500000e+02-8.259063313652e-01-6.820284092208e-09
     2.346526313668e-10 0.000000000000e+00 1.005000000000e+03 0.000000000000e+00
     2.000000000000e+00 0.000000000000e+00 2.260000000000e-08 2.260000000000e-08
     3.888000000000e+05 1.000000000000e+00                                      
C23 2025 04 10 13 00 00-8.216733112931e-04 1.906208524360e-11 0.000000000000e+00
     1.000000000000e+00 4.232812500000e+01 3.948021593804e-09-2.870389929251e+00
     2.161599695683e-06 1.191504998133e-04 1.156609505415e-05 5.282658512115e+03
     3.924000000000e+05 2.281740307808e-08 4.346024156208e-02-1.084990799427e-07
     9.448463520259e-01 1.197656250000e+02-8.275538667803e-01-6.718136980228e-09
     2.635824078367e-10 0.000000000000e+00 1.005000000000e+03 0.000000000000e+00
     2.000000000000e+00 0.000000000000e+00 2.260000000000e-08 2.260000000000e-08
     3.924000000000e+05 1.000000000000e+00                                      
C23 2025 04 10 14 00 00-8.216049754992e-04 1.903366353417e-11 0.000000000000e+00
     1.000000000000e+00 4.226562500000e+01 4.028024926263e-09-2.384419990652e+00
     2.165324985981e-06 1.193172065541e-04 1.168530434370e-05 5.282658027649e+03
     3.960000000000e+05-1.168809831142e-07 4.343612535754e-02-6.612390279770e-08
     9.448466329062e-01 1.179062500000e+02-8.259657068213e-01-6.854571234691e-09
     2.528676758108e-10 0.000000000000e+00 1.005000000000e+03 0.000000000000e+00
     2.000000000000e+00 0.000000000000e+00 2.260000000000e-08 2.260000000000e-08
     3.960000000000e+05 1.000000000000e+00                                      
C23 2025 04 10 15 00 00-8.215366397053e-04 1.902211721472e-11 0.000000000000e+00
     1.000000000000e+00 3.771875000000e+01 4.000166622996e-09-1.903806713854e+00
     1.906417310238e-06 1.196231460199e-04 1.193257048726e-05 5.282656293869e+03
     3.996000000000e+05 0.000000000000e+00 4.341166390434e-02-2.840533852577e-08
     9.448478281103e-01 1.133750000000e+02-8.190204842221e-01-6.785282634257e-09
     2.535819912792e-10 0.000000000000e+00 1.005000000000e+03 0.000000000000e+00
     2.000000000000e+00 0.000000000000e+00 2.260000000000e-08 2.260000000000e-08
     3.996000000000e+05 1.000000000000e+00                                      
C23 2025 04 10 16 00 00-8.214678382501e-04 1.904520985363e-11 0.000000000000e+00
     1.000000000000e+00 4.104687500000e+01 3.964093691842e-09-1.412338937471e+00
     1.963227987289e-06 1.197486417368e-04 1.198658719659e-05 5.282657228470e+03
     4.032000000000e+05 9.778887033463e-09 4.338720830281e-02-2.840533852577e-08
     9.448487234161e-01 1.117500000000e+02-8.229292052988e-01-6.788854211599e-09
     2.589393572922e-10 0.000000000000e+00 1.005000000000e+03 0.000000000000e+00
     2.000000000000e+00 0.000000000000e+00 2.260000000000e-08 2.260000000000e-08
     4.032000000000e+05 1.000000000000e+00                                      
C23 2025 04 10 17 00 00-8.213989203796e-04 1.907896063358e-11 0.000000000000e+00
     1.000000000000e+00 4.671875000000e+01 3.871232680951e-09-9.109172309476e-01
     2.178363502026e-06 1.209919573739e-04 1.252535730600e-05 5.282661270142e+03
     4.068000000000e+05 2.514570951462e-08 4.336265322285e-02-5.122274160385e-09
     9.448496450545e-01 9.751562500000e+01-8.367922983180e-01-6.794211577612e-09
     2.785830326729e-10 0.000000000000e+00 1.005000000000e+03 0.000000000000e+00
     2.000000000000e+00 0.000000000000e+00 2.260000000000e-08 2.260000000000e-08
     4.068000000000e+05 1.000000000000e+00                                      
C23 2025 04 10 18 00 00-8.213300025091e-04 1.910294145091e-11 0.000000000000e+00
     1.000000000000e+00 4.320312500000e+01 3.795158083568e-09-4.187793444578e-01
     2.104323357344e-06 1.219718251377e-04 1.274002715945e-05 5.282663452148e+03
     4.104000000000e+05 1.909211277962e-08 4.333815665961e-02 4.656612873077e-09
     9.448506588568e-01 8.982812500000e+01-8.413731878276e-01-6.792068631207e-09
     2.860833450911e-10 0.000000000000e+00 1.005000000000e+03 0.000000000000e+00
     2.000000000000e+00 0.000000000000e+00 2.260000000000e-08 2.260000000000e-08
     4.104000000000e+05 1.000000000000e+00                                      
C23 2025 04 10 19 00 00-8.212615502998e-04 1.906741431412e-11 0.000000000000e+00
     1.000000000000e+00 5.628125000000e+01 3.794800925833e-09 7.009414713115e-02
     2.837739884853e-06 1.201810082421e-04 1.277122646570e-05 5.282659950256e+03
     4.140000000000e+05-2.700835466385e-08 4.331345528784e-02-4.796311259270e-08
     9.448518452833e-01 8.893750000000e+01-8.426903422124e-01-6.748495387635e-09
     3.189418566371e-10 0.000000000000e+00 1.005000000000e+03 0.000000000000e+00
     2.000000000000e+00 0.000000000000e+00 2.260000000000e-08 2.260000000000e-08
     4.140000000000e+05 1.000000000000e+00                                      
C23 2025 04 10 20 00 00-8.211930980906e-04 1.904787438889e-11 0.000000000000e+00
     1.000000000000e+00 5.598437500000e+01 3.755156417338e-09 5.564326957352e-01
     2.922955900431e-06 1.203292049468e-04 1.284014433622e-05 5.282660329819e+03
     4.176000000000e+05 5.308538675308e-08 4.328919279150e-02 4.470348358154e-08
     9.448528854181e-01 9.065625000000e+01-8.414716334368e-01-6.764924643408e-09
     2.850118718885e-10 0.000000000000e+00 1.005000000000e+03 0.000000000000e+00
     2.000000000000e+00 0.000000000000e+00 2.260000000000e-08 2.260000000000e-08
     4.176000000000e+05 1.000000000000e+00                                      
C23 2025 04 10 21 00 00-8.211244130507e-04 1.907629609832e-11 0.000000000000e+00
     1.000000000000e+00 5.737500000000e+01 3.758013679211e-09 1.042799741984e+00
     2.939254045486e-06 1.203316496685e-04 1.291139051318e-05 5.282660562515e+03
     4.212000000000e+05 4.936009645462e-08 4.326475767082e-02-6.612390279770e-08
     9.448536358951e-01 9.121875000000e+01-8.402815642085e-01-6.820284092208e-09
     3.157274370293e-10 0.000000000000e+00 1.005000000000e+03 0.000000000000e+00
     2.000000000000e+00 0.000000000000e+00 2.260000000000e-08 2.260000000000e-08
     4.212000000000e+05 1.000000000000e+00                                      
C23 2025 04 10 22 00 00-8.210559608415e-04 1.904609803205e-11 0.000000000000e+00
     1.000000000000e+00 6.160937500000e+01 3.641223100129e-09 1.525135742334e+00
     3.030523657799e-06 1.204898580909e-04 1.282058656216e-05 5.282661806107e+03
     4.248000000000e+05 2.793967723846e-09 4.324082140520e-02 9.592622518539e-08
     9.448552275499e-01 9.400000000000e+01-8.350612010223e-01-6.699921935784e-09
     2.464388365953e-10 0.000000000000e+00 1.005000000000e+03 0.000000000000e+00
     2.000000000000e+00 0.000000000000e+00 2.260000000000e-08 2.260000000000e-08
     4.248000000000e+05 1.000000000000e+00                                      
C23 2025 04 10 23 00 00-8.209882071242e-04 1.897326740163e-11 0.000000000000e+00
     1.000000000000e+00 5.154687500000e+01 3.678010346751e-09 2.027074210040e+00
     2.560671418905e-06 1.213239738718e-04 1.236330717802e-05 5.282658044815e+03
     4.284000000000e+05-1.084990799427e-07 4.321720259281e-02 5.355104804039e-08
     9.448562355005e-01 1.039687500000e+02-8.494438084356e-01-6.658491638618e-09
     1.667926618696e-10 0.000000000000e+00 1.005000000000e+03 0.000000000000e+00
     2.000000000000e+00 0.000000000000e+00 2.260000000000e-08 2.260000000000e-08
     4.284000000000e+05 1.000000000000e+00                                      
C24 2025 04 10 00 00 00 5.733284633607e-04-1.810729344243e-11 0.000000000000e+00
     1.000000000000e+00 4.396875000000e+01 3.806229973328e-09-2.992044708935e+00
     2.280808985233e-06 6.355255609378e-04 1.161452382803e-05 5.282646863937e+03
     3.456000000000e+05-8.381903171539e-09 4.359216458863e-02 4.610046744347e-08
     9.448313527269e-01 1.186718750000e+02 8.273266624363e-01-6.725280134912e-09
     2.800116636097e-10 0.000000000000e+00 1.005000000000e+03 0.000000000000e+00
     2.000000000000e+00 0.000000000000e+00 4.200000000000e-09 4.200000000000e-09
     3.456000000000e+05 1.000000000000e+00                                      
C24 2025 04 10 01 00 00 5.732626887038e-04-1.815347872025e-11 0.000000000000e+00
     1.000000000000e+00 4.734375000000e+01 3.754442101869e-09-2.502796441141e+00
     2.447981387377e-06 6.340194959193e-04 1.226319000125e-05 5.282650468826e+03
     3.492000000000e+05-3.259629011154e-08 4.356822247134e-02-1.257285475731e-08
     9.448323723808e-01 1.055937500000e+02 8.256390781759e-01-6.717779822494e-09
     2.342954736326e-10 0.000000000000e+00 1.005000000000e+03 0.000000000000e+00
     2.000000000000e+00 0.000000000000e+00 4.200000000000e-09 4.200000000000e-09
     3.492000000000e+05 1.000000000000e+00                                      
C24 2025 04 10 02 00 00 5.731977289543e-04-1.811795158346e-11 0.000000000000e+00
     1.000000000000e+00 4.506250000000e+01 3.767299780300e-09-2.014371774281e+00
     2.290587872267e-06 6.336637306958e-04 1.251138746738e-05 5.282651737213e+03
     3.528000000000e+05 4.097819328308e-08 4.354438129541e-02-4.749745130539e-08
     9.448331389499e-01 1.013750000000e+02 8.247737972421e-01-6.744209494825e-09
     1.796503403006e-10 0.000000000000e+00 1.005000000000e+03 0.000000000000e+00
     2.000000000000e+00 0.000000000000e+00 4.200000000000e-09 4.200000000000e-09
     3.528000000000e+05 1.000000000000e+00                                      
C24 2025 04 10 03 00 00 5.731331184506e-04-1.807354266248e-11 0.000000000000e+00
     1.000000000000e+00 5.548437500000e+01 3.871589838686e-09-1.529049570458e+00
     2.631917595863e-06 6.336355581880e-04 1.254817470908e-05 5.282648986816e+03
     3.564000000000e+05 3.911554813385e-08 4.352033823677e-02 1.862645149231e-08
     9.448336246387e-01 1.001093750000e+02 8.270108901060e-01-6.789568527068e-09
     1.585780339831e-10 0.000000000000e+00 1.005000000000e+03 0.000000000000e+00
     2.000000000000e+00 0.000000000000e+00 4.200000000000e-09 4.200000000000e-09
     3.564000000000e+05 1.000000000000e+00                                      
C24 2025 04 10 04 00 00 5.730682751164e-04-1.804068006095e-11 0.000000000000e+00
     1.000000000000e+00 5.234375000000e+01 3.856232056115e-09-1.040245274894e+00
     2.440996468067e-06 6.340512773022e-04 1.218728721142e-05 5.282650741577e+03
     3.600000000000e+05 1.275911927223e-07 4.349585630272e-02 9.033828973770e-08
     9.448342975810e-01 1.056093750000e+02 8.257670922854e-01-6.764567485674e-09
     1.360770967287e-10 0.000000000000e+00 1.005000000000e+03 0.000000000000e+00
     2.000000000000e+00 0.000000000000e+00 4.200000000000e-09 4.200000000000e-09
     3.600000000000e+05 1.000000000000e+00                                      
C24 2025 04 10 05 00 00 5.730025004596e-04-1.810995797769e-11 0.000000000000e+00
     1.000000000000e+00 5.517187500000e+01 3.979451474413e-09-5.524216523163e-01
     2.650544047356e-06 6.344906287268e-04 1.191673800349e-05 5.282651643753e+03
     3.636000000000e+05 1.536682248116e-08 4.347118418931e-02-5.634501576424e-08
     9.448340313299e-01 1.077187500000e+02 8.255037845861e-01-6.924216992859e-09
     1.764359206929e-10 0.000000000000e+00 1.005000000000e+03 0.000000000000e+00
     2.000000000000e+00 0.000000000000e+00 4.200000000000e-09 4.200000000000e-09
     3.636000000000e+05 1.000000000000e+00                                      
C24 2025 04 10 06 00 00 5.729366093874e-04-1.816946593181e-11 0.000000000000e+00
     1.000000000000e+00 5.784375000000e+01 3.968022426918e-09-6.463804786272e-02
     2.910383045673e-06 6.348839960992e-04 1.182453706861e-05 5.282652452469e+03
     3.672000000000e+05 6.053596735001e-09 4.344655450053e-02 2.188608050346e-08
     9.448348403236e-01 1.095468750000e+02 8.252800341917e-01-6.870643332730e-09
     1.492919328940e-10 0.000000000000e+00 1.005000000000e+03 0.000000000000e+00
     2.000000000000e+00 0.000000000000e+00 4.200000000000e-09 4.200000000000e-09
     3.672000000000e+05 1.000000000000e+00                                      
C24 2025 04 10 07 00 00 5.728708347306e-04-1.821209849595e-11 0.000000000000e+00
     1.000000000000e+00 5.160937500000e+01 4.036596711884e-09 4.237978337266e-01
     2.686865627766e-06 6.336278747767e-04 1.153210178018e-05 5.282649776459e+03
     3.708000000000e+05 7.916241884232e-09 4.342181070414e-02 2.374872565269e-08
     9.448353757516e-01 1.175937500000e+02 8.244040973626e-01-6.871357648198e-09
     1.510777215649e-10 0.000000000000e+00 1.005000000000e+03 0.000000000000e+00
     2.000000000000e+00 0.000000000000e+00 4.200000000000e-09 4.200000000000e-09
     3.708000000000e+05 1.000000000000e+00                                      
C24 2025 04 10 08 00 00 5.728052929044e-04-1.820410489017e-11 0.000000000000e+00
     1.000000000000e+00 5.246875000000e+01 4.078027009051e-09 9.121581351162e-01
     2.702232450247e-06 6.331637268886e-04 1.138681545854e-05 5.282648448944e+03
     3.744000000000e+05-6.053596735001e-09 4.339697766974e-02 4.377216100693e-08
     9.448359258088e-01 1.226875000000e+02 8.236048393846e-01-6.867428913122e-09
     1.675069773380e-10 0.000000000000e+00 1.005000000000e+03 0.000000000000e+00
     2.000000000000e+00 0.000000000000e+00 4.200000000000e-09 4.200000000000e-09
     3.744000000000e+05 1.000000000000e+00                                      
C24 2025 04 10 09 00 00 5.727370735258e-04-1.842614949510e-11 0.000000000000e+00
     1.000000000000e+00 4.840625000000e+01 4.089456056545e-09 1.398810821971e+00
     2.422370016575e-06 6.332544144243e-04 1.146132126451e-05 5.282649597168e+03
     3.780000000000e+05-8.847564458847e-09 4.337232750010e-02 7.823109626770e-08
     9.448365168277e-01 1.217031250000e+02 8.245135485045e-01-6.879572276085e-09
     1.664355041354e-10 0.000000000000e+00 1.005000000000e+03 0.000000000000e+00
     2.000000000000e+00 0.000000000000e+00 4.200000000000e-09 4.200000000000e-09
     3.780000000000e+05 1.000000000000e+00                                      
C24 2025 04 10 10 00 00 5.726719973609e-04-1.832489715525e-11 0.000000000000e+00
     1.000000000000e+00 4.609375000000e+01 3.989451890970e-09 1.885876522784e+00
     2.324115484953e-06 6.332192569971e-04 1.143245026469e-05 5.282650196075e+03
     3.816000000000e+05 1.722946763039e-08 4.334709070032e-02-1.043081283569e-07
     9.448377910293e-01 1.224531250000e+02 8.250091822239e-01-6.731708974128e-09
     2.278666344171e-10 0.000000000000e+00 1.005000000000e+03 0.000000000000e+00
     2.000000000000e+00 0.000000000000e+00 4.200000000000e-09 4.200000000000e-09
     3.816000000000e+05 1.000000000000e+00                                      
C24 2025 04 10 11 00 00 5.726090166718e-04-1.796074400318e-11 0.000000000000e+00
     1.000000000000e+00 4.525000000000e+01 4.036596711884e-09 2.374344689512e+00
     2.284534275532e-06 6.338309030980e-04 1.174211502075e-05 5.282648569107e+03
     3.852000000000e+05-4.377216100693e-08 4.332283844440e-02-2.374872565269e-08
     9.448383893628e-01 1.163593750000e+02 8.241016331980e-01-6.777425164105e-09
     2.085801167705e-10 0.000000000000e+00 1.005000000000e+03 0.000000000000e+00
     2.000000000000e+00 0.000000000000e+00 4.200000000000e-09 4.200000000000e-09
     3.852000000000e+05 1.000000000000e+00                                      
C24 2025 04 10 12 00 00 5.725444061682e-04-1.795985582476e-11 0.000000000000e+00
     1.000000000000e+00 3.946875000000e+01 4.051597336720e-09 2.862415712018e+00
     1.934356987476e-06 6.347437156364e-04 1.196749508381e-05 5.282646677017e+03
     3.888000000000e+05 4.656612873077e-10 4.329839308330e-02-4.982575774193e-08
     9.448390798602e-01 1.123437500000e+02 8.235919598538e-01-6.788854211599e-09
     2.257236880119e-10 0.000000000000e+00 1.005000000000e+03 0.000000000000e+00
     2.000000000000e+00 0.000000000000e+00 4.200000000000e-09 4.200000000000e-09
     3.888000000000e+05 1.000000000000e+00                                      
C24 2025 04 10 13 00 00 5.724796792492e-04-1.796518489527e-11 0.000000000000e+00
     1.000000000000e+00 4.465625000000e+01 4.014095774630e-09-2.932861285719e+00
     2.096407115459e-06 6.339271785691e-04 1.209322363138e-05 5.282648315430e+03
     3.924000000000e+05 3.725290298462e-08 4.327380581914e-02-4.842877388000e-08
     9.448398376517e-01 1.087656250000e+02 8.232456154615e-01-6.804926309638e-09
     2.485817830005e-10 0.000000000000e+00 1.005000000000e+03 0.000000000000e+00
     2.000000000000e+00 0.000000000000e+00 4.200000000000e-09 4.200000000000e-09
     3.924000000000e+05 1.000000000000e+00                                      
C24 2025 04 10 14 00 00 5.724107613787e-04-1.824851381116e-11 0.000000000000e+00
     1.000000000000e+00 4.692187500000e+01 3.931592338030e-09-2.443333673718e+00
     2.188142389059e-06 6.323622073978e-04 1.267576590180e-05 5.282652198792e+03
     3.960000000000e+05 4.842877388000e-08 4.324911615071e-02-2.793967723846e-09
     9.448407314947e-01 9.421875000000e+01 8.212792780128e-01-6.808497886980e-09
     2.821546100149e-10 0.000000000000e+00 1.005000000000e+03 0.000000000000e+00
     2.000000000000e+00 0.000000000000e+00 4.200000000000e-09 4.200000000000e-09
     3.960000000000e+05 1.000000000000e+00                                      
C24 2025 04 10 15 00 00 5.723444046453e-04-1.830802176528e-11 0.000000000000e+00
     1.000000000000e+00 4.481250000000e+01 3.885161832585e-09-1.955044625216e+00
     2.175103873014e-06 6.320707034320e-04 1.276563853025e-05 5.282653247833e+03
     3.996000000000e+05 3.864988684654e-08 4.322456399659e-02 6.984919309616e-09
     9.448417657778e-01 9.053125000000e+01 8.205499738514e-01-6.805283467372e-09
     2.903692379014e-10 0.000000000000e+00 1.005000000000e+03 0.000000000000e+00
     2.000000000000e+00 0.000000000000e+00 4.200000000000e-09 4.200000000000e-09
     3.996000000000e+05 1.000000000000e+00                                      
C24 2025 04 10 16 00 00 5.722795613110e-04-1.821476303121e-11 0.000000000000e+00
     1.000000000000e+00 5.423437500000e+01 3.922663394676e-09-1.469568684794e+00
     2.710614353418e-06 6.320108659565e-04 1.286203041673e-05 5.282650672913e+03
     4.032000000000e+05-1.490116119385e-08 4.320023420601e-02 6.845220923424e-08
     9.448427035083e-01 8.898437500000e+01 8.226334266699e-01-6.842070713994e-09
     2.889406069646e-10 0.000000000000e+00 1.005000000000e+03 0.000000000000e+00
     2.000000000000e+00 0.000000000000e+00 4.200000000000e-09 4.200000000000e-09
     4.032000000000e+05 1.000000000000e+00                                      
C24 2025 04 10 17 00 00 5.722143687308e-04-1.817301864548e-11 0.000000000000e+00
     1.000000000000e+00 5.143750000000e+01 3.791943663960e-09-9.808756514652e-01
     2.635177224874e-06 6.324098212644e-04 1.272000372410e-05 5.282652269363e+03
     4.068000000000e+05 1.471489667892e-07 4.317544652208e-02 6.519258022308e-08
     9.448443726978e-01 9.434375000000e+01 8.215006277586e-01-6.710279510076e-09
     2.885834492304e-10 0.000000000000e+00 1.005000000000e+03 0.000000000000e+00
     2.000000000000e+00 0.000000000000e+00 4.200000000000e-09 4.200000000000e-09
     4.068000000000e+05 1.000000000000e+00                                      
C24 2025 04 10 18 00 00 5.721474299207e-04-1.828759366163e-11 0.000000000000e+00
     1.000000000000e+00 5.678125000000e+01 3.814801758948e-09-4.927253417254e-01
     2.834945917130e-06 6.332912016660e-04 1.254072412848e-05 5.282654117584e+03
     4.104000000000e+05 3.725290298462e-08 4.315100701265e-02-2.235174179077e-08
     9.448448788674e-01 9.914062500000e+01 8.209099438628e-01-6.827070089158e-09
     3.096557555480e-10 0.000000000000e+00 1.005000000000e+03 0.000000000000e+00
     2.000000000000e+00 0.000000000000e+00 4.200000000000e-09 4.200000000000e-09
     4.104000000000e+05 1.000000000000e+00                                      
C24 2025 04 10 19 00 00 5.720816552639e-04-1.828404094795e-11 0.000000000000e+00
     1.000000000000e+00 5.775000000000e+01 3.758727994680e-09-4.984154581473e-03
     2.808868885040e-06 6.334105273709e-04 1.247040927410e-05 5.282654359818e+03
     4.140000000000e+05-1.164153218269e-08 4.312680595886e-02 5.634501576424e-08
     9.448461984195e-01 1.007812500000e+02 8.207272795227e-01-6.765996116611e-09
     2.667968274445e-10 0.000000000000e+00 1.005000000000e+03 0.000000000000e+00
     2.000000000000e+00 0.000000000000e+00 4.200000000000e-09 4.200000000000e-09
     4.140000000000e+05 1.000000000000e+00                                      
C24 2025 04 10 20 00 00 5.720164626837e-04-1.821032213911e-11 0.000000000000e+00
     1.000000000000e+00 5.109375000000e+01 3.791229348491e-09 4.838049953914e-01
     2.473592758179e-06 6.318823434412e-04 1.194002106786e-05 5.282651006699e+03
     4.176000000000e+05-6.519258022308e-08 4.310275265980e-02 8.381903171539e-09
     9.448472049072e-01 1.114218750000e+02 8.194966128547e-01-6.748138229901e-09
     2.164375869228e-10 0.000000000000e+00 1.005000000000e+03 0.000000000000e+00
     2.000000000000e+00 0.000000000000e+00 4.200000000000e-09 4.200000000000e-09
     4.176000000000e+05 1.000000000000e+00                                      
C24 2025 04 10 21 00 00 5.719509208575e-04-1.821387485279e-11 0.000000000000e+00
     1.000000000000e+00 5.270312500000e+01 3.821944913632e-09 9.723596834838e-01
     2.552289515734e-06 6.313696503639e-04 1.166528090835e-05 5.282649429321e+03
     4.212000000000e+05-2.700835466385e-08 4.307875495163e-02-5.075708031654e-08
     9.448479392921e-01 1.172031250000e+02 8.185015257368e-01-6.759924435129e-09
     1.657211886670e-10 0.000000000000e+00 1.005000000000e+03 0.000000000000e+00
     2.000000000000e+00 0.000000000000e+00 4.200000000000e-09 4.200000000000e-09
     4.212000000000e+05 1.000000000000e+00                                      
C24 2025 04 10 22 00 00 5.718852626160e-04-1.821565120963e-11 0.000000000000e+00
     1.000000000000e+00 4.768750000000e+01 3.847303112760e-09 1.458832892234e+00
     2.314802259207e-06 6.314320489764e-04 1.169508323073e-05 5.282650779724e+03
     4.248000000000e+05 6.891787052155e-08 4.305494157113e-02 3.818422555923e-08
     9.448482743003e-01 1.166250000000e+02 8.195882573578e-01-6.838856294387e-09
     9.964700784071e-11 0.000000000000e+00 1.005000000000e+03 0.000000000000e+00
     2.000000000000e+00 0.000000000000e+00 4.200000000000e-09 4.200000000000e-09
     4.248000000000e+05 1.000000000000e+00                                      
C24 2025 04 10 23 00 00 5.718194879591e-04-1.823607931328e-11 0.000000000000e+00
     1.000000000000e+00 4.498437500000e+01 3.770157042174e-09 1.945763884624e+00
     2.248678356409e-06 6.313421763480e-04 1.167599111795e-05 5.282651556015e+03
     4.284000000000e+05 5.075708031654e-08 4.303011146258e-02-6.984919309616e-08
     9.448490057593e-01 1.181718750000e+02 8.202172419118e-01-6.762781697003e-09
     1.400058318049e-10 0.000000000000e+00 1.005000000000e+03 0.000000000000e+00
     2.000000000000e+00 0.000000000000e+00 4.200000000000e-09 4.200000000000e-09
     4.284000000000e+05 1.000000000000e+00                                      
C25 2025 04 10 00 00 00 6.977927405387e-04 1.118838355296e-11 0.000000000000e+00
     1.000000000000e+00 4.098437500000e+01 3.831231014721e-09 2.549569446064e+00
     2.055428922176e-06 5.446465220302e-04 1.160707324743e-05 5.282668428421e+03
     3.456000000000e+05 4.982575774193e-08 2.044552363813e-02-2.700835466385e-08
     9.464018918376e-01 1.200937500000e+02 7.607519202339e-01-6.790282842536e-09
     2.467959943295e-10 0.000000000000e+00 1.005000000000e+03 0.000000000000e+00
     2.000000000000e+00 0.000000000000e+00 8.000000000000e-10 8.000000000000e-10
     3.456000000000e+05 1.000000000000e+00                                      
C25 2025 04 10 01 00 00 6.978333694860e-04 1.122302251133e-11 0.000000000000e+00
     1.000000000000e+00 3.529687500000e+01 3.837659853937e-09 3.037391907085e+00
     1.820269972086e-06 5.454700440168e-04 1.171138137579e-05 5.282666801453e+03
     3.492000000000e+05 3.585591912270e-08 2.042129771473e-02 3.352761268616e-08
     9.464029568419e-01 1.176875000000e+02 7.604844110339e-01-6.745280968027e-09
     2.221521106700e-10 0.000000000000e+00 1.005000000000e+03 0.000000000000e+00
     2.000000000000e+00 0.000000000000e+00 8.000000000000e-10 8.000000000000e-10
     3.492000000000e+05 1.000000000000e+00                                      
C25 2025 04 10 02 00 00 6.978741148487e-04 1.125144422076e-11 0.000000000000e+00
     1.000000000000e+00 4.054687500000e+01 3.804444184657e-09-2.757477337348e+00
     2.088956534863e-06 5.445381393656e-04 1.197354868054e-05 5.282668785095e+03
     3.528000000000e+05-9.313225746155e-10 2.039718151020e-02 2.561137080193e-08
     9.464038009457e-01 1.123906250000e+02 7.597237799449e-01-6.730280343191e-09
     1.971510692762e-10 0.000000000000e+00 1.005000000000e+03 0.000000000000e+00
     2.000000000000e+00 0.000000000000e+00 8.000000000000e-10 8.000000000000e-10
     3.528000000000e+05 1.000000000000e+00                                      
C25 2025 04 10 03 00 00 6.979139288887e-04 1.119371262348e-11 0.000000000000e+00
     1.000000000000e+00 4.009375000000e+01 3.759442310148e-09-2.267672963190e+00
     2.062879502773e-06 5.434239283204e-04 1.256028190255e-05 5.282672016144e+03
     3.564000000000e+05 1.862645149231e-09 2.037310480445e-02-9.778887033463e-09
     9.464045031463e-01 1.002968750000e+02 7.574740328396e-01-6.731351816394e-09
     1.707213969457e-10 0.000000000000e+00 1.005000000000e+03 0.000000000000e+00
     2.000000000000e+00 0.000000000000e+00 8.000000000000e-10 8.000000000000e-10
     3.564000000000e+05 1.000000000000e+00                                      
C25 2025 04 10 04 00 00 6.979545578361e-04 1.121058801345e-11 0.000000000000e+00
     1.000000000000e+00 4.256250000000e+01 3.792657979428e-09-1.780663540835e+00
     2.115499228239e-06 5.434100748971e-04 1.258822157979e-05 5.282671464920e+03
     3.600000000000e+05 3.352761268616e-08 2.034900030326e-02-1.024454832077e-08
     9.464050692956e-01 1.003125000000e+02 7.580181827742e-01-6.745280968027e-09
     1.510777215649e-10 0.000000000000e+00 1.005000000000e+03 0.000000000000e+00
     2.000000000000e+00 0.000000000000e+00 8.000000000000e-10 8.000000000000e-10
     3.600000000000e+05 1.000000000000e+00                                      
C25 2025 04 10 05 00 00 6.979953031987e-04 1.124789150708e-11 0.000000000000e+00
     1.000000000000e+00 5.018750000000e+01 3.860875106660e-09-1.295075102013e+00
     2.383720129728e-06 5.432016914710e-04 1.267669722438e-05 5.282669349670e+03
     3.636000000000e+05 5.168840289116e-08 2.032480802698e-02 2.002343535423e-08
     9.464055052452e-01 9.768750000000e+01 7.599838443548e-01-6.767781905282e-09
     1.353627812603e-10 0.000000000000e+00 1.005000000000e+03 0.000000000000e+00
     2.000000000000e+00 0.000000000000e+00 8.000000000000e-10 8.000000000000e-10
     3.636000000000e+05 1.000000000000e+00                                      
C25 2025 04 10 06 00 00 6.980355829000e-04 1.122835158185e-11 0.000000000000e+00
     1.000000000000e+00 4.985937500000e+01 3.911591504916e-09-8.069290917899e-01
     2.358574420214e-06 5.435034399852e-04 1.240009441972e-05 5.282670223236e+03
     3.672000000000e+05-8.847564458847e-09 2.030046507014e-02 3.073364496231e-08
     9.464057217571e-01 1.007812500000e+02 7.593926659927e-01-6.823141354082e-09
     1.328626771209e-10 0.000000000000e+00 1.005000000000e+03 0.000000000000e+00
     2.000000000000e+00 0.000000000000e+00 8.000000000000e-10 8.000000000000e-10
     3.672000000000e+05 1.000000000000e+00                                      
C25 2025 04 10 07 00 00 6.980752805248e-04 1.116351455721e-11 0.000000000000e+00
     1.000000000000e+00 5.626562500000e+01 3.916948870928e-09-3.186875676449e-01
     2.760440111160e-06 5.446076393127e-04 1.204526051879e-05 5.282672504425e+03
     3.708000000000e+05-9.313225746155e-10 2.027586025096e-02 1.071020960808e-08
     9.464061372258e-01 1.062187500000e+02 7.587059605429e-01-6.835999032513e-09
     1.410773050075e-10 0.000000000000e+00 1.005000000000e+03 0.000000000000e+00
     2.000000000000e+00 0.000000000000e+00 8.000000000000e-10 8.000000000000e-10
     3.708000000000e+05 1.000000000000e+00                                      
C25 2025 04 10 08 00 00 6.981150945649e-04 1.112976377726e-11 0.000000000000e+00
     1.000000000000e+00 5.321875000000e+01 3.963379376374e-09 1.691210995212e-01
     2.739019691944e-06 5.441760877147e-04 1.199310645461e-05 5.282671646118e+03
     3.744000000000e+05 6.053596735001e-09 2.025122032176e-02 8.381903171539e-09
     9.464066302292e-01 1.080625000000e+02 7.584514113342e-01-6.839927767589e-09
     1.453631978178e-10 0.000000000000e+00 1.005000000000e+03 0.000000000000e+00
     2.000000000000e+00 0.000000000000e+00 8.000000000000e-10 8.000000000000e-10
     3.744000000000e+05 1.000000000000e+00                                      
C25 2025 04 10 09 00 00 6.981547921896e-04 1.109334846205e-11 0.000000000000e+00
     1.000000000000e+00 4.976562500000e+01 4.030882188137e-09 6.580653612351e-01
     2.617947757244e-06 5.431361496449e-04 1.168251037598e-05 5.282669143677e+03
     3.780000000000e+05 1.071020960808e-08 2.022654820835e-02 2.002343535423e-08
     9.464071466393e-01 1.169687500000e+02 7.570618220237e-01-6.841356398526e-09
     1.539349834385e-10 0.000000000000e+00 1.005000000000e+03 0.000000000000e+00
     2.000000000000e+00 0.000000000000e+00 8.000000000000e-10 8.000000000000e-10
     3.780000000000e+05 1.000000000000e+00                                      
C25 2025 04 10 10 00 00 6.981947226450e-04 1.109867753257e-11 0.000000000000e+00
     1.000000000000e+00 4.904687500000e+01 4.045525655239e-09 1.145505282344e+00
     2.531800419092e-06 5.431105382740e-04 1.174956560135e-05 5.282669244766e+03
     3.816000000000e+05-1.769512891769e-08 2.020178393110e-02 3.771856427193e-08
     9.464077274178e-01 1.172031250000e+02 7.571775739538e-01-6.831713139703e-09
     1.764359206929e-10 0.000000000000e+00 1.005000000000e+03 0.000000000000e+00
     2.000000000000e+00 0.000000000000e+00 8.000000000000e-10 8.000000000000e-10
     3.816000000000e+05 1.000000000000e+00                                      
C25 2025 04 10 11 00 00 6.982346531004e-04 1.108269032102e-11 0.000000000000e+00
     1.000000000000e+00 4.154687500000e+01 4.005166831275e-09 1.631165935191e+00
     2.122484147549e-06 5.430703749880e-04 1.174118369818e-05 5.282671260834e+03
     3.852000000000e+05-5.820766091347e-08 2.017697284048e-02-6.519258022308e-09
     9.464085100790e-01 1.173750000000e+02 7.590725678136e-01-6.793140104410e-09
     2.060800126311e-10 0.000000000000e+00 1.005000000000e+03 0.000000000000e+00
     2.000000000000e+00 0.000000000000e+00 8.000000000000e-10 8.000000000000e-10
     3.852000000000e+05 1.000000000000e+00                                      
C25 2025 04 10 12 00 00 6.982745835558e-04 1.109157210522e-11 0.000000000000e+00
     1.000000000000e+00 4.012500000000e+01 3.979808632147e-09 2.118352031236e+00
     2.048909664154e-06 5.430141463876e-04 1.169415190816e-05 5.282671655655e+03
     3.888000000000e+05-1.583248376846e-08 2.015244263013e-02-2.654269337654e-08
     9.464094287915e-01 1.181875000000e+02 7.594412860750e-01-6.755281384585e-09
     2.103659054415e-10 0.000000000000e+00 1.005000000000e+03 0.000000000000e+00
     2.000000000000e+00 0.000000000000e+00 8.000000000000e-10 8.000000000000e-10
     3.888000000000e+05 1.000000000000e+00                                      
C25 2025 04 10 13 00 00 6.983135826886e-04 1.101696511796e-11 0.000000000000e+00
     1.000000000000e+00 3.696875000000e+01 3.999095149794e-09 2.606859497796e+00
     1.871492713690e-06 5.438827211037e-04 1.206807792187e-05 5.282669681549e+03
     3.924000000000e+05-1.396983861923e-08 2.012810845080e-02-4.703179001808e-08
     9.464101412326e-01 1.115468750000e+02 7.584884758267e-01-6.764567485674e-09
     2.164375869228e-10 0.000000000000e+00 1.005000000000e+03 0.000000000000e+00
     2.000000000000e+00 0.000000000000e+00 8.000000000000e-10 8.000000000000e-10
     3.924000000000e+05 1.000000000000e+00                                      
C25 2025 04 10 14 00 00 6.983531638980e-04 1.100364244166e-11 0.000000000000e+00
     1.000000000000e+00 3.368750000000e+01 3.989094733236e-09 3.094563453675e+00
     1.610256731510e-06 5.443667760119e-04 1.214863732457e-05 5.282668722153e+03
     3.960000000000e+05-9.313225746155e-10 2.010374647602e-02-4.563480615616e-08
     9.464109078017e-01 1.101875000000e+02 7.583398623677e-01-6.765638958876e-09
     2.210806374674e-10 0.000000000000e+00 1.005000000000e+03 0.000000000000e+00
     2.000000000000e+00 0.000000000000e+00 8.000000000000e-10 8.000000000000e-10
     3.960000000000e+05 1.000000000000e+00                                      
C25 2025 04 10 15 00 00 6.983932107687e-04 1.102318236690e-11 0.000000000000e+00
     1.000000000000e+00 4.032812500000e+01 3.920877606005e-09-2.699954631902e+00
     1.817941665649e-06 5.431364988908e-04 1.240056008101e-05 5.282671377182e+03
     3.996000000000e+05 4.004687070847e-08 2.007920309941e-02-2.793967723846e-08
     9.464116626674e-01 1.024843750000e+02 7.572282640652e-01-6.780996741447e-09
     2.503675716715e-10 0.000000000000e+00 1.005000000000e+03 0.000000000000e+00
     2.000000000000e+00 0.000000000000e+00 8.000000000000e-10 8.000000000000e-10
     3.996000000000e+05 1.000000000000e+00                                      
C25 2025 04 10 16 00 00 6.984332576394e-04 1.104982771949e-11 0.000000000000e+00
     1.000000000000e+00 3.859375000000e+01 3.821587755898e-09-2.209947781104e+00
     1.771375536919e-06 5.420442903414e-04 1.280615106225e-05 5.282674715042e+03
     4.032000000000e+05 3.073364496231e-08 2.005463777902e-02 9.778887033463e-09
     9.464125799171e-01 8.984375000000e+01 7.547758998801e-01-6.778139479573e-09
     2.782258749387e-10 0.000000000000e+00 1.005000000000e+03 0.000000000000e+00
     2.000000000000e+00 0.000000000000e+00 8.000000000000e-10 8.000000000000e-10
     4.032000000000e+05 1.000000000000e+00                                      
C25 2025 04 10 17 00 00 6.984735373408e-04 1.109867753257e-11 0.000000000000e+00
     1.000000000000e+00 4.264062500000e+01 3.791229348491e-09-1.723398047109e+00
     2.120621502399e-06 5.420431261882e-04 1.272046938539e-05 5.282673667908e+03
     4.068000000000e+05 1.443549990654e-08 2.003017778873e-02 1.024454832077e-08
     9.464136083485e-01 9.003125000000e+01 7.557792992986e-01-6.770996324889e-09
     2.878691337620e-10 0.000000000000e+00 1.005000000000e+03 0.000000000000e+00
     2.000000000000e+00 0.000000000000e+00 8.000000000000e-10 8.000000000000e-10
     4.068000000000e+05 1.000000000000e+00                                      
C25 2025 04 10 18 00 00 6.985141662881e-04 1.116085002195e-11 0.000000000000e+00
     1.000000000000e+00 5.021875000000e+01 3.779800300997e-09-1.237910148795e+00
     2.614222466946e-06 5.417651263997e-04 1.297984272242e-05 5.282671405792e+03
     4.104000000000e+05 2.654269337654e-08 2.000576900058e-02 0.000000000000e+00
     9.464146806674e-01 8.659375000000e+01 7.578449674220e-01-6.760995908332e-09
     2.889406069646e-10 0.000000000000e+00 1.005000000000e+03 0.000000000000e+00
     2.000000000000e+00 0.000000000000e+00 8.000000000000e-10 8.000000000000e-10
     4.104000000000e+05 1.000000000000e+00                                      
C25 2025 04 10 19 00 00 6.985549116507e-04 1.120969983504e-11 0.000000000000e+00
     1.000000000000e+00 5.040625000000e+01 3.743370212109e-09-7.497649300102e-01
     2.632383257151e-06 5.421199603006e-04 1.292861998081e-05 5.282672334671e+03
     4.140000000000e+05 1.583248376846e-08 1.998142896958e-02 7.916241884232e-09
     9.464156739888e-01 9.020312500000e+01 7.572537393206e-01-6.770996324889e-09
     2.875119760278e-10 0.000000000000e+00 1.005000000000e+03 0.000000000000e+00
     2.000000000000e+00 0.000000000000e+00 8.000000000000e-10 8.000000000000e-10
     4.140000000000e+05 1.000000000000e+00                                      
C25 2025 04 10 20 00 00 6.985947256908e-04 1.116351455721e-11 0.000000000000e+00
     1.000000000000e+00 5.820312500000e+01 3.653009305358e-09-2.615248058779e-01
     2.905726432800e-06 5.433754995465e-04 1.272512599826e-05 5.282674880981e+03
     4.176000000000e+05 2.980232238770e-08 1.995720012035e-02 5.587935447693e-08
     9.464168779704e-01 9.592187500000e+01 7.565670865359e-01-6.730994658659e-09
     2.725113511916e-10 0.000000000000e+00 1.005000000000e+03 0.000000000000e+00
     2.000000000000e+00 0.000000000000e+00 8.000000000000e-10 8.000000000000e-10
     4.176000000000e+05 1.000000000000e+00                                      
C25 2025 04 10 21 00 00 6.986331427470e-04 1.095834534226e-11 0.000000000000e+00
     1.000000000000e+00 5.226562500000e+01 3.649437728016e-09 2.265122315779e-01
     2.603512257338e-06 5.424906266853e-04 1.256680116057e-05 5.282673086166e+03
     4.212000000000e+05-5.960464477539e-08 1.993334577815e-02 7.590278983116e-08
     9.464180102690e-01 9.931250000000e+01 7.560823179091e-01-6.684921310948e-09
     2.175090601254e-10 0.000000000000e+00 1.005000000000e+03 0.000000000000e+00
     2.000000000000e+00 0.000000000000e+00 8.000000000000e-10 8.000000000000e-10
     4.212000000000e+05 1.000000000000e+00                                      
C25 2025 04 10 22 00 00 6.986727239564e-04 1.097788526749e-11 0.000000000000e+00
     1.000000000000e+00 4.892187500000e+01 3.708368754158e-09 7.160604604838e-01
     2.460088580847e-06 5.411586025730e-04 1.205457374454e-05 5.282669748306e+03
     4.248000000000e+05-1.005828380585e-07 1.990976939038e-02-3.306195139885e-08
     9.464188148739e-01 1.114843750000e+02 7.540869400736e-01-6.672420790251e-09
     1.332198348551e-10 0.000000000000e+00 1.005000000000e+03 0.000000000000e+00
     2.000000000000e+00 0.000000000000e+00 8.000000000000e-10 8.000000000000e-10
     4.248000000000e+05 1.000000000000e+00                                      
C25 2025 04 10 23 00 00 6.987126544118e-04 1.101430058270e-11 0.000000000000e+00
     1.000000000000e+00 4.856250000000e+01 3.752299155464e-09 1.203672692862e+00
     2.386514097452e-06 5.410745507106e-04 1.207366585732e-05 5.282669631958e+03
     4.284000000000e+05 0.000000000000e+00 1.988621202055e-02-8.521601557732e-08
     9.464191747518e-01 1.125468750000e+02 7.540287291003e-01-6.708136563671e-09
     5.678807973718e-11 0.000000000000e+00 1.005000000000e+03 0.000000000000e+00
     2.000000000000e+00 0.000000000000e+00 8.000000000000e-10 8.000000000000e-10
     4.284000000000e+05 1.000000000000e+00                                      
C26 2025 04 10 00 00 00-4.453796427697e-04-5.399236613357e-12 0.000000000000e+00
     1.000000000000e+00 3.987500000000e+01 3.706225807753e-09-2.166481794663e+00
     2.056360244751e-06 8.903441485018e-04 1.250952482224e-05 5.282666473389e+03
     3.456000000000e+05-4.190951585770e-09 2.106583747669e-02-5.448237061501e-08
     9.464508776494e-01 1.015000000000e+02 7.604078009400e-01-6.699564778050e-09
     2.296524230881e-10 0.000000000000e+00 1.005000000000e+03 0.000000000000e+00
     2.000000000000e+00 0.000000000000e+00-5.000000000000e-09-5.000000000000e-09
     3.456000000000e+05 1.000000000000e+00                                      
C26 2025 04 10 01 00 00-4.453989677131e-04-5.380584866543e-12 0.000000000000e+00
     1.000000000000e+00 4.565625000000e+01 3.784800509276e-09-1.679787967626e+00
     2.216547727585e-06 8.903670823202e-04 1.250579953194e-05 5.282665002823e+03
     3.492000000000e+05 8.055940270424e-08 2.104208846459e-02-2.048909664154e-08
     9.464515315738e-01 1.021406250000e+02 7.612687662655e-01-6.748852545369e-09
     1.767930784271e-10 0.000000000000e+00 1.005000000000e+03 0.000000000000e+00
     2.000000000000e+00 0.000000000000e+00-5.000000000000e-09-5.000000000000e-09
     3.492000000000e+05 1.000000000000e+00                                      
C26 2025 04 10 02 00 00-4.454182926565e-04-5.381473044963e-12 0.000000000000e+00
     1.000000000000e+00 4.937500000000e+01 3.850160374634e-09-1.192794520337e+00
     2.306886017323e-06 8.902705740184e-04 1.251325011253e-05 5.282664024353e+03
     3.528000000000e+05 7.497146725655e-08 2.101794592753e-02 3.818422555923e-08
     9.464519602088e-01 1.007968750000e+02 7.618311514739e-01-6.794568735346e-09
     1.567922453121e-10 0.000000000000e+00 1.005000000000e+03 0.000000000000e+00
     2.000000000000e+00 0.000000000000e+00-5.000000000000e-09-5.000000000000e-09
     3.528000000000e+05 1.000000000000e+00                                      
C26 2025 04 10 03 00 00-4.454373847693e-04-5.362821298149e-12 0.000000000000e+00
     1.000000000000e+00 4.976562500000e+01 3.903376877029e-09-7.047909427432e-01
     2.342741936445e-06 8.907255250961e-04 1.214304938912e-05 5.282665220261e+03
     3.564000000000e+05 1.536682248116e-08 2.099346399347e-02 4.284083843231e-08
     9.464522674216e-01 1.050781250000e+02 7.613838628083e-01-6.847785237742e-09
     1.557207721095e-10 0.000000000000e+00 1.005000000000e+03 0.000000000000e+00
     2.000000000000e+00 0.000000000000e+00-5.000000000000e-09-5.000000000000e-09
     3.564000000000e+05 1.000000000000e+00                                      
C26 2025 04 10 04 00 00-4.454564768821e-04-5.337952302398e-12 0.000000000000e+00
     1.000000000000e+00 5.687500000000e+01 3.893019302737e-09-2.168963496207e-01
     2.772081643343e-06 8.918538223952e-04 1.187110319734e-05 5.282667505264e+03
     3.600000000000e+05 2.002343535423e-08 2.096882113842e-02 4.423782229424e-08
     9.464528350338e-01 1.096562500000e+02 7.610453523423e-01-6.845285133602e-09
     1.560779298437e-10 0.000000000000e+00 1.005000000000e+03 0.000000000000e+00
     2.000000000000e+00 0.000000000000e+00-5.000000000000e-09-5.000000000000e-09
     3.600000000000e+05 1.000000000000e+00                                      
C26 2025 04 10 05 00 00-4.454762674868e-04-5.380584866543e-12 0.000000000000e+00
     1.000000000000e+00 5.220312500000e+01 3.930520864828e-09 2.709250156744e-01
     2.636108547449e-06 8.911425247788e-04 1.176632940769e-05 5.282666055679e+03
     3.636000000000e+05-7.916241884232e-09 2.094429531683e-02 4.796311259270e-08
     9.464534377561e-01 1.127968750000e+02 7.607793484850e-01-6.832070297437e-09
     1.385772008681e-10 0.000000000000e+00 1.005000000000e+03 0.000000000000e+00
     2.000000000000e+00 0.000000000000e+00-5.000000000000e-09-5.000000000000e-09
     3.636000000000e+05 1.000000000000e+00                                      
C26 2025 04 10 06 00 00-4.454959416762e-04-5.419664717010e-12 0.000000000000e+00
     1.000000000000e+00 5.075000000000e+01 3.979094316679e-09 7.592545167868e-01
     2.580694854259e-06 8.903514826670e-04 1.147994771600e-05 5.282664009094e+03
     3.672000000000e+05-1.443549990654e-08 2.091976656939e-02 3.352761268616e-08
     9.464539336853e-01 1.204531250000e+02 7.600058876044e-01-6.830284508766e-09
     1.271481533738e-10 0.000000000000e+00 1.005000000000e+03 0.000000000000e+00
     2.000000000000e+00 0.000000000000e+00-5.000000000000e-09-5.000000000000e-09
     3.672000000000e+05 1.000000000000e+00                                      
C26 2025 04 10 07 00 00-4.455158486962e-04-5.443645534342e-12 0.000000000000e+00
     1.000000000000e+00 4.907812500000e+01 3.981951578552e-09 1.246530408206e+00
     2.453103661537e-06 8.904001442716e-04 1.156423240900e-05 5.282664514542e+03
     3.708000000000e+05-3.725290298462e-08 2.089508714139e-02 3.678724169731e-08
     9.464544135224e-01 1.196718750000e+02 7.602868512619e-01-6.820998407677e-09
     1.414344627416e-10 0.000000000000e+00 1.005000000000e+03 0.000000000000e+00
     2.000000000000e+00 0.000000000000e+00-5.000000000000e-09-5.000000000000e-09
     3.708000000000e+05 1.000000000000e+00                                      
C26 2025 04 10 08 00 00-4.455352900550e-04-5.420552895430e-12 0.000000000000e+00
     1.000000000000e+00 4.410937500000e+01 3.954807590753e-09 1.733313824347e+00
     2.174172550440e-06 8.903197012842e-04 1.151021569967e-05 5.282665868759e+03
     3.744000000000e+05-6.612390279770e-08 2.087039454713e-02 2.793967723846e-09
     9.464550440401e-01 1.205781250000e+02 7.610601000194e-01-6.792425788941e-09
     1.625067690592e-10 0.000000000000e+00 1.005000000000e+03 0.000000000000e+00
     2.000000000000e+00 0.000000000000e+00-5.000000000000e-09-5.000000000000e-09
     3.744000000000e+05 1.000000000000e+00                                      
C26 2025 04 10 09 00 00-4.455548478290e-04-5.425881965948e-12 0.000000000000e+00
     1.000000000000e+00 4.442187500000e+01 3.931949495765e-09 2.221199467336e+00
     2.188608050346e-06 8.906000293791e-04 1.165177673101e-05 5.282665090561e+03
     3.780000000000e+05-3.725290298462e-09 2.084586872553e-02-2.468004822731e-08
     9.464559247168e-01 1.175156250000e+02 7.607305923512e-01-6.732066131862e-09
     1.696499237431e-10 0.000000000000e+00 1.005000000000e+03 0.000000000000e+00
     2.000000000000e+00 0.000000000000e+00-5.000000000000e-09-5.000000000000e-09
     3.780000000000e+05 1.000000000000e+00                                      
C26 2025 04 10 10 00 00-4.455752205104e-04-5.490718990586e-12 0.000000000000e+00
     1.000000000000e+00 3.903125000000e+01 3.974094108400e-09 2.709385276246e+00
     1.909211277962e-06 8.917531231418e-04 1.204665750265e-05 5.282662582397e+03
     3.816000000000e+05-2.281740307808e-08 2.082157550791e-02-4.703179001808e-08
     9.464564221090e-01 1.098906250000e+02 7.601011411264e-01-6.755995700053e-09
     1.753644474903e-10 0.000000000000e+00 1.005000000000e+03 0.000000000000e+00
     2.000000000000e+00 0.000000000000e+00-5.000000000000e-09-5.000000000000e-09
     3.816000000000e+05 1.000000000000e+00                                      
C26 2025 04 10 11 00 00-4.455951275304e-04-5.504041666882e-12 0.000000000000e+00
     1.000000000000e+00 3.660937500000e+01 3.992666310578e-09-3.086192013222e+00
     1.771375536919e-06 8.920805994421e-04 1.208344474435e-05 5.282661956787e+03
     3.852000000000e+05 1.443549990654e-08 2.079709649969e-02-6.891787052155e-08
     9.464569589999e-01 1.090781250000e+02 7.600504305341e-01-6.780639583713e-09
     1.985797002130e-10 0.000000000000e+00 1.005000000000e+03 0.000000000000e+00
     2.000000000000e+00 0.000000000000e+00-5.000000000000e-09-5.000000000000e-09
     3.852000000000e+05 1.000000000000e+00                                      
C26 2025 04 10 12 00 00-4.456153837964e-04-5.544897874188e-12 0.000000000000e+00
     1.000000000000e+00 4.181250000000e+01 3.959807799032e-09-2.597811143204e+00
     2.015847712755e-06 8.908752351999e-04 1.250160858035e-05 5.282664697647e+03
     3.888000000000e+05 6.379559636116e-08 2.077241707169e-02-2.747401595116e-08
     9.464576363310e-01 1.001562500000e+02 7.592271017020e-01-6.797068839486e-09
     2.428672592533e-10 0.000000000000e+00 1.005000000000e+03 0.000000000000e+00
     2.000000000000e+00 0.000000000000e+00-5.000000000000e-09-5.000000000000e-09
     3.888000000000e+05 1.000000000000e+00                                      
C26 2025 04 10 13 00 00-4.456354072317e-04-5.541345160509e-12 0.000000000000e+00
     1.000000000000e+00 3.917187500000e+01 3.915877397726e-09-2.109129544043e+00
     1.896172761917e-06 8.901790715754e-04 1.288997009397e-05 5.282667072296e+03
     3.924000000000e+05 4.237517714500e-08 2.074777421665e-02 1.024454832077e-08
     9.464585389514e-01 9.159375000000e+01 7.581019889622e-01-6.790282842536e-09
     2.732256666600e-10 0.000000000000e+00 1.005000000000e+03 0.000000000000e+00
     2.000000000000e+00 0.000000000000e+00-5.000000000000e-09-5.000000000000e-09
     3.924000000000e+05 1.000000000000e+00                                      
C26 2025 04 10 14 00 00-4.456558963284e-04-5.594635865691e-12 0.000000000000e+00
     1.000000000000e+00 4.570312500000e+01 3.935163915372e-09-1.622567340134e+00
     2.238433808088e-06 8.901726687327e-04 1.286761835217e-05 5.282665359497e+03
     3.960000000000e+05 4.097819328308e-08 2.072335372515e-02 2.095475792885e-08
     9.464595161807e-01 9.182812500000e+01 7.590953761694e-01-6.794211577612e-09
     2.725113511916e-10 0.000000000000e+00 1.005000000000e+03 0.000000000000e+00
     2.000000000000e+00 0.000000000000e+00-5.000000000000e-09-5.000000000000e-09
     3.960000000000e+05 1.000000000000e+00                                      
C26 2025 04 10 15 00 00-4.456752212718e-04-5.517364343177e-12 0.000000000000e+00
     1.000000000000e+00 4.742187500000e+01 3.909805716245e-09-1.135236447383e+00
     2.395827323198e-06 8.901722030714e-04 1.295330002904e-05 5.282664987564e+03
     3.996000000000e+05 4.144385457039e-08 2.069887764277e-02 1.443549990654e-08
     9.464605255942e-01 9.179687500000e+01 7.593208294004e-01-6.788497053865e-09
     2.750114553310e-10 0.000000000000e+00 1.005000000000e+03 0.000000000000e+00
     2.000000000000e+00 0.000000000000e+00-5.000000000000e-09-5.000000000000e-09
     3.996000000000e+05 1.000000000000e+00                                      
C26 2025 04 10 16 00 00-4.456950118765e-04-5.507594380560e-12 0.000000000000e+00
     1.000000000000e+00 4.879687500000e+01 3.888733409927e-09-6.471202090056e-01
     2.460554242134e-06 8.908320451155e-04 1.269159838557e-05 5.282666604996e+03
     4.032000000000e+05 2.374872565269e-08 2.067442935583e-02 2.328306436539e-08
     9.464614560101e-01 9.773437500000e+01 7.587608302113e-01-6.801354732296e-09
     2.728685089258e-10 0.000000000000e+00 1.005000000000e+03 0.000000000000e+00
     2.000000000000e+00 0.000000000000e+00-5.000000000000e-09-5.000000000000e-09
     4.032000000000e+05 1.000000000000e+00                                      
C26 2025 04 10 17 00 00-4.457146860659e-04-5.495159882685e-12 0.000000000000e+00
     1.000000000000e+00 5.671875000000e+01 3.820873440430e-09-1.592549547052e-01
     2.746935933828e-06 8.920240215957e-04 1.252349466085e-05 5.282668983459e+03
     4.068000000000e+05 2.095475792885e-08 2.065000740141e-02 4.097819328308e-08
     9.464624946819e-01 1.021562500000e+02 7.584511392314e-01-6.787068422928e-09
     2.653681965077e-10 0.000000000000e+00 1.005000000000e+03 0.000000000000e+00
     2.000000000000e+00 0.000000000000e+00-5.000000000000e-09-5.000000000000e-09
     4.068000000000e+05 1.000000000000e+00                                      
C26 2025 04 10 18 00 00-4.457340110093e-04-5.439204642244e-12 0.000000000000e+00
     1.000000000000e+00 5.123437500000e+01 3.811230181606e-09 3.286858227410e-01
     2.391636371613e-06 8.911226177588e-04 1.225760206580e-05 5.282667095184e+03
     4.104000000000e+05-2.747401595116e-08 2.062577855218e-02 3.725290298462e-08
     9.464635128729e-01 1.065468750000e+02 7.580650005415e-01-6.766353274345e-09
     2.339383158984e-10 0.000000000000e+00 1.005000000000e+03 0.000000000000e+00
     2.000000000000e+00 0.000000000000e+00-5.000000000000e-09-5.000000000000e-09
     4.104000000000e+05 1.000000000000e+00                                      
C26 2025 04 10 19 00 00-4.457535687834e-04-5.431211036466e-12 0.000000000000e+00
     1.000000000000e+00 5.053125000000e+01 3.819801967227e-09 8.171550354558e-01
     2.354849129915e-06 8.902857080102e-04 1.175282523036e-05 5.282664813995e+03
     4.140000000000e+05-3.213062882423e-08 2.060163894095e-02-1.443549990654e-08
     9.464643496620e-01 1.149843750000e+02 7.571510249165e-01-6.764924643408e-09
     1.960795960737e-10 0.000000000000e+00 1.005000000000e+03 0.000000000000e+00
     2.000000000000e+00 0.000000000000e+00-5.000000000000e-09-5.000000000000e-09
     4.140000000000e+05 1.000000000000e+00                                      
C26 2025 04 10 20 00 00-4.457730101421e-04-5.424105609109e-12 0.000000000000e+00
     1.000000000000e+00 4.835937500000e+01 3.798372503175e-09 1.304385531064e+00
     2.325512468815e-06 8.903214475140e-04 1.173792406917e-05 5.282665369034e+03
     4.176000000000e+05 9.313225746155e-10 2.057742179507e-02-2.142041921616e-08
     9.464650079752e-01 1.142812500000e+02 7.574764656724e-01-6.778139479573e-09
     1.739358165535e-10 0.000000000000e+00 1.005000000000e+03 0.000000000000e+00
     2.000000000000e+00 0.000000000000e+00-5.000000000000e-09-5.000000000000e-09
     4.176000000000e+05 1.000000000000e+00                                      
C26 2025 04 10 21 00 00-4.457925679162e-04-5.423217430689e-12 0.000000000000e+00
     1.000000000000e+00 4.254687500000e+01 3.757299363743e-09 1.791038061387e+00
     2.149958163500e-06 8.901754627004e-04 1.168716698885e-05 5.282666954041e+03
     4.212000000000e+05-7.450580596924e-09 2.055308468990e-02 0.000000000000e+00
     9.464655785132e-01 1.160937500000e+02 7.583795762048e-01-6.793140104410e-09
     1.692927660089e-10 0.000000000000e+00 1.005000000000e+03 0.000000000000e+00
     2.000000000000e+00 0.000000000000e+00-5.000000000000e-09-5.000000000000e-09
     4.212000000000e+05 1.000000000000e+00                                      
C26 2025 04 10 22 00 00-4.458120092750e-04-5.416112003331e-12 0.000000000000e+00
     1.000000000000e+00 4.240625000000e+01 3.712297489234e-09 2.278883194712e+00
     2.173241227865e-06 8.904619608074e-04 1.191953197122e-05 5.282666208267e+03
     4.248000000000e+05 5.029141902924e-08 2.052858812667e-02-1.629814505577e-08
     9.464664562641e-01 1.132500000000e+02 7.580895366035e-01-6.738494971078e-09
     1.735786588193e-10 0.000000000000e+00 1.005000000000e+03 0.000000000000e+00
     2.000000000000e+00 0.000000000000e+00-5.000000000000e-09-5.000000000000e-09
     4.248000000000e+05 1.000000000000e+00                                      
C26 2025 04 10 23 00 00-4.458314506337e-04-5.415223824912e-12 0.000000000000e+00
     1.000000000000e+00 3.573437500000e+01 3.726940956336e-09 2.767036958402e+00
     1.835171133280e-06 8.917383383960e-04 1.230882480741e-05 5.282663505554e+03
     4.284000000000e+05 5.215406417847e-08 2.050441194249e-02 2.235174179077e-08
     9.464672155186e-01 1.057031250000e+02 7.574909470984e-01-6.709565194608e-09
     1.603638226540e-10 0.000000000000e+00 1.005000000000e+03 0.000000000000e+00
     2.000000000000e+00 0.000000000000e+00-5.000000000000e-09-5.000000000000e-09
     4.284000000000e+05 1.000000000000e+00                                      
C27 2025 04 10 00 00 00 4.611727781594e-04 5.127454016929e-12 0.000000000000e+00
     1.000000000000e+00-7.485937500000e+01 3.969808215589e-09-1.697613759010e+00
    -3.626104444265e-06 7.162122055888e-04 7.683411240578e-06 5.282617994308e+03
     3.456000000000e+05-9.313225746155e-10 2.144571064942e+00 2.281740307808e-08
     9.545261240044e-01 2.020781250000e+02 1.326491871951e+00-6.941003406367e-09
    -3.589435228671e-10 0.000000000000e+00 1.005000000000e+03 0.000000000000e+00
     2.000000000000e+00 0.000000000000e+00-4.300000000000e-09-4.300000000000e-09
     3.456000000000e+05 1.000000000000e+00                                      
C27 2025 04 10 01 00 00 4.611916374415e-04 5.163869332137e-12 0.000000000000e+00
     1.000000000000e+00-7.459375000000e+01 3.946950120601e-09-1.209097103862e+00
    -3.620982170105e-06 7.163988193497e-04 7.492955774069e-06 5.282619367599e+03
     3.492000000000e+05-2.142041921616e-08 2.144546062209e+00 1.490116119385e-08
     9.545247430098e-01 2.072812500000e+02 1.325544600310e+00-6.959932766279e-09
    -3.568005764619e-10 0.000000000000e+00 1.005000000000e+03 0.000000000000e+00
     2.000000000000e+00 0.000000000000e+00-4.300000000000e-09-4.300000000000e-09
     3.492000000000e+05 1.000000000000e+00                                      
C27 2025 04 10 02 00 00 4.612097982317e-04 5.111466805374e-12 0.000000000000e+00
     1.000000000000e+00-7.939062500000e+01 3.958736325829e-09-7.221472661608e-01
    -3.905501216650e-06 7.158652879298e-04 7.590744644403e-06 5.282618007660e+03
     3.528000000000e+05-2.048909664154e-08 2.144520959997e+00 0.000000000000e+00
     9.545234102914e-01 2.057656250000e+02 1.326163768684e+00-6.971004656039e-09
    -3.510860527148e-10 0.000000000000e+00 1.005000000000e+03 0.000000000000e+00
     2.000000000000e+00 0.000000000000e+00-4.300000000000e-09-4.300000000000e-09
     3.528000000000e+05 1.000000000000e+00                                      
C27 2025 04 10 03 00 00 4.612280754372e-04 5.102585021177e-12 0.000000000000e+00
     1.000000000000e+00-8.506250000000e+01 3.963736534108e-09-2.349181661760e-01
    -4.235655069351e-06 7.149968296289e-04 7.392838597298e-06 5.282616245270e+03
     3.564000000000e+05-4.190951585770e-08 2.144495951413e+00-5.587935447693e-09
     9.545221770515e-01 2.091093750000e+02 1.326504082928e+00-6.962790028153e-09
    -3.657295198168e-10 0.000000000000e+00 1.005000000000e+03 0.000000000000e+00
     2.000000000000e+00 0.000000000000e+00-4.300000000000e-09-4.300000000000e-09
     3.564000000000e+05 1.000000000000e+00                                      
C27 2025 04 10 04 00 00 4.612468183041e-04 5.134559444286e-12 0.000000000000e+00
     1.000000000000e+00-8.557812500000e+01 3.951950328880e-09 2.525531462294e-01
    -4.260800778866e-06 7.151351310313e-04 7.411930710077e-06 5.282616535187e+03
     3.600000000000e+05-4.097819328308e-08 2.144471141785e+00-6.705522537231e-08
     9.545208589623e-01 2.080156250000e+02 1.326602592906e+00-6.963147185887e-09
    -4.107313943255e-10 0.000000000000e+00 1.005000000000e+03 0.000000000000e+00
     2.000000000000e+00 0.000000000000e+00-4.300000000000e-09-4.300000000000e-09
     3.600000000000e+05 1.000000000000e+00                                      
C27 2025 04 10 05 00 00 4.612655611709e-04 5.160316618458e-12 0.000000000000e+00
     1.000000000000e+00-9.060937500000e+01 3.940521281385e-09 7.393409321060e-01
    -4.485715180635e-06 7.157815853134e-04 7.578637450933e-06 5.282618207932e+03
     3.636000000000e+05 3.539025783539e-08 2.144446392137e+00-7.823109626770e-08
     9.545192746220e-01 2.043281250000e+02 1.327384393882e+00-6.994577066496e-09
    -4.607334771129e-10 0.000000000000e+00 1.005000000000e+03 0.000000000000e+00
     2.000000000000e+00 0.000000000000e+00-4.300000000000e-09-4.300000000000e-09
     3.636000000000e+05 1.000000000000e+00                                      
C27 2025 04 10 06 00 00 4.612847696990e-04 5.214495502059e-12 0.000000000000e+00
     1.000000000000e+00-9.115625000000e+01 3.950521697943e-09 1.226880532064e+00
    -4.469882696867e-06 7.158369990066e-04 7.616821676493e-06 5.282618284225e+03
     3.672000000000e+05 5.215406417847e-08 2.144421379164e+00-2.747401595116e-08
     9.545174503632e-01 2.038281250000e+02 1.327413936050e+00-7.032435786321e-09
    -4.835915721015e-10 0.000000000000e+00 1.005000000000e+03 0.000000000000e+00
     2.000000000000e+00 0.000000000000e+00-4.300000000000e-09-4.300000000000e-09
     3.672000000000e+05 1.000000000000e+00                                      
C27 2025 04 10 07 00 00 4.613039782271e-04 5.250022638847e-12 0.000000000000e+00
     1.000000000000e+00-8.989062500000e+01 3.959807799032e-09 1.715467732048e+00
    -4.398636519909e-06 7.159295491874e-04 7.903203368187e-06 5.282616842270e+03
     3.708000000000e+05 5.681067705154e-08 2.144396058978e+00-2.421438694000e-08
     9.545157255827e-01 1.986406250000e+02 1.326396065446e+00-7.029221366713e-09
    -4.843058875699e-10 0.000000000000e+00 1.005000000000e+03 0.000000000000e+00
     2.000000000000e+00 0.000000000000e+00-4.300000000000e-09-4.300000000000e-09
     3.708000000000e+05 1.000000000000e+00                                      
C27 2025 04 10 08 00 00 4.613230703399e-04 5.269562564081e-12 0.000000000000e+00
     1.000000000000e+00-8.912500000000e+01 3.933378126701e-09 2.202989314708e+00
    -4.363246262074e-06 7.158601656556e-04 7.905531674623e-06 5.282616979599e+03
     3.744000000000e+05 7.729977369308e-08 2.144370874843e+00 2.235174179077e-08
     9.545141734267e-01 1.986093750000e+02 1.326444204228e+00-6.987791069546e-09
    -4.978778814693e-10 0.000000000000e+00 1.005000000000e+03 0.000000000000e+00
     2.000000000000e+00 0.000000000000e+00-4.300000000000e-09-4.300000000000e-09
     3.744000000000e+05 1.000000000000e+00                                      
C27 2025 04 10 09 00 00 4.613419296220e-04 5.260680779884e-12 0.000000000000e+00
     1.000000000000e+00-8.465625000000e+01 3.899805299687e-09 2.690149082616e+00
    -4.137400537729e-06 7.153179030865e-04 7.927883416414e-06 5.282618188858e+03
     3.780000000000e+05 2.980232238770e-08 2.144345949645e+00 5.448237061501e-08
     9.545124983855e-01 1.981875000000e+02 1.326853881270e+00-6.953861084798e-09
    -5.293077620786e-10 0.000000000000e+00 1.005000000000e+03 0.000000000000e+00
     2.000000000000e+00 0.000000000000e+00-4.300000000000e-09-4.300000000000e-09
     3.780000000000e+05 1.000000000000e+00                                      
C27 2025 04 10 10 00 00 4.613570636138e-04 5.015543536047e-12 0.000000000000e+00
     1.000000000000e+00-8.545312500000e+01 3.909448558510e-09-3.105547487341e+00
    -4.175119102001e-06 7.157641230151e-04 7.777474820614e-06 5.282617315292e+03
     3.816000000000e+05 1.862645149231e-09 2.144321088815e+00 2.514570951462e-08
     9.545106097582e-01 2.015156250000e+02 1.326934145733e+00-6.945289299177e-09
    -5.578803808143e-10 0.000000000000e+00 1.005000000000e+03 0.000000000000e+00
     2.000000000000e+00 0.000000000000e+00-4.300000000000e-09-4.300000000000e-09
     3.816000000000e+05 1.000000000000e+00                                      
C27 2025 04 10 11 00 00 4.613755736500e-04 5.086597809623e-12 0.000000000000e+00
     1.000000000000e+00-8.129687500000e+01 3.952307486614e-09-2.618745499456e+00
    -3.995373845100e-06 7.167733274400e-04 7.453374564648e-06 5.282615081787e+03
     3.852000000000e+05 1.024454832077e-08 2.144296148987e+00 1.350417733192e-08
     9.545085880054e-01 2.089218750000e+02 1.327701592558e+00-6.947789403316e-09
    -5.685951128402e-10 0.000000000000e+00 1.005000000000e+03 0.000000000000e+00
     2.000000000000e+00 0.000000000000e+00-4.300000000000e-09-4.300000000000e-09
     3.852000000000e+05 1.000000000000e+00                                      
C27 2025 04 10 12 00 00 4.613939672709e-04 5.080380560685e-12 0.000000000000e+00
     1.000000000000e+00-8.076562500000e+01 3.976594212539e-09-2.131217497512e+00
    -4.049856215715e-06 7.168555166572e-04 7.422175258398e-06 5.282614957809e+03
     3.888000000000e+05 1.676380634308e-08 2.144271174050e+00 2.048909664154e-08
     9.545065179763e-01 2.097343750000e+02 1.327743848946e+00-6.953503927064e-09
    -5.732381633847e-10 0.000000000000e+00 1.005000000000e+03 0.000000000000e+00
     2.000000000000e+00 0.000000000000e+00-4.300000000000e-09-4.300000000000e-09
     3.888000000000e+05 1.000000000000e+00                                      
C27 2025 04 10 13 00 00 4.614122444764e-04 5.080380560685e-12 0.000000000000e+00
     1.000000000000e+00-8.571875000000e+01 3.987666102299e-09-1.642068479932e+00
    -4.362780600786e-06 7.167640142143e-04 7.011462002993e-06 5.282617174149e+03
     3.924000000000e+05-4.190951585770e-09 2.144246202038e+00 4.423782229424e-08
     9.545043323767e-01 2.162812500000e+02 1.326165117495e+00-6.979933599394e-09
    -5.796670026002e-10 0.000000000000e+00 1.005000000000e+03 0.000000000000e+00
     2.000000000000e+00 0.000000000000e+00-4.300000000000e-09-4.300000000000e-09
     3.924000000000e+05 2.000000000000e+00                                      
C27 2025 04 10 14 00 00 4.614301724359e-04 5.050182494415e-12 0.000000000000e+00
     1.000000000000e+00-8.481250000000e+01 4.034453765479e-09-1.153561825292e+00
    -4.268717020750e-06 7.169967284426e-04 6.619840860367e-06 5.282618568420e+03
     3.960000000000e+05-5.448237061501e-08 2.144221012052e+00 1.536682248116e-08
     9.545020019482e-01 2.212812500000e+02 1.325228181370e+00-7.030292839916e-09
    -5.721666901821e-10 0.000000000000e+00 1.005000000000e+03 0.000000000000e+00
     2.000000000000e+00 0.000000000000e+00-4.300000000000e-09-4.300000000000e-09
     3.960000000000e+05 1.000000000000e+00                                      
C27 2025 04 10 15 00 00 4.614476347342e-04 4.986233648197e-12 0.000000000000e+00
     1.000000000000e+00-8.954687500000e+01 4.118028675281e-09-6.665043490043e-01
    -4.343222826719e-06 7.164828712121e-04 6.614252924919e-06 5.282617357254e+03
     3.996000000000e+05-3.119930624962e-08 2.144195465113e+00-4.796311259270e-08
     9.544997490544e-01 2.204687500000e+02 1.325740346064e+00-7.078509134032e-09
    -5.428797559780e-10 0.000000000000e+00 1.005000000000e+03 0.000000000000e+00
     2.000000000000e+00 0.000000000000e+00-4.300000000000e-09-4.300000000000e-09
     3.996000000000e+05 1.000000000000e+00                                      
C27 2025 04 10 16 00 00 4.614655626938e-04 4.985345469777e-12 0.000000000000e+00
     1.000000000000e+00-9.581250000000e+01 4.194460430399e-09-1.792409011658e-01
    -4.534609615803e-06 7.154381601140e-04 6.466638296843e-06 5.282615285873e+03
     4.032000000000e+05 2.048909664154e-08 2.144169761643e+00-3.725290298462e-08
     9.544977404679e-01 2.253906250000e+02 1.326047248722e+00-7.099224282616e-09
    -5.085926134952e-10 0.000000000000e+00 1.005000000000e+03 0.000000000000e+00
     2.000000000000e+00 0.000000000000e+00-4.300000000000e-09-4.300000000000e-09
     4.032000000000e+05 1.000000000000e+00                                      
C27 2025 04 10 17 00 00 4.614840727299e-04 5.031530747601e-12 0.000000000000e+00
     1.000000000000e+00-9.634375000000e+01 4.227318941945e-09 3.083010906636e-01
    -4.568602889776e-06 7.153677288443e-04 6.566755473614e-06 5.282615173340e+03
     4.068000000000e+05 1.816079020500e-08 2.144144084505e+00-6.984919309616e-09
     9.544959176719e-01 2.260468750000e+02 1.326076409068e+00-7.098509967147e-09
    -4.868059917093e-10 0.000000000000e+00 1.005000000000e+03 0.000000000000e+00
     2.000000000000e+00 0.000000000000e+00-4.300000000000e-09-4.300000000000e-09
     4.068000000000e+05 1.000000000000e+00                                      
C27 2025 04 10 18 00 00 4.615029320121e-04 5.099920485918e-12 0.000000000000e+00
     1.000000000000e+00-1.021562500000e+02 4.221247260464e-09 7.949681623920e-01
    -4.937406629324e-06 7.160194218159e-04 6.770249456167e-06 5.282616979599e+03
     4.104000000000e+05 1.396983861923e-09 2.144118464420e+00-6.984919309616e-09
     9.544941899657e-01 2.229062500000e+02 1.326980534866e+00-7.091009654729e-09
    -4.768055751518e-10 0.000000000000e+00 1.005000000000e+03 0.000000000000e+00
     2.000000000000e+00 0.000000000000e+00-4.300000000000e-09-4.300000000000e-09
     4.104000000000e+05 1.000000000000e+00                                      
C27 2025 04 10 19 00 00 4.615213256329e-04 5.106137734856e-12 0.000000000000e+00
     1.000000000000e+00-1.044531250000e+02 4.220532944995e-09 1.282140439713e+00
    -5.102716386318e-06 7.161562098190e-04 6.721355021000e-06 5.282617593765e+03
     4.140000000000e+05 4.656612873077e-10 2.144092897001e+00-1.955777406693e-08
     9.544925163874e-01 2.233437500000e+02 1.327378866978e+00-7.081009238172e-09
    -4.718053668730e-10 0.000000000000e+00 1.005000000000e+03 0.000000000000e+00
     2.000000000000e+00 0.000000000000e+00-4.300000000000e-09-4.300000000000e-09
     4.140000000000e+05 1.000000000000e+00                                      
C27 2025 04 10 20 00 00 4.615397192538e-04 5.108802270115e-12 0.000000000000e+00
     1.000000000000e+00-1.040156250000e+02 4.235176412097e-09 1.770549846874e+00
    -5.085486918688e-06 7.162775145844e-04 6.927177309990e-06 5.282616405487e+03
     4.176000000000e+05 1.024454832077e-08 2.144067404191e+00-2.281740307808e-08
     9.544908676787e-01 2.188281250000e+02 1.326539940513e+00-7.071723137082e-09
    -4.707338936704e-10 0.000000000000e+00 1.005000000000e+03 0.000000000000e+00
     2.000000000000e+00 0.000000000000e+00-4.300000000000e-09-4.300000000000e-09
     4.176000000000e+05 1.000000000000e+00                                      
C27 2025 04 10 21 00 00 4.615582292899e-04 5.123013124830e-12 0.000000000000e+00
     1.000000000000e+00-1.032812500000e+02 4.216961367653e-09 2.258094963496e+00
    -5.109701305628e-06 7.162147667259e-04 6.977934390306e-06 5.282616497040e+03
     4.212000000000e+05 1.257285475731e-08 2.144041937713e+00-2.700835466385e-08
     9.544891604533e-01 2.187187500000e+02 1.326565739073e+00-7.073866083488e-09
    -4.689481049995e-10 0.000000000000e+00 1.005000000000e+03 0.000000000000e+00
     2.000000000000e+00 0.000000000000e+00-4.300000000000e-09-4.300000000000e-09
     4.212000000000e+05 1.000000000000e+00                                      
C27 2025 04 10 22 00 00 4.615768557414e-04 5.137223979546e-12 0.000000000000e+00
     1.000000000000e+00-9.756250000000e+01 4.169459389005e-09 2.745208443214e+00
    -4.977919161320e-06 7.154975319281e-04 7.004477083683e-06 5.282618030548e+03
     4.248000000000e+05 4.330649971962e-08 2.144016345424e+00-3.632158041000e-08
     9.544874137291e-01 2.173750000000e+02 1.327023061894e+00-7.090295339261e-09
    -4.503759028213e-10 0.000000000000e+00 1.005000000000e+03 0.000000000000e+00
     2.000000000000e+00 0.000000000000e+00-4.300000000000e-09-4.300000000000e-09
     4.248000000000e+05 1.000000000000e+00                                      
C27 2025 04 10 23 00 00 4.615954821929e-04 5.147882120582e-12 0.000000000000e+00
     1.000000000000e+00-9.723437500000e+01 4.137672350662e-09-3.050496867679e+00
    -5.024019628763e-06 7.156694773585e-04 6.772577762604e-06 5.282617673874e+03
     4.284000000000e+05 7.078051567078e-08 2.143990570270e+00 1.816079020500e-08
     9.544857708721e-01 2.187500000000e+02 1.327113312236e+00-7.099224282616e-09
    -4.071598169835e-10 0.000000000000e+00 1.005000000000e+03 0.000000000000e+00
     2.000000000000e+00 0.000000000000e+00-4.300000000000e-09-4.300000000000e-09
     4.284000000000e+05 1.000000000000e+00                                      
C28 2025 04 10 00 00 00 3.636847250164e-04 4.479971948967e-12 0.000000000000e+00
     1.000000000000e+00-7.420312500000e+01 4.019453140643e-09 7.802683621549e-01
    -3.639142960310e-06 6.555754225701e-05 7.644295692444e-06 5.282633216858e+03
     3.456000000000e+05-1.583248376846e-08 2.144292901309e+00-4.656612873077e-10
     9.544019149449e-01 2.060000000000e+02-4.843390409509e-01-6.964575816824e-09
    -3.650152043484e-10 0.000000000000e+00 1.005000000000e+03 0.000000000000e+00
     2.000000000000e+00 0.000000000000e+00-3.900000000000e-09-3.900000000000e-09
     3.456000000000e+05 1.000000000000e+00                                      
C28 2025 04 10 01 00 00 3.637000918388e-04 4.388489571738e-12 0.000000000000e+00
     1.000000000000e+00-8.153125000000e+01 4.031239345871e-09 1.282546509199e+00
    -4.083383828402e-06 6.525730714202e-05 7.653143256903e-06 5.282631254196e+03
     3.492000000000e+05-8.847564458847e-09 2.144267781543e+00-9.778887033463e-09
     9.544005705232e-01 2.058593750000e+02-4.990517251075e-01-6.972790444710e-09
    -3.596578383355e-10 0.000000000000e+00 1.005000000000e+03 0.000000000000e+00
     2.000000000000e+00 0.000000000000e+00-3.900000000000e-09-3.900000000000e-09
     3.492000000000e+05 1.000000000000e+00                                      
C28 2025 04 10 02 00 00 3.637162735686e-04 4.429345779045e-12 0.000000000000e+00
     1.000000000000e+00-8.392187500000e+01 4.008738408617e-09 1.777242054865e+00
    -4.282686859369e-06 6.530911196023e-05 7.422640919685e-06 5.282630332947e+03
     3.528000000000e+05-2.095475792885e-08 2.144242751015e+00-2.142041921616e-08
     9.543992890070e-01 2.082343750000e+02-5.061812373489e-01-6.968861709634e-09
    -3.710868858297e-10 0.000000000000e+00 1.005000000000e+03 0.000000000000e+00
     2.000000000000e+00 0.000000000000e+00-3.900000000000e-09-3.900000000000e-09
     3.528000000000e+05 1.000000000000e+00                                      
C28 2025 04 10 03 00 00 3.637325717136e-04 4.454214774796e-12 0.000000000000e+00
     1.000000000000e+00-8.587500000000e+01 3.965165165045e-09 2.256924548572e+00
    -4.337169229984e-06 6.487395148724e-05 7.530674338341e-06 5.282631635666e+03
     3.564000000000e+05 1.396983861923e-09 2.144217846297e+00-5.820766091347e-08
     9.543979328819e-01 2.036406250000e+02-4.982976405768e-01-6.976004864318e-09
    -4.025167664390e-10 0.000000000000e+00 1.005000000000e+03 0.000000000000e+00
     2.000000000000e+00 0.000000000000e+00-3.900000000000e-09-3.900000000000e-09
     3.564000000000e+05 1.000000000000e+00                                      
C28 2025 04 10 04 00 00 3.637494519353e-04 4.526157226792e-12 0.000000000000e+00
     1.000000000000e+00-9.042187500000e+01 3.936949704043e-09 2.739949824720e+00
    -4.455912858248e-06 6.429338827729e-05 7.584691047668e-06 5.282632902145e+03
     3.600000000000e+05 4.703179001808e-08 2.144192925488e+00-4.004687070847e-08
     9.543963865775e-01 2.019375000000e+02-4.937574216528e-01-7.002077378914e-09
    -4.310893851747e-10 0.000000000000e+00 1.005000000000e+03 0.000000000000e+00
     2.000000000000e+00 0.000000000000e+00-3.900000000000e-09-3.900000000000e-09
     3.600000000000e+05 1.000000000000e+00                                      
C28 2025 04 10 05 00 00 3.637666814029e-04 4.601652392466e-12 0.000000000000e+00
     1.000000000000e+00-8.806250000000e+01 3.937306861778e-09-3.056712070750e+00
    -4.260800778866e-06 6.479164585471e-05 7.783528417349e-06 5.282631914139e+03
     3.636000000000e+05 4.284083843231e-08 2.144167782315e+00-1.350417733192e-08
     9.543947393317e-01 1.992187500000e+02-4.927156893919e-01-7.022792527498e-09
    -4.396611707954e-10 0.000000000000e+00 1.005000000000e+03 0.000000000000e+00
     2.000000000000e+00 0.000000000000e+00-3.900000000000e-09-3.900000000000e-09
     3.636000000000e+05 1.000000000000e+00                                      
C28 2025 04 10 06 00 00 3.637839108706e-04 4.663824881845e-12 0.000000000000e+00
     1.000000000000e+00-8.810937500000e+01 3.925877814283e-09-2.573387978956e+00
    -4.272442311049e-06 6.529490929097e-05 8.062459528446e-06 5.282630796432e+03
     3.672000000000e+05 5.960464477539e-08 2.144142510405e+00-5.587935447693e-09
     9.543932398407e-01 1.950312500000e+02-4.884742451530e-01-7.006363271725e-09
    -4.414469594664e-10 0.000000000000e+00 1.005000000000e+03 0.000000000000e+00
     2.000000000000e+00 0.000000000000e+00-3.900000000000e-09-3.900000000000e-09
     3.672000000000e+05 1.000000000000e+00                                      
C28 2025 04 10 07 00 00 3.637972986326e-04 4.426681243785e-12 0.000000000000e+00
     1.000000000000e+00-8.476562500000e+01 3.879804466572e-09-2.079237665783e+00
    -4.135072231293e-06 6.507255602628e-05 8.014496415854e-06 5.282631732941e+03
     3.708000000000e+05 5.401670932770e-08 2.144117471099e+00 5.215406417847e-08
     9.543918369023e-01 1.963281250000e+02-4.950588862412e-01-6.962432870418e-09
    -4.635907389865e-10 0.000000000000e+00 1.005000000000e+03 0.000000000000e+00
     2.000000000000e+00 0.000000000000e+00-3.900000000000e-09-3.900000000000e-09
     3.708000000000e+05 1.000000000000e+00                                      
C28 2025 04 10 08 00 00 3.638110356405e-04 4.247269203006e-12 0.000000000000e+00
     1.000000000000e+00-8.273437500000e+01 3.856589213849e-09-1.587452209425e+00
    -4.033558070660e-06 6.502098403871e-05 8.041039109230e-06 5.282632274628e+03
     3.744000000000e+05-1.257285475731e-08 2.144092686341e+00 5.541369318962e-08
     9.543902613395e-01 1.959062500000e+02-4.992792308126e-01-6.932074463012e-09
    -5.050210361533e-10 0.000000000000e+00 1.005000000000e+03 0.000000000000e+00
     2.000000000000e+00 0.000000000000e+00-3.900000000000e-09-3.900000000000e-09
     3.744000000000e+05 1.000000000000e+00                                      
C28 2025 04 10 09 00 00 3.638273337856e-04 4.347633364432e-12 0.000000000000e+00
     1.000000000000e+00-8.292187500000e+01 3.888733409927e-09-1.112992653640e+00
    -4.042405635118e-06 6.457930430770e-05 7.727649062872e-06 5.282630409241e+03
     3.780000000000e+05-2.281740307808e-08 2.144067961562e+00 1.862645149231e-09
     9.543884414694e-01 2.030000000000e+02-4.861738386576e-01-6.929217201138e-09
    -5.450227023832e-10 0.000000000000e+00 1.005000000000e+03 0.000000000000e+00
     2.000000000000e+00 0.000000000000e+00-3.900000000000e-09-3.900000000000e-09
     3.780000000000e+05 1.000000000000e+00                                      
C28 2025 04 10 10 00 00 3.638428170234e-04 4.336975223396e-12 0.000000000000e+00
     1.000000000000e+00-7.839062500000e+01 3.936592546309e-09-6.338214132288e-01
    -3.879424184561e-06 6.392574869096e-05 7.561407983303e-06 5.282628768921e+03
     3.816000000000e+05 1.164153218269e-08 2.144043163638e+00-8.381903171539e-09
     9.543864328829e-01 2.073906250000e+02-4.777793616339e-01-6.942432037303e-09
    -5.689522705744e-10 0.000000000000e+00 1.005000000000e+03 0.000000000000e+00
     2.000000000000e+00 0.000000000000e+00-3.900000000000e-09-3.900000000000e-09
     3.816000000000e+05 1.000000000000e+00                                      
C28 2025 04 10 11 00 00 3.638591151685e-04 4.392930463837e-12 0.000000000000e+00
     1.000000000000e+00-8.251562500000e+01 3.958379168095e-09-1.453652131703e-01
    -4.191882908344e-06 6.455311086029e-05 7.436145097017e-06 5.282630004883e+03
     3.852000000000e+05 2.142041921616e-08 2.144018266235e+00 1.862645149231e-08
     9.543842984854e-01 2.093125000000e+02-4.786692064252e-01-6.962432870418e-09
    -5.814527912712e-10 0.000000000000e+00 1.005000000000e+03 0.000000000000e+00
     2.000000000000e+00 0.000000000000e+00-3.900000000000e-09-3.900000000000e-09
     3.852000000000e+05 1.000000000000e+00                                      
C28 2025 04 10 12 00 00 3.638747148216e-04 4.377831430702e-12 0.000000000000e+00
     1.000000000000e+00-8.546875000000e+01 3.980880105350e-09 3.363352165689e-01
    -4.382338374853e-06 6.574927829206e-05 6.866175681353e-06 5.282632459641e+03
     3.888000000000e+05-1.350417733192e-08 2.143993234244e+00 3.399327397346e-08
     9.543820426657e-01 2.178750000000e+02-4.728036042022e-01-6.996005697433e-09
    -5.850243686132e-10 0.000000000000e+00 1.005000000000e+03 0.000000000000e+00
     2.000000000000e+00 0.000000000000e+00-3.900000000000e-09-3.900000000000e-09
     3.888000000000e+05 1.000000000000e+00                                      
C28 2025 04 10 13 00 00 3.638900816441e-04 4.344968829173e-12 0.000000000000e+00
     1.000000000000e+00-8.517187500000e+01 4.044097024302e-09 8.220444412220e-01
    -4.251953214407e-06 6.594008300453e-05 6.644520908594e-06 5.282632905960e+03
     3.924000000000e+05-4.097819328308e-08 2.143967936002e+00-1.024454832077e-08
     9.543797327181e-01 2.194687500000e+02-4.709473352469e-01-7.039578941005e-09
    -5.721666901821e-10 0.000000000000e+00 1.005000000000e+03 0.000000000000e+00
     2.000000000000e+00 0.000000000000e+00-3.900000000000e-09-3.900000000000e-09
     3.924000000000e+05 1.000000000000e+00                                      
C28 2025 04 10 14 00 00 3.639053320512e-04 4.305888978706e-12 0.000000000000e+00
     1.000000000000e+00-9.220312500000e+01 4.126957618636e-09 1.323523602391e+00
    -4.434958100319e-06 6.570760160685e-05 6.615649908781e-06 5.282631082535e+03
     3.960000000000e+05 0.000000000000e+00 2.143942381749e+00-4.423782229424e-08
     9.543775558960e-01 2.202812500000e+02-4.848607731288e-01-7.072437452551e-09
    -5.443083869148e-10 0.000000000000e+00 1.005000000000e+03 0.000000000000e+00
     2.000000000000e+00 0.000000000000e+00-3.900000000000e-09-3.900000000000e-09
     3.960000000000e+05 1.000000000000e+00                                      
C28 2025 04 10 15 00 00 3.639210481197e-04 4.321876190261e-12 0.000000000000e+00
     1.000000000000e+00-9.542187500000e+01 4.184817171576e-09 1.822491025381e+00
    -4.524365067482e-06 6.585416849703e-05 6.495043635368e-06 5.282629602432e+03
     3.996000000000e+05 2.933666110039e-08 2.143916757276e+00-1.722946763039e-08
     9.543755765678e-01 2.250625000000e+02-4.962616345805e-01-7.082080711374e-09
    -5.168072413817e-10 0.000000000000e+00 1.005000000000e+03 0.000000000000e+00
     2.000000000000e+00 0.000000000000e+00-3.900000000000e-09-3.900000000000e-09
     3.996000000000e+05 1.000000000000e+00                                      
C28 2025 04 10 16 00 00 3.639368806034e-04 4.352074256531e-12 0.000000000000e+00
     1.000000000000e+00-9.693750000000e+01 4.199817796412e-09 2.306041298939e+00
    -4.645437002182e-06 6.558466702700e-05 6.706453859806e-06 5.282630344391e+03
     4.032000000000e+05 1.676380634308e-08 2.143891173764e+00 9.313225746155e-10
     9.543737318281e-01 2.228906250000e+02-4.922447980059e-01-7.078151976298e-09
    -5.014494588113e-10 0.000000000000e+00 1.005000000000e+03 0.000000000000e+00
     2.000000000000e+00 0.000000000000e+00-3.900000000000e-09-3.900000000000e-09
     4.032000000000e+05 1.000000000000e+00                                      
C28 2025 04 10 17 00 00 3.639551578090e-04 4.559908006740e-12 0.000000000000e+00
     1.000000000000e+00-1.017968750000e+02 4.195889061336e-09 2.789478842956e+00
    -4.962552338839e-06 6.494903936982e-05 6.771180778742e-06 5.282631702423e+03
     4.068000000000e+05 6.519258022308e-09 2.143865653158e+00-4.190951585770e-09
     9.543719514568e-01 2.218281250000e+02-4.881154908266e-01-7.071723137082e-09
    -4.950206195958e-10 0.000000000000e+00 1.005000000000e+03 0.000000000000e+00
     2.000000000000e+00 0.000000000000e+00-3.900000000000e-09-3.900000000000e-09
     4.068000000000e+05 1.000000000000e+00                                      
C28 2025 04 10 18 00 00 3.639713395387e-04 4.534150832569e-12 0.000000000000e+00
     1.000000000000e+00-1.004687500000e+02 4.211246843906e-09-3.007384522665e+00
    -4.922505468130e-06 6.529572419822e-05 6.856862455606e-06 5.282631011963e+03
     4.104000000000e+05 7.916241884232e-09 2.143840182292e+00-8.847564458847e-09
     9.543701886405e-01 2.195156250000e+02-4.868709849536e-01-7.067437244272e-09
    -4.935919886590e-10 0.000000000000e+00 1.005000000000e+03 0.000000000000e+00
     2.000000000000e+00 0.000000000000e+00-3.900000000000e-09-3.900000000000e-09
     4.104000000000e+05 1.000000000000e+00                                      
C28 2025 04 10 19 00 00 3.639863571152e-04 4.392042285417e-12 0.000000000000e+00
     1.000000000000e+00-1.012812500000e+02 4.225533153274e-09-2.525230327922e+00
    -4.972331225872e-06 6.584625225514e-05 7.111113518476e-06 5.282629741669e+03
     4.140000000000e+05 4.190951585770e-09 2.143814736295e+00-1.164153218269e-08
     9.543683965659e-01 2.147656250000e+02-4.814584060351e-01-7.071365979348e-09
    -4.925205154564e-10 0.000000000000e+00 1.005000000000e+03 0.000000000000e+00
     2.000000000000e+00 0.000000000000e+00-3.900000000000e-09-3.900000000000e-09
     4.140000000000e+05 1.000000000000e+00                                      
C28 2025 04 10 20 00 00 3.640020731837e-04 4.381384144381e-12 0.000000000000e+00
     1.000000000000e+00-9.831250000000e+01 4.200174954146e-09-2.032094043731e+00
    -4.920642822981e-06 6.568862590939e-05 7.112044841051e-06 5.282630506516e+03
     4.176000000000e+05 1.210719347000e-08 2.143789205448e+00-3.259629011154e-08
     9.543665562149e-01 2.154062500000e+02-4.870274864668e-01-7.087080919653e-09
    -4.828772566331e-10 0.000000000000e+00 1.005000000000e+03 0.000000000000e+00
     2.000000000000e+00 0.000000000000e+00-3.900000000000e-09-3.900000000000e-09
     4.176000000000e+05 1.000000000000e+00                                      
C28 2025 04 10 21 00 00 3.640169743448e-04 4.313882584484e-12 0.000000000000e+00
     2.000000000000e+00-9.526562500000e+01 4.170888019942e-09-1.537673689047e+00
    -4.870817065239e-06 6.565765943378e-05 7.119961082935e-06 5.282631380081e+03
     4.212000000000e+05 5.587935447693e-08 2.143763509292e+00-2.468004822731e-08
     9.543647656032e-01 2.139218750000e+02-4.938809694733e-01-7.104938806363e-09
    -4.543046378974e-10 0.000000000000e+00 1.005000000000e+03 0.000000000000e+00
     2.000000000000e+00 0.000000000000e+00-3.900000000000e-09-3.900000000000e-09
     4.212000000000e+05 1.000000000000e+00                                      
C28 2025 04 10 22 00 00 3.640317590907e-04 4.265032771400e-12 0.000000000000e+00
     1.000000000000e+00-9.460937500000e+01 4.166244969397e-09-1.060043492392e+00
    -4.840083420277e-06 6.526266224682e-05 6.746966391802e-06 5.282629888535e+03
     4.248000000000e+05 5.308538675308e-08 2.143737669770e+00 4.004687070847e-08
     9.543631359125e-01 2.194218750000e+02-4.839445680166e-01-7.104224490894e-09
    -4.078741324519e-10 0.000000000000e+00 1.005000000000e+03 0.000000000000e+00
     2.000000000000e+00 0.000000000000e+00-3.900000000000e-09-3.900000000000e-09
     4.248000000000e+05 1.000000000000e+00                                      
C28 2025 04 10 23 00 00 3.640477079898e-04 4.331646152878e-12 0.000000000000e+00
     1.000000000000e+00-9.009375000000e+01 4.142672558940e-09-5.796466748049e-01
    -4.515517503023e-06 6.462610326707e-05 6.513204425573e-06 5.282628349304e+03
     4.284000000000e+05-1.210719347000e-08 2.143711834637e+00 4.749745130539e-08
     9.543617607695e-01 2.228906250000e+02-4.767743018034e-01-7.076723345361e-09
    -3.660866775510e-10 0.000000000000e+00 1.005000000000e+03 0.000000000000e+00
     2.000000000000e+00 0.000000000000e+00-3.900000000000e-09-3.900000000000e-09
     4.284000000000e+05 1.000000000000e+00                                      
C29 2025 04 10 00 00 00 4.265735624358e-04 5.162092975297e-12 0.000000000000e+00
     1.000000000000e+00-7.410937500000e+01 4.098384999900e-09 3.040895063382e+00
    -3.870576620102e-06 2.713404828683e-04 7.953494787216e-06 5.282617630005e+03
     3.456000000000e+05 6.193295121193e-08 2.104038853915e+00-1.629814505577e-08
     9.523086912966e-01 1.952656250000e+02 1.324177793023e+00-7.034221574992e-09
    -4.185888644778e-10 0.000000000000e+00 1.005000000000e+03 0.000000000000e+00
     2.000000000000e+00 0.000000000000e+00 3.000000000000e-10 3.000000000000e-10
     3.456000000000e+05 1.000000000000e+00                                      
C29 2025 04 10 01 00 00 4.265925381333e-04 5.201172825764e-12 0.000000000000e+00
     1.000000000000e+00-7.187500000000e+01 4.084098690532e-09-2.756354088366e+00
    -3.717374056578e-06 2.724740188569e-04 7.362570613623e-06 5.282615243912e+03
     3.492000000000e+05 3.771856427193e-08 2.104013263089e+00 4.563480615616e-08
     9.523072093606e-01 2.037812500000e+02 1.325811835945e+00-7.027078420308e-09
    -3.714440435639e-10 0.000000000000e+00 1.005000000000e+03 0.000000000000e+00
     2.000000000000e+00 0.000000000000e+00 3.000000000000e-10 3.000000000000e-10
     3.492000000000e+05 1.000000000000e+00                                      
C29 2025 04 10 02 00 00 4.266109317541e-04 5.174527473173e-12 0.000000000000e+00
     1.000000000000e+00-6.917187500000e+01 4.036239554150e-09-2.269908193759e+00
    -3.408174961805e-06 2.728012623265e-04 7.215887308121e-06 5.282614366531e+03
     3.528000000000e+05-1.257285475731e-08 2.103987768816e+00 3.539025783539e-08
     9.523059629544e-01 2.054687500000e+02 1.326936759968e+00-7.001720221180e-09
    -3.407284784231e-10 0.000000000000e+00 1.005000000000e+03 0.000000000000e+00
     2.000000000000e+00 0.000000000000e+00 3.000000000000e-10 3.000000000000e-10
     3.528000000000e+05 1.000000000000e+00                                      
C29 2025 04 10 03 00 00 4.266299074516e-04 5.196731933665e-12 0.000000000000e+00
     1.000000000000e+00-7.356250000000e+01 3.968022426918e-09-1.779643222769e+00
    -3.488734364510e-06 2.726524835452e-04 7.138121873140e-06 5.282615814209e+03
     3.564000000000e+05-1.303851604462e-08 2.103962511535e+00 1.583248376846e-08
     9.523048057862e-01 2.090156250000e+02 1.324242531537e+00-6.986719596344e-09
    -3.335853237391e-10 0.000000000000e+00 1.005000000000e+03 0.000000000000e+00
     2.000000000000e+00 0.000000000000e+00 3.000000000000e-10 3.000000000000e-10
     3.564000000000e+05 1.000000000000e+00                                      
C29 2025 04 10 04 00 00 4.266489995643e-04 5.240252676231e-12 0.000000000000e+00
     1.000000000000e+00-7.389062500000e+01 3.913377293586e-09-1.289656759198e+00
    -3.505032509565e-06 2.727947430685e-04 7.036142051220e-06 5.282617113113e+03
     3.600000000000e+05-1.071020960808e-08 2.103937359585e+00 1.536682248116e-08
     9.523036193596e-01 2.140781250000e+02 1.321826061510e+00-6.984219492204e-09
    -3.332281660049e-10 0.000000000000e+00 1.005000000000e+03 0.000000000000e+00
     2.000000000000e+00 0.000000000000e+00 3.000000000000e-10 3.000000000000e-10
     3.600000000000e+05 1.000000000000e+00                                      
C29 2025 04 10 05 00 00 4.266680916771e-04 5.258016244625e-12 0.000000000000e+00
     1.000000000000e+00-7.779687500000e+01 3.898733826484e-09-8.035445942406e-01
    -3.775116056204e-06 2.723628422245e-04 7.179100066423e-06 5.282615972519e+03
     3.636000000000e+05-1.210719347000e-08 2.103912266151e+00 3.259629011154e-08
     9.523024768206e-01 2.123437500000e+02 1.323283319559e+00-6.971361813773e-09
    -3.396570052205e-10 0.000000000000e+00 1.005000000000e+03 0.000000000000e+00
     2.000000000000e+00 0.000000000000e+00 3.000000000000e-10 3.000000000000e-10
     3.636000000000e+05 1.000000000000e+00                                      
C29 2025 04 10 06 00 00 4.266861360520e-04 5.184297435790e-12 0.000000000000e+00
     1.000000000000e+00-8.704687500000e+01 3.919448975068e-09-3.176428159211e-01
    -4.224944859743e-06 2.710702829063e-04 6.993301212788e-06 5.282613306046e+03
     3.672000000000e+05-7.729977369308e-08 2.103887433116e+00 3.864988684654e-08
     9.523013576883e-01 2.162812500000e+02 1.324951188072e+00-6.941003406367e-09
    -3.796586714504e-10 0.000000000000e+00 1.005000000000e+03 0.000000000000e+00
     2.000000000000e+00 0.000000000000e+00 3.000000000000e-10 3.000000000000e-10
     3.672000000000e+05 1.000000000000e+00                                      
C29 2025 04 10 07 00 00 4.267032491043e-04 4.976463685580e-12 0.000000000000e+00
     1.000000000000e+00-8.843750000000e+01 3.949807382474e-09 1.700413700827e-01
    -4.275701940060e-06 2.705614315346e-04 6.904359906912e-06 5.282612318039e+03
     3.708000000000e+05-1.071020960808e-07 2.103862948257e+00-7.776543498039e-08
     9.523000103407e-01 2.199218750000e+02 1.324837370120e+00-6.932074463012e-09
    -4.671623163285e-10 0.000000000000e+00 1.005000000000e+03 0.000000000000e+00
     2.000000000000e+00 0.000000000000e+00 3.000000000000e-10 3.000000000000e-10
     3.708000000000e+05 1.000000000000e+00                                      
C29 2025 04 10 08 00 00 4.267210606486e-04 4.971134615062e-12 0.000000000000e+00
     1.000000000000e+00-9.281250000000e+01 3.981951578552e-09 6.557378995327e-01
    -4.565808922052e-06 2.712099812925e-04 7.176306098700e-06 5.282613937378e+03
     3.744000000000e+05 2.747401595116e-08 2.103838596522e+00-1.345761120319e-07
     9.522981626752e-01 2.159687500000e+02 1.326711466195e+00-6.981362230331e-09
    -5.653806932324e-10 0.000000000000e+00 1.005000000000e+03 0.000000000000e+00
     2.000000000000e+00 0.000000000000e+00 3.000000000000e-10 3.000000000000e-10
     3.744000000000e+05 1.000000000000e+00                                      
C29 2025 04 10 09 00 00 4.267394542694e-04 5.008438108689e-12 0.000000000000e+00
     1.000000000000e+00-9.793750000000e+01 4.030882188137e-09 1.140991695844e+00
    -4.920642822981e-06 2.715477021411e-04 7.130205631256e-06 5.282615339279e+03
     3.780000000000e+05 8.661299943924e-08 2.103813843948e+00-4.051253199577e-08
     9.522958146917e-01 2.164531250000e+02 1.329028020380e+00-7.056365354512e-09
    -6.182400378934e-10 0.000000000000e+00 1.005000000000e+03 0.000000000000e+00
     2.000000000000e+00 0.000000000000e+00 3.000000000000e-10 3.000000000000e-10
     3.780000000000e+05 1.000000000000e+00                                      
C29 2025 04 10 10 00 00 4.267578478903e-04 5.044853423897e-12 0.000000000000e+00
     1.000000000000e+00-9.737500000000e+01 4.094456264824e-09 1.629568794378e+00
    -4.946254193783e-06 2.715799491853e-04 7.099937647581e-06 5.282614809036e+03
     3.816000000000e+05 5.215406417847e-08 2.103788494504e+00-8.847564458847e-09
     9.522933964881e-01 2.143906250000e+02 1.328021288434e+00-7.096009863008e-09
    -6.260975080457e-10 0.000000000000e+00 1.005000000000e+03 0.000000000000e+00
     2.000000000000e+00 0.000000000000e+00 3.000000000000e-10 3.000000000000e-10
     3.816000000000e+05 1.000000000000e+00                                      
C29 2025 04 10 11 00 00 4.267767071724e-04 5.106137734856e-12 0.000000000000e+00
     1.000000000000e+00-9.687500000000e+01 4.134457931054e-09 2.117088359674e+00
    -4.840549081564e-06 2.715336158872e-04 6.976071745157e-06 5.282614889145e+03
     3.852000000000e+05 4.516914486885e-08 2.103762932936e+00-1.396983861923e-08
     9.522911084842e-01 2.142031250000e+02 1.328072578342e+00-7.103153017692e-09
    -6.246688771090e-10 0.000000000000e+00 1.005000000000e+03 0.000000000000e+00
     2.000000000000e+00 0.000000000000e+00 3.000000000000e-10 3.000000000000e-10
     3.852000000000e+05 1.000000000000e+00                                      
C29 2025 04 10 12 00 00 4.267959157005e-04 5.176303830012e-12 0.000000000000e+00
     1.000000000000e+00-8.976562500000e+01 4.132314984649e-09 2.602746961510e+00
    -4.402827471495e-06 2.706946106628e-04 6.964895874262e-06 5.282616827011e+03
     3.888000000000e+05 5.168840289116e-08 2.103737333333e+00-1.769512891769e-08
     9.522888409612e-01 2.143125000000e+02 1.329984894615e+00-7.107796068236e-09
    -6.207401420328e-10 0.000000000000e+00 1.005000000000e+03 0.000000000000e+00
     2.000000000000e+00 0.000000000000e+00 3.000000000000e-10 3.000000000000e-10
     3.888000000000e+05 1.000000000000e+00                                      
C29 2025 04 10 13 00 00 4.268155898899e-04 5.265121671982e-12 0.000000000000e+00
     1.000000000000e+00-8.829687500000e+01 4.147672767219e-09 3.090052686218e+00
    -4.298985004425e-06 2.705033402890e-04 7.044058293104e-06 5.282617214203e+03
     3.924000000000e+05 8.195638656616e-08 2.103711578660e+00 1.071020960808e-08
     9.522865749011e-01 2.137343750000e+02 1.330249559902e+00-7.117796484794e-09
    -5.921675232971e-10 0.000000000000e+00 1.005000000000e+03 0.000000000000e+00
     2.000000000000e+00 0.000000000000e+00 3.000000000000e-10 3.000000000000e-10
     3.924000000000e+05 1.000000000000e+00                                      
C29 2025 04 10 14 00 00 4.268318880349e-04 5.082156917524e-12 0.000000000000e+00
     1.000000000000e+00-8.518750000000e+01 4.185531487044e-09-2.707261271339e+00
    -4.171393811703e-06 2.714914735407e-04 6.742775440216e-06 5.282615093231e+03
     3.960000000000e+05 3.958120942116e-08 2.103685630882e+00 7.869675755501e-08
     9.522844814653e-01 2.212031250000e+02 1.331948720233e+00-7.104581648629e-09
    -5.360937590283e-10 0.000000000000e+00 1.005000000000e+03 0.000000000000e+00
     2.000000000000e+00 0.000000000000e+00 3.000000000000e-10 3.000000000000e-10
     3.960000000000e+05 1.000000000000e+00                                      
C29 2025 04 10 15 00 00 4.268476041034e-04 4.872546810475e-12 0.000000000000e+00
     1.000000000000e+00-8.084375000000e+01 4.189103064386e-09-2.221404745464e+00
    -4.000961780548e-06 2.719113836065e-04 6.675254553556e-06 5.282613882065e+03
     3.996000000000e+05-2.933666110039e-08 2.103659767953e+00 5.168840289116e-08
     9.522826996311e-01 2.228906250000e+02 1.333663476734e+00-7.064937140133e-09
    -4.932348309248e-10 0.000000000000e+00 1.005000000000e+03 0.000000000000e+00
     2.000000000000e+00 0.000000000000e+00 3.000000000000e-10 3.000000000000e-10
     3.996000000000e+05 1.000000000000e+00                                      
C29 2025 04 10 16 00 00 4.268662305549e-04 4.995115432394e-12 0.000000000000e+00
     1.000000000000e+00-8.403125000000e+01 4.162673392055e-09-1.731513974290e+00
    -4.170928150415e-06 2.718229079619e-04 6.498768925667e-06 5.282615121841e+03
     4.032000000000e+05-2.700835466385e-08 2.103634267828e+00 2.328306436539e-08
     9.522810304416e-01 2.262812500000e+02 1.331344157634e+00-7.042436202878e-09
    -4.835915721015e-10 0.000000000000e+00 1.005000000000e+03 0.000000000000e+00
     2.000000000000e+00 0.000000000000e+00 3.000000000000e-10 3.000000000000e-10
     4.032000000000e+05 1.000000000000e+00                                      
C29 2025 04 10 17 00 00 4.268849734217e-04 5.060840635451e-12 0.000000000000e+00
     1.000000000000e+00-8.375000000000e+01 4.161244761119e-09-1.241465829704e+00
    -4.152767360210e-06 2.720068441704e-04 6.231013685465e-06 5.282616491318e+03
     4.068000000000e+05-4.982575774193e-08 2.103608902292e+00 1.350417733192e-08
     9.522791871648e-01 2.313437500000e+02 1.328866916527e+00-7.063865666930e-09
    -4.810914679621e-10 0.000000000000e+00 1.005000000000e+03 0.000000000000e+00
     2.000000000000e+00 0.000000000000e+00 3.000000000000e-10 3.000000000000e-10
     4.068000000000e+05 1.000000000000e+00                                      
C29 2025 04 10 18 00 00 4.269041819498e-04 5.140776693224e-12 0.000000000000e+00
     1.000000000000e+00-8.721875000000e+01 4.203746531488e-09-7.550320056337e-01
    -4.298053681850e-06 2.716291928664e-04 6.271991878748e-06 5.282615541458e+03
     4.104000000000e+05-4.330649971962e-08 2.103583299762e+00-4.051253199577e-08
     9.522772839084e-01 2.303281250000e+02 1.330003717982e+00-7.104224490894e-09
    -4.600191616446e-10 0.000000000000e+00 1.005000000000e+03 0.000000000000e+00
     2.000000000000e+00 0.000000000000e+00 3.000000000000e-10 3.000000000000e-10
     4.104000000000e+05 1.000000000000e+00                                      
C29 2025 04 10 19 00 00 4.269231576473e-04 5.183409257370e-12 0.000000000000e+00
     1.000000000000e+00-9.506250000000e+01 4.254105772010e-09-2.687341554105e-01
    -4.668254405260e-06 2.704490907490e-04 6.059184670448e-06 5.282613147736e+03
     4.140000000000e+05 7.450580596924e-09 2.103557514368e+00-4.237517714500e-08
     9.522755620538e-01 2.348281250000e+02 1.331277005305e+00-7.127439743617e-09
    -4.285892810353e-10 0.000000000000e+00 1.005000000000e+03 0.000000000000e+00
     2.000000000000e+00 0.000000000000e+00 3.000000000000e-10 3.000000000000e-10
     4.140000000000e+05 1.000000000000e+00                                      
C29 2025 04 10 20 00 00 4.269409691915e-04 5.112354983794e-12 0.000000000000e+00
     1.000000000000e+00-9.592187500000e+01 4.265891977238e-09 2.190287677702e-01
    -4.707835614681e-06 2.699911128730e-04 5.888286978006e-06 5.282612251282e+03
     4.176000000000e+05 1.350417733192e-08 2.103531736289e+00-1.257285475731e-08
     9.522740216011e-01 2.381562500000e+02 1.331086050608e+00-7.129225532288e-09
    -4.071598169835e-10 0.000000000000e+00 1.005000000000e+03 0.000000000000e+00
     2.000000000000e+00 0.000000000000e+00 3.000000000000e-10 3.000000000000e-10
     4.176000000000e+05 1.000000000000e+00                                      
C29 2025 04 10 21 00 00 4.269593628123e-04 5.117684054312e-12 0.000000000000e+00
     1.000000000000e+00-1.006406250000e+02 4.239462304908e-09 7.046738288363e-01
    -4.922505468130e-06 2.705925144255e-04 6.042420864105e-06 5.282613805771e+03
     4.212000000000e+05 1.071020960808e-08 2.103506063539e+00-9.313225746155e-09
     9.522725601459e-01 2.347812500000e+02 1.333013123336e+00-7.128511216820e-09
    -4.053740283126e-10 0.000000000000e+00 1.005000000000e+03 0.000000000000e+00
     2.000000000000e+00 0.000000000000e+00 3.000000000000e-10 3.000000000000e-10
     4.212000000000e+05 1.000000000000e+00                                      
C29 2025 04 10 22 00 00 4.269777564332e-04 5.113243162214e-12 0.000000000000e+00
     1.000000000000e+00-1.058906250000e+02 4.220175787261e-09 1.189802275012e+00
    -5.169305950403e-06 2.709029940888e-04 5.986541509628e-06 5.282615230560e+03
     4.248000000000e+05 1.350417733192e-08 2.103480427363e+00-1.862645149231e-09
     9.522710767470e-01 2.359531250000e+02 1.335456197991e+00-7.134225740567e-09
    -4.089456056545e-10 0.000000000000e+00 1.005000000000e+03 0.000000000000e+00
     2.000000000000e+00 0.000000000000e+00 3.000000000000e-10 3.000000000000e-10
     4.248000000000e+05 1.000000000000e+00                                      
C29 2025 04 10 23 00 00 4.269959172234e-04 5.101696842758e-12 0.000000000000e+00
     1.000000000000e+00-1.058437500000e+02 4.221247260464e-09 1.677997151088e+00
    -5.162321031094e-06 2.709419932216e-04 6.062444299459e-06 5.282614889145e+03
     4.284000000000e+05 1.303851604462e-08 2.103454744373e+00-9.313225746155e-10
     9.522696035885e-01 2.346718750000e+02 1.334832425814e+00-7.134582898301e-09
    -4.089456056545e-10 0.000000000000e+00 1.005000000000e+03 0.000000000000e+00
     2.000000000000e+00 0.000000000000e+00 3.000000000000e-10 3.000000000000e-10
     4.284000000000e+05 1.000000000000e+00                                      
C30 2025 04 10 00 00 00 1.505812397227e-04 9.467093775584e-12 0.000000000000e+00
     1.000000000000e+00-6.754687500000e+01 4.089098898811e-09-1.856106166203e+00
    -3.421679139137e-06 6.140801124275e-04 7.393304258585e-06 5.282647397995e+03
     3.456000000000e+05 6.519258022308e-09 2.104517087687e+00 4.190951585770e-08
     9.522640942390e-01 2.023281250000e+02 7.413489510167e-01-7.008149060396e-09
    -3.543004723225e-10 0.000000000000e+00 1.005000000000e+03 0.000000000000e+00
     2.000000000000e+00 0.000000000000e+00-9.500000000000e-09-9.500000000000e-09
     3.456000000000e+05 1.000000000000e+00                                      
C30 2025 04 10 01 00 00 1.506154658273e-04 9.469758310843e-12 0.000000000000e+00
     1.000000000000e+00-7.256250000000e+01 4.016238721035e-09-1.367411497332e+00
    -3.500841557980e-06 6.142490310594e-04 7.342547178268e-06 5.282648782730e+03
     3.492000000000e+05-7.916241884232e-09 2.104491763112e+00 1.629814505577e-08
     9.522629048866e-01 2.043593750000e+02 7.402161155324e-01-6.988148227281e-09
    -3.407284784231e-10 0.000000000000e+00 1.005000000000e+03 0.000000000000e+00
     2.000000000000e+00 0.000000000000e+00-9.500000000000e-09-9.500000000000e-09
     3.492000000000e+05 1.000000000000e+00                                      
C30 2025 04 10 02 00 00 1.506501575932e-04 9.519496302346e-12 0.000000000000e+00
     1.000000000000e+00-7.542187500000e+01 3.956593379424e-09-8.784136606320e-01
    -3.595836460590e-06 6.149265682325e-04 7.085502147675e-06 5.282650938034e+03
     3.528000000000e+05-1.117587089539e-08 2.104466609699e+00 1.490116119385e-08
     9.522616687208e-01 2.121093750000e+02 7.387793280958e-01-6.989934015952e-09
    -3.403713206889e-10 0.000000000000e+00 1.005000000000e+03 0.000000000000e+00
     2.000000000000e+00 0.000000000000e+00-9.500000000000e-09-9.500000000000e-09
     3.528000000000e+05 1.000000000000e+00                                      
C30 2025 04 10 03 00 00 1.506834523752e-04 9.457323812967e-12 0.000000000000e+00
     1.000000000000e+00-7.579687500000e+01 3.937306861778e-09-3.907573768646e-01
    -3.663357347250e-06 6.149366963655e-04 7.125083357096e-06 5.282650999069e+03
     3.564000000000e+05-1.490116119385e-08 2.104441434341e+00 1.164153218269e-08
     9.522604252404e-01 2.127812500000e+02 7.386832728947e-01-6.994219908762e-09
    -3.389426897521e-10 0.000000000000e+00 1.005000000000e+03 0.000000000000e+00
     2.000000000000e+00 0.000000000000e+00-9.500000000000e-09-9.500000000000e-09
     3.564000000000e+05 1.000000000000e+00                                      
C30 2025 04 10 04 00 00 1.507183769718e-04 9.540812584419e-12 0.000000000000e+00
     1.000000000000e+00-8.368750000000e+01 3.950878855677e-09 9.697001203594e-02
    -4.081521183252e-06 6.138565950096e-04 7.091090083122e-06 5.282648887634e+03
     3.600000000000e+05-3.678724169731e-08 2.104416349685e+00 2.421438694000e-08
     9.522592592947e-01 2.135312500000e+02 7.385160364887e-01-6.979933599394e-09
    -3.528718413857e-10 0.000000000000e+00 1.005000000000e+03 0.000000000000e+00
     2.000000000000e+00 0.000000000000e+00-9.500000000000e-09-9.500000000000e-09
     3.600000000000e+05 1.000000000000e+00                                      
C30 2025 04 10 05 00 00 1.507521374151e-04 9.478640095040e-12 0.000000000000e+00
     1.000000000000e+00-8.710937500000e+01 3.973379792931e-09 5.851850090874e-01
    -4.229601472616e-06 6.131647387519e-04 6.889458745718e-06 5.282647329330e+03
     3.636000000000e+05-8.614733815193e-08 2.104391526891e+00-2.933666110039e-08
     9.522580333694e-01 2.183906250000e+02 7.378617683215e-01-6.964218659089e-09
    -4.046597128442e-10 0.000000000000e+00 1.005000000000e+03 0.000000000000e+00
     2.000000000000e+00 0.000000000000e+00-9.500000000000e-09-9.500000000000e-09
     3.636000000000e+05 1.000000000000e+00                                      
C30 2025 04 10 06 00 00 1.507857814431e-04 9.426237568277e-12 0.000000000000e+00
     1.000000000000e+00-8.889062500000e+01 3.991951995110e-09 1.072080388200e+00
    -4.346948117018e-06 6.133611313999e-04 7.090624421835e-06 5.282648218155e+03
     3.672000000000e+05-1.722946763039e-08 2.104366913294e+00-1.150183379650e-07
     9.522565060829e-01 2.156875000000e+02 7.385275116181e-01-6.986005280875e-09
    -4.828772566331e-10 0.000000000000e+00 1.005000000000e+03 0.000000000000e+00
     2.000000000000e+00 0.000000000000e+00-9.500000000000e-09-9.500000000000e-09
     3.672000000000e+05 1.000000000000e+00                                      
C30 2025 04 10 07 00 00 1.508200075477e-04 9.438672066153e-12 0.000000000000e+00
     1.000000000000e+00-9.421875000000e+01 4.019095982909e-09 1.558415792993e+00
    -4.663132131100e-06 6.134056020528e-04 7.156748324633e-06 5.282649696350e+03
     3.708000000000e+05 7.404014468193e-08 2.104342166572e+00-6.286427378654e-08
     9.522545384581e-01 2.145312500000e+02 7.397530039448e-01-7.046007780220e-09
    -5.414511250413e-10 0.000000000000e+00 1.005000000000e+03 0.000000000000e+00
     2.000000000000e+00 0.000000000000e+00-9.500000000000e-09-9.500000000000e-09
     3.708000000000e+05 1.000000000000e+00                                      
C30 2025 04 10 08 00 00 1.508542336524e-04 9.470646489262e-12 0.000000000000e+00
     1.000000000000e+00-9.348437500000e+01 4.059097649138e-09 2.046268751467e+00
    -4.655215889215e-06 6.135312141851e-04 7.196795195341e-06 5.282649274826e+03
     3.744000000000e+05 5.774199962616e-08 2.104316912217e+00-1.303851604462e-08
     9.522523923573e-01 2.130156250000e+02 7.394608050764e-01-7.087795235121e-09
    -5.564517498775e-10 0.000000000000e+00 1.005000000000e+03 0.000000000000e+00
     2.000000000000e+00 0.000000000000e+00-9.500000000000e-09-9.500000000000e-09
     3.744000000000e+05 1.000000000000e+00                                      
C30 2025 04 10 09 00 00 1.508886925876e-04 9.501732733952e-12 0.000000000000e+00
     1.000000000000e+00-9.385937500000e+01 4.083027217330e-09 2.534251494181e+00
    -4.658941179514e-06 6.138536846265e-04 7.283408194780e-06 5.282648483276e+03
     3.780000000000e+05 6.193295121193e-08 2.104291401852e+00-6.984919309616e-09
     9.522504174178e-01 2.099062500000e+02 7.390392242701e-01-7.082437869108e-09
    -5.578803808143e-10 0.000000000000e+00 1.005000000000e+03 0.000000000000e+00
     2.000000000000e+00 0.000000000000e+00-9.500000000000e-09-9.500000000000e-09
     3.780000000000e+05 1.000000000000e+00                                      
C30 2025 04 10 10 00 00 1.509229186922e-04 9.501732733952e-12 0.000000000000e+00
     2.000000000000e+00-8.989062500000e+01 4.068740907962e-09 3.021727887301e+00
    -4.415400326252e-06 6.132905837148e-04 7.206574082375e-06 5.282649583817e+03
     3.816000000000e+05 5.634501576424e-08 2.104265998279e+00 2.002343535423e-08
     9.522484922177e-01 2.110156250000e+02 7.391242315139e-01-7.062079878259e-09
    -5.689522705744e-10 0.000000000000e+00 1.005000000000e+03 0.000000000000e+00
     2.000000000000e+00 0.000000000000e+00-9.500000000000e-09-9.500000000000e-09
     3.816000000000e+05 2.000000000000e+00                                      
C30 2025 04 10 11 00 00 1.509587746114e-04 9.618972285352e-12 0.000000000000e+00
     1.000000000000e+00-8.660937500000e+01 4.055168914062e-09-2.773682484677e+00
    -4.244036972523e-06 6.128107197583e-04 7.292255759239e-06 5.282650554657e+03
     3.852000000000e+05 3.911554813385e-08 2.104240650298e+00 2.095475792885e-08
     9.522464631503e-01 2.094687500000e+02 7.389102636527e-01-7.054222408107e-09
    -5.796670026002e-10 0.000000000000e+00 1.005000000000e+03 0.000000000000e+00
     2.000000000000e+00 0.000000000000e+00-9.500000000000e-09-9.500000000000e-09
     3.852000000000e+05 1.000000000000e+00                                      
C30 2025 04 10 12 00 00 1.509902067482e-04 9.405809464624e-12 0.000000000000e+00
     1.000000000000e+00-8.598437500000e+01 4.082312901861e-09-2.287149347488e+00
    -4.216562956572e-06 6.133276037872e-04 7.023103535175e-06 5.282648967743e+03
     3.888000000000e+05 3.492459654808e-08 2.104215194060e+00 3.678724169731e-08
     9.522443741033e-01 2.155000000000e+02 7.399378860687e-01-7.053150934904e-09
    -5.689522705744e-10 0.000000000000e+00 1.005000000000e+03 0.000000000000e+00
     2.000000000000e+00 0.000000000000e+00-9.500000000000e-09-9.500000000000e-09
     3.888000000000e+05 1.000000000000e+00                                      
C30 2025 04 10 13 00 00 1.510223373771e-04 9.259260025374e-12 0.000000000000e+00
     1.000000000000e+00-8.060937500000e+01 4.109814047394e-09-1.801017294159e+00
    -3.994442522526e-06 6.135803414509e-04 6.852205842733e-06 5.282647199631e+03
     3.924000000000e+05 0.000000000000e+00 2.104189663214e+00 4.051253199577e-08
     9.522423742942e-01 2.195937500000e+02 7.413672696768e-01-7.038150310068e-09
    -5.464513333200e-10 0.000000000000e+00 1.005000000000e+03 0.000000000000e+00
     2.000000000000e+00 0.000000000000e+00-9.500000000000e-09-9.500000000000e-09
     3.924000000000e+05 1.000000000000e+00                                      
C30 2025 04 10 14 00 00 1.510564470664e-04 9.326761585271e-12 0.000000000000e+00
     1.000000000000e+00-8.303125000000e+01 4.106242470052e-09-1.312837142354e+00
    -4.168599843979e-06 6.137156160548e-04 6.750691682100e-06 5.282647985458e+03
     3.960000000000e+05-7.916241884232e-09 2.104164280122e+00 2.700835466385e-08
     9.522404520199e-01 2.212500000000e+02 7.407490741437e-01-7.027792735776e-09
    -5.396653363703e-10 0.000000000000e+00 1.005000000000e+03 0.000000000000e+00
     2.000000000000e+00 0.000000000000e+00-9.500000000000e-09-9.500000000000e-09
     3.960000000000e+05 1.000000000000e+00                                      
C30 2025 04 10 15 00 00 1.510904403403e-04 9.359624186800e-12 0.000000000000e+00
     1.000000000000e+00-8.470312500000e+01 4.111242678331e-09-8.240381132950e-01
    -4.264991730452e-06 6.143739446998e-04 6.323214620352e-06 5.282649946213e+03
     3.996000000000e+05-3.352761268616e-08 2.104138993583e+00 2.933666110039e-08
     9.522384024717e-01 2.283437500000e+02 7.395116502571e-01-7.049936515297e-09
    -5.400224941045e-10 0.000000000000e+00 1.005000000000e+03 0.000000000000e+00
     2.000000000000e+00 0.000000000000e+00-9.500000000000e-09-9.500000000000e-09
     3.996000000000e+05 1.000000000000e+00                                      
C30 2025 04 10 16 00 00 1.511247828603e-04 9.420020319340e-12 0.000000000000e+00
     1.000000000000e+00-8.489062500000e+01 4.161601918853e-09-3.363582941016e-01
    -4.196539521217e-06 6.144292419776e-04 6.208661943674e-06 5.282650108337e+03
     4.032000000000e+05-5.448237061501e-08 2.104113474440e+00-2.328306436539e-08
     9.522362475933e-01 2.291562500000e+02 7.393929724909e-01-7.096367020742e-09
    -5.239503960657e-10 0.000000000000e+00 1.005000000000e+03 0.000000000000e+00
     2.000000000000e+00 0.000000000000e+00-9.500000000000e-09-9.500000000000e-09
     4.032000000000e+05 1.000000000000e+00                                      
C30 2025 04 10 17 00 00 1.511587761343e-04 9.429790281956e-12 0.000000000000e+00
     1.000000000000e+00-9.251562500000e+01 4.236962200768e-09 1.514659238837e-01
    -4.459172487259e-06 6.133915157989e-04 6.148591637611e-06 5.282648075104e+03
     4.068000000000e+05-3.259629011154e-09 2.104087686121e+00-5.401670932770e-08
     9.522342433956e-01 2.308125000000e+02 7.391301563321e-01-7.131011320959e-09
    -4.910918845196e-10 0.000000000000e+00 1.005000000000e+03 0.000000000000e+00
     2.000000000000e+00 0.000000000000e+00-9.500000000000e-09-9.500000000000e-09
     4.068000000000e+05 1.000000000000e+00                                      
C30 2025 04 10 18 00 00 1.511928858235e-04 9.451994742449e-12 0.000000000000e+00
     1.000000000000e+00-9.543750000000e+01 4.288392914492e-09 6.397730438124e-01
    -4.558824002743e-06 6.127021042630e-04 5.972106009722e-06 5.282646469116e+03
     4.104000000000e+05 2.421438694000e-08 2.104061831969e+00-1.955777406693e-08
     9.522324600984e-01 2.362656250000e+02 7.383853057404e-01-7.139940264314e-09
    -4.603763193788e-10 0.000000000000e+00 1.005000000000e+03 0.000000000000e+00
     2.000000000000e+00 0.000000000000e+00-9.500000000000e-09-9.500000000000e-09
     4.104000000000e+05 1.000000000000e+00                                      
C30 2025 04 10 19 00 00 1.512267626822e-04 9.433342995635e-12 0.000000000000e+00
     1.000000000000e+00-9.773437500000e+01 4.288750072227e-09 1.126586157190e+00
    -4.704575985670e-06 6.128910463303e-04 6.167218089104e-06 5.282647441864e+03
     4.140000000000e+05 7.916241884232e-09 2.104036036335e+00-2.328306436539e-09
     9.522308216302e-01 2.335468750000e+02 7.391350132201e-01-7.134940056035e-09
    -4.439470636057e-10 0.000000000000e+00 1.005000000000e+03 0.000000000000e+00
     2.000000000000e+00 0.000000000000e+00-9.500000000000e-09-9.500000000000e-09
     4.140000000000e+05 1.000000000000e+00                                      
C30 2025 04 10 20 00 00 1.512606395409e-04 9.434231174055e-12 0.000000000000e+00
     1.000000000000e+00-1.046406250000e+02 4.270535027783e-09 1.612593732282e+00
    -5.088280886412e-06 6.128854583949e-04 6.196089088917e-06 5.282649309158e+03
     4.176000000000e+05 1.396983861923e-09 2.104010319698e+00-7.450580596924e-09
     9.522292446045e-01 2.329843750000e+02 7.406898698490e-01-7.129225532288e-09
    -4.396611707954e-10 0.000000000000e+00 1.005000000000e+03 0.000000000000e+00
     2.000000000000e+00 0.000000000000e+00-9.500000000000e-09-9.500000000000e-09
     4.176000000000e+05 1.000000000000e+00                                      
C30 2025 04 10 21 00 00 1.512945163995e-04 9.423573033018e-12 0.000000000000e+00
     1.000000000000e+00-1.050625000000e+02 4.275178078327e-09 2.100128266155e+00
    -5.126930773258e-06 6.129202665761e-04 6.188172847033e-06 5.282649301529e+03
     4.212000000000e+05 3.259629011154e-09 2.103984645486e+00-1.117587089539e-08
     9.522276792821e-01 2.326250000000e+02 7.407171679004e-01-7.125653954946e-09
    -4.385896975928e-10 0.000000000000e+00 1.005000000000e+03 0.000000000000e+00
     2.000000000000e+00 0.000000000000e+00-9.500000000000e-09-9.500000000000e-09
     4.212000000000e+05 1.000000000000e+00                                      
C30 2025 04 10 22 00 00 1.513286260888e-04 9.446665671931e-12 0.000000000000e+00
     1.000000000000e+00-1.056093750000e+02 4.278392497935e-09 2.587990900369e+00
    -5.165580660105e-06 6.131809204817e-04 6.319954991341e-06 5.282648687363e+03
     4.248000000000e+05 3.725290298462e-09 2.103958993217e+00-1.164153218269e-08
     9.522261037194e-01 2.303281250000e+02 7.404164577746e-01-7.125296797212e-09
    -4.382325398586e-10 0.000000000000e+00 1.005000000000e+03 0.000000000000e+00
     2.000000000000e+00 0.000000000000e+00-9.500000000000e-09-9.500000000000e-09
     4.248000000000e+05 1.000000000000e+00                                      
C30 2025 04 10 23 00 00 1.513626193628e-04 9.438672066153e-12 0.000000000000e+00
     1.000000000000e+00-1.012500000000e+02 4.243033882249e-09 3.075512465473e+00
    -5.057547241449e-06 6.125915097073e-04 6.306916475296e-06 5.282649826050e+03
     4.284000000000e+05 1.303851604462e-08 2.103933288284e+00-2.561137080193e-08
     9.522244828061e-01 2.310937500000e+02 7.404570186412e-01-7.136011529238e-09
    -4.303750697063e-10 0.000000000000e+00 1.005000000000e+03 0.000000000000e+00
     2.000000000000e+00 0.000000000000e+00-9.500000000000e-09-9.500000000000e-09
     4.284000000000e+05 1.000000000000e+00                                      
C32 2025 04 10 00 00 00-9.565831860527e-04 2.316369318578e-12 0.000000000000e+00
     1.000000000000e+00 2.325000000000e+01 3.886947621256e-09-1.780053006604e+00
     1.127831637859e-06 7.404624484479e-04 3.051944077015e-06 5.282625495911e+03
     3.456000000000e+05-1.583248376846e-08-2.051548765138e+00-7.869675755501e-08
     9.813009641754e-01 3.062812500000e+02-7.183566874223e-01-7.028507051245e-09
     1.046472161195e-10 0.000000000000e+00 1.005000000000e+03 0.000000000000e+00
     2.000000000000e+00 0.000000000000e+00-6.900000000000e-09-6.900000000000e-09
     3.456000000000e+05 1.000000000000e+00                                      
C32 2025 04 10 01 00 00-9.565748041496e-04 2.320810210676e-12 0.000000000000e+00
     1.000000000000e+00 2.560937500000e+01 3.929092233891e-09-1.291959102597e+00
     1.353677362204e-06 7.405469659716e-04 3.211665898561e-06 5.282626283646e+03
     3.492000000000e+05 7.217749953270e-08-2.051574433499e+00-5.774199962616e-08
     9.813012362782e-01 3.048125000000e+02-7.188833291533e-01-7.062794193728e-09
     1.632210845276e-10 0.000000000000e+00 1.005000000000e+03 0.000000000000e+00
     2.000000000000e+00 0.000000000000e+00-6.900000000000e-09-6.900000000000e-09
     3.492000000000e+05 1.000000000000e+00                                      
C32 2025 04 10 02 00 00-9.565666550770e-04 2.307487534381e-12 0.000000000000e+00
     1.000000000000e+00 2.621875000000e+01 3.970522531058e-09-8.046242380235e-01
     1.375097781420e-06 7.403439376503e-04 3.259163349867e-06 5.282625778198e+03
     3.528000000000e+05 6.612390279770e-08-2.051600224744e+00 3.492459654808e-08
     9.813018404634e-01 3.068906250000e+02-7.186509987444e-01-7.061008405057e-09
     2.303667385565e-10 0.000000000000e+00 1.005000000000e+03 0.000000000000e+00
     2.000000000000e+00 0.000000000000e+00-6.900000000000e-09-6.900000000000e-09
     3.528000000000e+05 1.000000000000e+00                                      
C32 2025 04 10 03 00 00-9.565585060045e-04 2.295053036505e-12 0.000000000000e+00
     1.000000000000e+00 3.134375000000e+01 3.993023468312e-09-3.173910257759e-01
     1.569278538227e-06 7.395966676995e-04 3.159977495670e-06 5.282624254227e+03
     3.564000000000e+05 3.259629011154e-09-2.051625885790e+00 4.051253199577e-08
     9.813027635647e-01 3.097031250000e+02-7.183167556104e-01-7.034578732726e-09
     2.700112470522e-10 0.000000000000e+00 1.005000000000e+03 0.000000000000e+00
     2.000000000000e+00 0.000000000000e+00-6.900000000000e-09-6.900000000000e-09
     3.564000000000e+05 1.000000000000e+00                                      
C32 2025 04 10 04 00 00-9.565489599481e-04 2.418509836843e-12 0.000000000000e+00
     1.000000000000e+00 3.587500000000e+01 3.998023676591e-09 1.703003212119e-01
     1.801177859306e-06 7.389258826151e-04 3.262422978878e-06 5.282622930527e+03
     3.600000000000e+05-4.656612873077e-09-2.051651283511e+00 1.722946763039e-08
     9.813038154028e-01 3.077500000000e+02-7.184402156559e-01-7.016720846016e-09
     2.807259790781e-10 0.000000000000e+00 1.005000000000e+03 0.000000000000e+00
     2.000000000000e+00 0.000000000000e+00-6.900000000000e-09-6.900000000000e-09
     3.600000000000e+05 1.000000000000e+00                                      
C32 2025 04 10 05 00 00-9.565405780450e-04 2.390088127413e-12 0.000000000000e+00
     1.000000000000e+00 3.628125000000e+01 4.000166622996e-09 6.580166592294e-01
     1.824926584959e-06 7.387619698420e-04 3.358814865351e-06 5.282622550964e+03
     3.636000000000e+05-1.303851604462e-08-2.051676542255e+00 1.583248376846e-08
     9.813047984837e-01 3.063437500000e+02-7.185883390372e-01-7.022792527498e-09
     2.814402945465e-10 0.000000000000e+00 1.005000000000e+03 0.000000000000e+00
     2.000000000000e+00 0.000000000000e+00-6.900000000000e-09-6.900000000000e-09
     3.636000000000e+05 1.000000000000e+00                                      
C32 2025 04 10 06 00 00-9.565318468958e-04 2.406963517387e-12 0.000000000000e+00
     1.000000000000e+00 3.682812500000e+01 3.993737783781e-09 1.145472273061e+00
     1.810491085052e-06 7.388017838821e-04 3.370922058821e-06 5.282622720718e+03
     3.672000000000e+05-1.816079020500e-08-2.051701879996e+00-5.587935447693e-09
     9.813057303625e-01 3.068593750000e+02-7.184756138846e-01-7.040293256473e-09
     2.882262914962e-10 0.000000000000e+00 1.005000000000e+03 0.000000000000e+00
     2.000000000000e+00 0.000000000000e+00-6.900000000000e-09-6.900000000000e-09
     3.672000000000e+05 1.000000000000e+00                                      
C32 2025 04 10 07 00 00-9.565246291459e-04 2.271072219173e-12 0.000000000000e+00
     1.000000000000e+00 3.778125000000e+01 3.967308111450e-09 1.632880862854e+00
     1.722946763039e-06 7.388031808659e-04 3.344379365444e-06 5.282622945786e+03
     3.708000000000e+05 9.778887033463e-09-2.051727343548e+00-1.722946763039e-08
     9.813067119806e-01 3.067187500000e+02-7.183159071179e-01-7.056365354512e-09
     3.053698627377e-10 0.000000000000e+00 1.005000000000e+03 0.000000000000e+00
     2.000000000000e+00 0.000000000000e+00-6.900000000000e-09-6.900000000000e-09
     3.708000000000e+05 1.000000000000e+00                                      
C32 2025 04 10 08 00 00-9.565172949806e-04 2.156497203032e-12 0.000000000000e+00
     1.000000000000e+00 3.834375000000e+01 3.919091817334e-09 2.120230214705e+00
     1.680105924606e-06 7.387103978544e-04 3.231223672628e-06 5.282623294830e+03
     3.744000000000e+05 2.514570951462e-08-2.051752864154e+00 7.916241884232e-09
     9.813078018545e-01 3.053437500000e+02-7.180971204046e-01-7.061365562791e-09
     3.260850113210e-10 0.000000000000e+00 1.005000000000e+03 0.000000000000e+00
     2.000000000000e+00 0.000000000000e+00-6.900000000000e-09-6.900000000000e-09
     3.744000000000e+05 1.000000000000e+00                                      
C32 2025 04 10 09 00 00-9.565086802468e-04 2.234656903966e-12 0.000000000000e+00
     1.000000000000e+00 3.700000000000e+01 3.865875314938e-09 2.607564388780e+00
     1.708511263132e-06 7.384377531707e-04 3.191642463207e-06 5.282623914719e+03
     3.780000000000e+05 1.862645149231e-09-2.051778397926e+00 2.561137080193e-08
     9.813089985215e-01 3.032656250000e+02-7.178634367964e-01-7.053508092638e-09
     3.460858444360e-10 0.000000000000e+00 1.005000000000e+03 0.000000000000e+00
     2.000000000000e+00 0.000000000000e+00-6.900000000000e-09-6.900000000000e-09
     3.780180000000e+05 1.000000000000e+00                                      
C32 2025 04 10 10 00 00-9.564999490976e-04 2.298605750184e-12 0.000000000000e+00
     1.000000000000e+00 3.523437500000e+01 3.810873023872e-09 3.095094694820e+00
     1.776497811079e-06 7.382145849988e-04 3.200955688953e-06 5.282624345779e+03
     3.816000000000e+05-2.235174179077e-08-2.051803912680e+00 1.862645149231e-09
     9.813103283141e-01 3.030625000000e+02-7.178262523447e-01-7.032078628587e-09
     3.632294156774e-10 0.000000000000e+00 1.005000000000e+03 0.000000000000e+00
     2.000000000000e+00 0.000000000000e+00-6.900000000000e-09-6.900000000000e-09
     3.816180000000e+05 1.000000000000e+00                                      
C32 2025 04 10 11 00 00-9.564913343638e-04 2.330580173293e-12 0.000000000000e+00
     1.000000000000e+00 3.567187500000e+01 3.760156625616e-09-2.700637833663e+00
     1.887325197458e-06 7.383654592559e-04 3.381166607141e-06 5.282623994827e+03
     3.852000000000e+05 1.862645149231e-09-2.051829294309e+00-2.700835466385e-08
     9.813117912321e-01 3.020156250000e+02-7.177118843351e-01-7.000291590243e-09
     3.710868858297e-10 0.000000000000e+00 1.005000000000e+03 0.000000000000e+00
     2.000000000000e+00 0.000000000000e+00-6.900000000000e-09-6.900000000000e-09
     3.852180000000e+05 1.000000000000e+00                                      
C32 2025 04 10 12 00 00-9.564843494445e-04 2.236433260805e-12 0.000000000000e+00
     1.000000000000e+00 3.481250000000e+01 3.722655063526e-09-2.213439870427e+00
     1.810025423765e-06 7.385802455246e-04 3.592111170292e-06 5.282623311996e+03
     3.888000000000e+05 3.958120942116e-08-2.051854434556e+00-9.313225746155e-10
     9.813133214445e-01 2.997187500000e+02-7.173428310654e-01-6.961004239482e-09
     3.650152043484e-10 0.000000000000e+00 1.005000000000e+03 0.000000000000e+00
     2.000000000000e+00 0.000000000000e+00-6.900000000000e-09-6.900000000000e-09
     3.888000000000e+05 1.000000000000e+00                                      
C32 2025 04 10 13 00 00-9.564779466018e-04 2.119193709404e-12 0.000000000000e+00
     1.000000000000e+00 3.510937500000e+01 3.692653813853e-09-1.725827282559e+00
     1.795124262571e-06 7.385904900730e-04 3.610737621784e-06 5.282623378754e+03
     3.924000000000e+05 1.257285475731e-08-2.051879282220e+00 5.168840289116e-08
     9.813147960659e-01 2.995156250000e+02-7.173884185186e-01-6.920645415518e-09
     3.378712165495e-10 0.000000000000e+00 1.005000000000e+03 0.000000000000e+00
     2.000000000000e+00 0.000000000000e+00-6.900000000000e-09-6.900000000000e-09
     3.924000000000e+05 1.000000000000e+00                                      
C32 2025 04 10 14 00 00-9.564689826220e-04 2.219557870831e-12 0.000000000000e+00
     1.000000000000e+00 3.746875000000e+01 3.668009930194e-09-1.237675170504e+00
     1.910608261824e-06 7.387319346890e-04 3.722496330738e-06 5.282624263763e+03
     3.960000000000e+05-4.982575774193e-08-2.051903922149e+00 2.980232238770e-08
     9.813160761192e-01 2.972343750000e+02-7.179737159500e-01-6.897787320529e-09
     2.932264997750e-10 0.000000000000e+00 1.005000000000e+03 0.000000000000e+00
     2.000000000000e+00 0.000000000000e+00-6.900000000000e-09-6.900000000000e-09
     3.960000000000e+05 1.000000000000e+00                                      
C32 2025 04 10 15 00 00-9.564612992108e-04 2.200906124017e-12 0.000000000000e+00
     1.000000000000e+00 3.757812500000e+01 3.668009930194e-09-7.498481890669e-01
     1.909676939249e-06 7.388930534944e-04 3.827735781670e-06 5.282624753952e+03
     3.996000000000e+05-3.399327397346e-08-2.051928478692e+00-3.539025783539e-08
     9.813171118652e-01 2.954218750000e+02-7.182342528824e-01-6.902430371074e-09
     2.446530479243e-10 0.000000000000e+00 1.005000000000e+03 0.000000000000e+00
     2.000000000000e+00 0.000000000000e+00-6.900000000000e-09-6.900000000000e-09
     3.996000000000e+05 1.000000000000e+00                                      
C32 2025 04 10 16 00 00-9.564533829689e-04 2.197353410338e-12 0.000000000000e+00
     1.000000000000e+00 4.071875000000e+01 3.713011804702e-09-2.624174784899e-01
     1.992564648390e-06 7.384653436020e-04 3.804452717304e-06 5.282623908997e+03
     4.032000000000e+05 2.607703208923e-08-2.051953089363e+00-2.840533852577e-08
     9.813178886747e-01 2.964843750000e+02-7.180986096552e-01-6.930288674341e-09
     2.071514858337e-10 0.000000000000e+00 1.005000000000e+03 0.000000000000e+00
     2.000000000000e+00 0.000000000000e+00-6.900000000000e-09-6.900000000000e-09
     4.032000000000e+05 1.000000000000e+00                                      
C32 2025 04 10 17 00 00-9.564450010657e-04 2.230216011867e-12 0.000000000000e+00
     1.000000000000e+00 4.501562500000e+01 3.778371670060e-09 2.253260229904e-01
     2.092681825161e-06 7.378120208159e-04 3.859400749207e-06 5.282622613907e+03
     4.068000000000e+05 2.607703208923e-08-2.051977923860e+00 1.396983861923e-08
     9.813184899340e-01 2.939687500000e+02-7.182752453099e-01-6.962075712684e-09
     1.917937032633e-10 0.000000000000e+00 1.005000000000e+03 0.000000000000e+00
     2.000000000000e+00 0.000000000000e+00-6.900000000000e-09-6.900000000000e-09
     4.068000000000e+05 1.000000000000e+00                                      
C32 2025 04 10 18 00 00-9.564363863319e-04 2.281730360210e-12 0.000000000000e+00
     1.000000000000e+00 4.535937500000e+01 3.831231014721e-09 7.130448523573e-01
     2.101529389620e-06 7.376524154097e-04 3.791414201260e-06 5.282622241974e+03
     4.104000000000e+05-3.259629011154e-09-2.052002986572e+00 1.769512891769e-08
     9.813190560833e-01 2.924375000000e+02-7.184265461493e-01-6.987433911812e-09
     1.910793877949e-10 0.000000000000e+00 1.005000000000e+03 0.000000000000e+00
     2.000000000000e+00 0.000000000000e+00-6.900000000000e-09-6.900000000000e-09
     4.104000000000e+05 1.000000000000e+00                                      
C32 2025 04 10 19 00 00-9.564284700900e-04 2.266631327075e-12 0.000000000000e+00
     1.000000000000e+00 4.703125000000e+01 3.861946579862e-09 1.200241282456e+00
     2.282205969095e-06 7.377612637356e-04 3.659632056952e-06 5.282622833252e+03
     4.140000000000e+05-7.916241884232e-09-2.052028198503e+00-2.328306436539e-09
     9.813196719718e-01 2.935937500000e+02-7.180551522107e-01-7.003506009851e-09
     1.978653847446e-10 0.000000000000e+00 1.005000000000e+03 0.000000000000e+00
     2.000000000000e+00 0.000000000000e+00-6.900000000000e-09-6.900000000000e-09
     4.140000000000e+05 1.000000000000e+00                                      
C32 2025 04 10 20 00 00-9.564206702635e-04 2.231104190287e-12 0.000000000000e+00
     1.000000000000e+00 4.900000000000e+01 3.882304570711e-09 1.687413663644e+00
     2.467073500156e-06 7.377441506833e-04 3.715045750141e-06 5.282623413086e+03
     4.176000000000e+05 1.071020960808e-08-2.052053489430e+00-7.450580596924e-09
     9.813203507658e-01 2.930781250000e+02-7.176597693414e-01-7.013506426408e-09
     2.089372745047e-10 0.000000000000e+00 1.005000000000e+03 0.000000000000e+00
     2.000000000000e+00 0.000000000000e+00-6.900000000000e-09-6.900000000000e-09
     4.176140000000e+05 1.000000000000e+00                                      
C32 2025 04 10 21 00 00-9.564126376063e-04 2.235545082385e-12 0.000000000000e+00
     1.000000000000e+00 4.926562500000e+01 3.900876772890e-09 2.174889626666e+00
     2.500135451555e-06 7.377116708085e-04 3.810506314039e-06 5.282623561859e+03
     4.212000000000e+05 2.002343535423e-08-2.052078846189e+00 1.862645149231e-08
     9.813210968540e-01 2.926875000000e+02-7.175680356004e-01-7.016006530548e-09
     2.285809498855e-10 0.000000000000e+00 1.005000000000e+03 0.000000000000e+00
     2.000000000000e+00 0.000000000000e+00-6.900000000000e-09-6.900000000000e-09
     4.212000000000e+05 1.000000000000e+00                                      
C32 2025 04 10 22 00 00-9.564033243805e-04 2.335021065392e-12 0.000000000000e+00
     1.000000000000e+00 4.890625000000e+01 3.908019927574e-09 2.662390147693e+00
     2.434942871332e-06 7.376265712082e-04 3.891531378031e-06 5.282623764038e+03
     4.248000000000e+05-1.816079020500e-08-2.052104273169e+00 3.818422555923e-08
     9.813219614386e-01 2.921875000000e+02-7.175007896450e-01-7.002791694383e-09
     2.571535686212e-10 0.000000000000e+00 1.005000000000e+03 0.000000000000e+00
     2.000000000000e+00 0.000000000000e+00-6.900000000000e-09-6.900000000000e-09
     4.248000000000e+05 1.000000000000e+00                                      
C32 2025 04 10 23 00 00-9.563952917233e-04 2.294164858085e-12 0.000000000000e+00
     1.000000000000e+00 4.840625000000e+01 3.901233930624e-09-3.133243171537e+00
     2.359040081501e-06 7.375536952168e-04 3.892462700605e-06 5.282623912811e+03
     4.284000000000e+05-4.563480615616e-08-2.052129640168e+00 1.862645149231e-09
     9.813230074251e-01 2.920781250000e+02-7.174850588869e-01-6.973147602444e-09
     2.792973481413e-10 0.000000000000e+00 1.005000000000e+03 0.000000000000e+00
     2.000000000000e+00 0.000000000000e+00-6.900000000000e-09-6.900000000000e-09
     4.284000000000e+05 1.000000000000e+00                                      
C33 2025 04 10 00 00 00-9.722622344270e-04-6.065370428132e-12 0.000000000000e+00
     1.000000000000e+00 3.051562500000e+01 3.924806341081e-09-7.096346966878e-01
     1.522712409496e-06 6.031920202076e-04 2.990476787090e-06 5.282625432968e+03
     3.456000000000e+05-9.313225746155e-09-2.051661844317e+00 4.144385457039e-08
     9.813332244449e-01 3.123750000000e+02-2.139833242358e-01-7.016720846016e-09
     1.864363372504e-10 0.000000000000e+00 1.005000000000e+03 0.000000000000e+00
     2.000000000000e+00 0.000000000000e+00-4.440000000000e-08-4.440000000000e-08
     3.456000000000e+05 1.000000000000e+00                                      
C33 2025 04 10 01 00 00-9.722842369229e-04-6.076916747588e-12 0.000000000000e+00
     1.000000000000e+00 3.534375000000e+01 3.944807174196e-09-2.224139675202e-01
     1.740176230669e-06 6.024099420756e-04 3.146938979626e-06 5.282623851776e+03
     3.492000000000e+05-1.164153218269e-08-2.051687141096e+00 2.561137080193e-08
     9.813339500523e-01 3.089218750000e+02-2.136367487024e-01-7.004934640788e-09
     1.925080187317e-10 0.000000000000e+00 1.005000000000e+03 0.000000000000e+00
     2.000000000000e+00 0.000000000000e+00-4.440000000000e-08-4.440000000000e-08
     3.492000000000e+05 1.000000000000e+00                                      
C33 2025 04 10 02 00 00-9.723056573421e-04-6.029843291344e-12 0.000000000000e+00
     1.000000000000e+00 3.540625000000e+01 3.965879480513e-09 2.652418217808e-01
     1.743435859680e-06 6.021576700732e-04 3.228429704905e-06 5.282623348236e+03
     3.528000000000e+05-3.539025783539e-08-2.051712360341e+00 1.955777406693e-08
     9.813345396083e-01 3.070312500000e+02-2.137247637057e-01-7.025649789371e-09
     1.942938074027e-10 0.000000000000e+00 1.005000000000e+03 0.000000000000e+00
     2.000000000000e+00 0.000000000000e+00-4.440000000000e-08-4.440000000000e-08
     3.528000000000e+05 1.000000000000e+00                                      
C33 2025 04 10 03 00 00-9.723276598379e-04-6.055600465515e-12 0.000000000000e+00
     1.000000000000e+00 3.501562500000e+01 3.984451682692e-09 7.528775530121e-01
     1.724809408188e-06 6.021223962307e-04 3.235880285501e-06 5.282623252869e+03
     3.564000000000e+05-3.445893526077e-08-2.051737774154e+00-2.095475792885e-08
     9.813351042947e-01 3.068750000000e+02-2.137924675544e-01-7.056008196778e-09
     2.092944322389e-10 0.000000000000e+00 1.005000000000e+03 0.000000000000e+00
     2.000000000000e+00 0.000000000000e+00-4.440000000000e-08-4.440000000000e-08
     3.564180000000e+05 1.000000000000e+00                                      
C33 2025 04 10 04 00 00-9.723494295031e-04-6.058265000775e-12 0.000000000000e+00
     1.000000000000e+00 3.426562500000e+01 3.993023468312e-09 1.240630257710e+00
     1.664273440838e-06 6.020854925737e-04 3.204215317965e-06 5.282623023987e+03
     3.600000000000e+05 1.024454832077e-08-2.051763359128e+00-2.468004822731e-08
     9.813357904032e-01 3.072812500000e+02-2.139770102814e-01-7.076723345361e-09
     2.367955777720e-10 0.000000000000e+00 1.005000000000e+03 0.000000000000e+00
     2.000000000000e+00 0.000000000000e+00-4.440000000000e-08-4.440000000000e-08
     3.600180000000e+05 1.000000000000e+00                                      
C33 2025 04 10 05 00 00-9.723714319989e-04-6.069811320231e-12 0.000000000000e+00
     1.000000000000e+00 3.432812500000e+01 3.976594212539e-09 1.727908845288e+00
     1.660082489252e-06 6.020520813763e-04 3.210734575987e-06 5.282623365402e+03
     3.636000000000e+05 2.095475792885e-08-2.051789040655e+00 2.561137080193e-08
     9.813366388957e-01 3.059687500000e+02-2.136873203175e-01-7.079937764969e-09
     2.735828243942e-10 0.000000000000e+00 1.005000000000e+03 0.000000000000e+00
     2.000000000000e+00 0.000000000000e+00-4.440000000000e-08-4.440000000000e-08
     3.636140000000e+05 1.000000000000e+00                                      
C33 2025 04 10 06 00 00-9.723929688334e-04-6.045830502899e-12 0.000000000000e+00
     1.000000000000e+00 3.151562500000e+01 3.936949704043e-09 2.214761662262e+00
     1.568812876940e-06 6.017455598339e-04 3.298744559288e-06 5.282624397278e+03
     3.672000000000e+05-2.933666110039e-08-2.051814739737e+00 4.330649971962e-08
     9.813376848821e-01 3.032812500000e+02-2.129720382260e-01-7.061365562791e-09
     3.085842823454e-10 0.000000000000e+00 1.005000000000e+03 0.000000000000e+00
     2.000000000000e+00 0.000000000000e+00-4.440000000000e-08-4.440000000000e-08
     3.672140000000e+05 1.000000000000e+00                                      
C33 2025 04 10 07 00 00-9.724153205752e-04-6.088463067044e-12 0.000000000000e+00
     1.000000000000e+00 2.940625000000e+01 3.895876564611e-09 2.702095536439e+00
     1.519918441772e-06 6.015007384121e-04 3.300607204437e-06 5.282624942780e+03
     3.708000000000e+05-5.215406417847e-08-2.051840330563e+00-2.328306436539e-09
     9.813389444546e-01 3.034843750000e+02-2.127382785461e-01-7.026364104840e-09
     3.317995350682e-10 0.000000000000e+00 1.005000000000e+03 0.000000000000e+00
     2.000000000000e+00 0.000000000000e+00-4.440000000000e-08-4.440000000000e-08
     3.708000000000e+05 1.000000000000e+00                                      
C33 2025 04 10 08 00 00-9.724379051477e-04-6.142641950646e-12 0.000000000000e+00
     1.000000000000e+00 2.948437500000e+01 3.856589213849e-09-3.093543056611e+00
     1.551117748022e-06 6.015845574439e-04 3.398861736059e-06 5.282624769211e+03
     3.744000000000e+05-1.210719347000e-08-2.051865675619e+00-2.887099981308e-08
     9.813403459301e-01 3.029375000000e+02-2.127177026033e-01-6.984576649939e-09
     3.389426897521e-10 0.000000000000e+00 1.005000000000e+03 0.000000000000e+00
     2.000000000000e+00 0.000000000000e+00-4.440000000000e-08-4.440000000000e-08
     3.744000000000e+05 1.000000000000e+00                                      
C33 2025 04 10 09 00 00-9.724607225507e-04-6.223466186839e-12 0.000000000000e+00
     1.000000000000e+00 2.960937500000e+01 3.824802175506e-09-2.605968728441e+00
     1.513399183750e-06 6.015892140567e-04 3.465451300144e-06 5.282624765396e+03
     3.780000000000e+05 7.450580596924e-09-2.051890766127e+00-9.313225746155e-09
     9.813416771856e-01 3.029062500000e+02-2.127248767535e-01-6.961361397216e-09
     3.335853237391e-10 0.000000000000e+00 1.005000000000e+03 0.000000000000e+00
     2.000000000000e+00 0.000000000000e+00-4.440000000000e-08-4.440000000000e-08
     3.780000000000e+05 1.000000000000e+00                                      
C33 2025 04 10 10 00 00-9.724835399538e-04-6.255440609948e-12 0.000000000000e+00
     1.000000000000e+00 3.260937500000e+01 3.795158083568e-09-2.117824410813e+00
     1.592095941305e-06 6.013786187395e-04 3.473833203316e-06 5.282625556946e+03
     3.816000000000e+05 2.793967723846e-09-2.051915795192e+00-2.328306436539e-09
     9.813428972593e-01 3.027187500000e+02-2.133021456905e-01-6.956361188937e-09
     3.300137463972e-10 0.000000000000e+00 1.005000000000e+03 0.000000000000e+00
     2.000000000000e+00 0.000000000000e+00-4.440000000000e-08-4.440000000000e-08
     3.816000000000e+05 1.000000000000e+00                                      
C33 2025 04 10 11 00 00-9.725062409416e-04-6.270539643083e-12 0.000000000000e+00
     1.000000000000e+00 3.489062500000e+01 3.761585256553e-09-1.629407838280e+00
     1.656357198954e-06 6.013241363689e-04 3.552995622158e-06 5.282626550674e+03
     3.852000000000e+05 2.328306436539e-09-2.051940834498e+00-1.396983861923e-09
     9.813440851487e-01 2.996718750000e+02-2.141520118566e-01-6.956004031203e-09
     3.296565886630e-10 0.000000000000e+00 1.005000000000e+03 0.000000000000e+00
     2.000000000000e+00 0.000000000000e+00-4.440000000000e-08-4.440000000000e-08
     3.852000000000e+05 1.000000000000e+00                                      
C33 2025 04 10 12 00 00-9.725285926834e-04-6.256328788368e-12 0.000000000000e+00
     1.000000000000e+00 3.556250000000e+01 3.742298738907e-09-1.141924788882e+00
     1.721084117889e-06 6.012646481395e-04 3.456138074398e-06 5.282626411438e+03
     3.888000000000e+05 4.190951585770e-09-2.051965859174e+00-3.259629011154e-09
     9.813452701124e-01 2.999062500000e+02-2.140687732808e-01-6.956718346671e-09
     3.271564845236e-10 0.000000000000e+00 1.005000000000e+03 0.000000000000e+00
     2.000000000000e+00 0.000000000000e+00-4.440000000000e-08-4.440000000000e-08
     3.888000000000e+05 1.000000000000e+00                                      
C33 2025 04 10 13 00 00-9.725510608405e-04-6.244782468912e-12 0.000000000000e+00
     1.000000000000e+00 4.181250000000e+01 3.756227890540e-09-6.552356387944e-01
     2.080108970404e-06 6.005739560351e-04 3.393273800611e-06 5.282624719620e+03
     3.924000000000e+05 1.583248376846e-08-2.051990850204e+00 3.259629011154e-09
     9.813464185031e-01 3.009062500000e+02-2.131916470993e-01-6.963861501355e-09
     3.196561721055e-10 0.000000000000e+00 1.005000000000e+03 0.000000000000e+00
     2.000000000000e+00 0.000000000000e+00-4.440000000000e-08-4.440000000000e-08
     3.924000000000e+05 1.000000000000e+00                                      
C33 2025 04 10 14 00 00-9.725734125823e-04-6.243006112072e-12 0.000000000000e+00
     1.000000000000e+00 4.682812500000e+01 3.779443143263e-09-1.679806656404e-01
     2.350192517042e-06 5.996568361297e-04 3.643333911896e-06 5.282622884750e+03
     3.960000000000e+05 1.024454832077e-08-2.052015885121e+00 1.816079020500e-08
     9.813475113029e-01 2.963125000000e+02-2.128797661310e-01-6.976362022052e-09
     3.150131215609e-10 0.000000000000e+00 1.005000000000e+03 0.000000000000e+00
     2.000000000000e+00 0.000000000000e+00-4.440000000000e-08-4.440000000000e-08
     3.960000000000e+05 1.000000000000e+00                                      
C33 2025 04 10 15 00 00-9.725958807394e-04-6.243894290492e-12 0.000000000000e+00
     1.000000000000e+00 4.675000000000e+01 3.774800092718e-09 3.197002639078e-01
     2.335757017136e-06 5.993794184178e-04 3.797933459282e-06 5.282622323990e+03
     3.996000000000e+05 7.450580596924e-09-2.052041000499e+00 1.909211277962e-08
     9.813486377498e-01 2.942500000000e+02-2.129932432235e-01-6.978147810723e-09
     3.150131215609e-10 0.000000000000e+00 1.005000000000e+03 0.000000000000e+00
     2.000000000000e+00 0.000000000000e+00-4.440000000000e-08-4.440000000000e-08
     3.996000000000e+05 1.000000000000e+00                                      
C33 2025 04 10 16 00 00-9.726174175739e-04-6.151523734843e-12 0.000000000000e+00
     1.000000000000e+00 4.739062500000e+01 3.750870524527e-09 8.071619868852e-01
     2.328306436539e-06 5.994458915666e-04 3.803987056017e-06 5.282622509003e+03
     4.032000000000e+05 0.000000000000e+00-2.052066031027e+00 4.703179001808e-08
     9.813498607493e-01 2.945312500000e+02-2.128874625430e-01-6.957432662140e-09
     3.032269163325e-10 0.000000000000e+00 1.005000000000e+03 0.000000000000e+00
     2.000000000000e+00 0.000000000000e+00-4.440000000000e-08-4.440000000000e-08
     4.032000000000e+05 1.000000000000e+00                                      
C33 2025 04 10 16 12 00-9.726015850902e-04 4.494182803683e-12 0.000000000000e+00
     1.000000000000e+00 4.739062500000e+01 3.750870524527e-09 8.071619868852e-01
     2.328306436539e-06 5.994458915666e-04 3.803987056017e-06 5.282622509003e+03
     4.032000000000e+05 0.000000000000e+00-2.052066031027e+00 4.703179001808e-08
     9.813498607493e-01 2.945312500000e+02-2.128874625430e-01-6.957432662140e-09
     3.032269163325e-10 0.000000000000e+00 1.005000000000e+03 0.000000000000e+00
     2.000000000000e+00 0.000000000000e+00-4.440000000000e-08-4.440000000000e-08
     4.039200000000e+05 0.000000000000e+00                                      
C33 2025 04 10 17 00 00-9.725887794048e-04 4.440003920081e-12 0.000000000000e+00
     1.000000000000e+00 4.714062500000e+01 3.741584423438e-09 1.294801591924e+00
     2.327375113964e-06 5.994407692924e-04 3.801658749580e-06 5.282622426987e+03
     4.068000000000e+05-6.286427378654e-08-2.052090821637e+00 4.190951585770e-08
     9.813510354725e-01 2.947968750000e+02-2.129597936016e-01-6.931360147543e-09
     2.628680923683e-10 0.000000000000e+00 1.005000000000e+03 0.000000000000e+00
     2.000000000000e+00 0.000000000000e+00-4.440000000000e-08-4.440000000000e-08
     4.068000000000e+05 1.000000000000e+00                                      
C33 2025 04 10 18 00 00-9.725723648444e-04 4.512834550496e-12 0.000000000000e+00
     1.000000000000e+00 4.707812500000e+01 3.753727786401e-09 1.782300402800e+00
     2.325512468815e-06 5.994269158691e-04 3.872439265251e-06 5.282622514725e+03
     4.104000000000e+05-6.798654794693e-08-2.052115461566e+00-3.445893526077e-08
     9.813519761289e-01 2.945781250000e+02-2.128913553680e-01-6.929931516607e-09
     2.071514858337e-10 0.000000000000e+00 1.005000000000e+03 0.000000000000e+00
     2.000000000000e+00 0.000000000000e+00-4.440000000000e-08-4.440000000000e-08
     4.104000000000e+05 1.000000000000e+00                                      
C33 2025 04 10 19 00 00-9.725564159453e-04 4.481748305807e-12 0.000000000000e+00
     1.000000000000e+00 4.423437500000e+01 3.768371253503e-09 2.269245215377e+00
     2.129003405571e-06 5.991164362058e-04 4.012603312731e-06 5.282623472214e+03
     4.140000000000e+05-1.676380634308e-08-2.052140196585e+00-4.749745130539e-08
     9.813526476083e-01 2.925937500000e+02-2.122688500782e-01-6.949218034253e-09
     1.721500278825e-10 0.000000000000e+00 1.005000000000e+03 0.000000000000e+00
     2.000000000000e+00 0.000000000000e+00-4.440000000000e-08-4.440000000000e-08
     4.140000000000e+05 1.000000000000e+00                                      
C33 2025 04 10 20 00 00-9.725404670462e-04 4.462208380573e-12 0.000000000000e+00
     1.000000000000e+00 4.090625000000e+01 3.784086193808e-09 2.756473313263e+00
     1.874752342701e-06 5.986761534587e-04 3.932043910027e-06 5.282624423981e+03
     4.176000000000e+05-8.847564458847e-09-2.052165165671e+00-3.259629011154e-08
     9.813532166834e-01 2.935468750000e+02-2.119297807775e-01-6.959932766279e-09
     1.646497154644e-10 0.000000000000e+00 1.005000000000e+03 0.000000000000e+00
     2.000000000000e+00 0.000000000000e+00-4.440000000000e-08-4.440000000000e-08
     4.176000000000e+05 1.000000000000e+00                                      
C33 2025 04 10 21 00 00-9.725240524858e-04 4.487077376325e-12 0.000000000000e+00
     1.000000000000e+00 4.075000000000e+01 3.817659020822e-09-3.039172788946e+00
     1.832377165556e-06 5.986830219626e-04 3.803521394730e-06 5.282624414444e+03
     4.212000000000e+05-9.313225746155e-09-2.052190222531e+00-3.306195139885e-08
     9.813538120910e-01 2.933125000000e+02-2.119019882598e-01-6.959575608545e-09
     1.650068731986e-10 0.000000000000e+00 1.005000000000e+03 0.000000000000e+00
     2.000000000000e+00 0.000000000000e+00-4.440000000000e-08-4.440000000000e-08
     4.212000000000e+05 1.000000000000e+00                                      
C33 2025 04 10 22 00 00-9.725078707561e-04 4.492406446843e-12 0.000000000000e+00
     1.000000000000e+00 4.075000000000e+01 3.859446475723e-09-2.551597884385e+00
     1.929700374603e-06 5.986890755594e-04 3.700610250235e-06 5.282624425888e+03
     4.248000000000e+05-1.303851604462e-08-2.052215308651e+00-4.703179001808e-08
     9.813543533707e-01 2.930937500000e+02-2.119097241706e-01-6.971004656039e-09
     1.696499237431e-10 0.000000000000e+00 1.005000000000e+03 0.000000000000e+00
     2.000000000000e+00 0.000000000000e+00-4.440000000000e-08-4.440000000000e-08
     4.248000000000e+05 1.000000000000e+00                                      
C33 2025 04 10 23 00 00-9.724906412885e-04 4.578559753554e-12 0.000000000000e+00
     1.000000000000e+00 4.365625000000e+01 3.899090984219e-09-2.063408978478e+00
     2.215150743723e-06 5.984868621454e-04 3.741588443518e-06 5.282625267029e+03
     4.284000000000e+05 3.399327397346e-08-2.052240603967e+00-7.264316082001e-08
     9.813548536887e-01 2.926250000000e+02-2.125312302874e-01-7.000291590243e-09
     1.989368579472e-10 0.000000000000e+00 1.005000000000e+03 0.000000000000e+00
     2.000000000000e+00 0.000000000000e+00-4.440000000000e-08-4.440000000000e-08
     4.284000000000e+05 1.000000000000e+00                                      
C34 2025 04 10 00 00 00 6.674301112071e-04 8.274270157926e-12 0.000000000000e+00
     1.000000000000e+00-8.621875000000e+01 4.098027842166e-09 1.045858381845e+00
    -4.319008439779e-06 6.769787287340e-04 7.475260645151e-06 5.282619009018e+03
     3.456000000000e+05 6.984919309616e-09 2.105361786826e+00-2.281740307808e-08
     9.504284992419e-01 2.020156250000e+02 9.237268912871e-01-7.048507884360e-09
    -4.035882396416e-10 0.000000000000e+00 1.005000000000e+03 0.000000000000e+00
     2.000000000000e+00 0.000000000000e+00-5.900000000000e-09-5.900000000000e-09
     3.456140000000e+05 1.000000000000e+00                                      
C34 2025 04 10 01 00 00 6.674599135295e-04 8.276934693185e-12 0.000000000000e+00
     1.000000000000e+00-8.920312500000e+01 4.064097857417e-09 1.532863908449e+00
    -4.354864358902e-06 6.770425243303e-04 7.496215403080e-06 5.282619756699e+03
     3.492000000000e+05 1.303851604462e-08 2.105336441771e+00-1.629814505577e-08
     9.504270216947e-01 2.018593750000e+02 9.242909208154e-01-7.053508092638e-09
    -4.078741324519e-10 0.000000000000e+00 1.005000000000e+03 0.000000000000e+00
     2.000000000000e+00 0.000000000000e+00-5.900000000000e-09-5.900000000000e-09
     3.492180000000e+05 1.000000000000e+00                                      
C34 2025 04 10 02 00 00 6.674906471744e-04 8.345324431502e-12 0.000000000000e+00
     1.000000000000e+00-8.770312500000e+01 4.053383125391e-09 2.021145204948e+00
    -4.248227924109e-06 6.772745400667e-04 7.736496627331e-06 5.282618701935e+03
     3.528000000000e+05 2.374872565269e-08 2.105311033809e+00-2.374872565269e-08
     9.504256099787e-01 1.983281250000e+02 9.235789522334e-01-7.042079045144e-09
    -4.057311860468e-10 0.000000000000e+00 1.005000000000e+03 0.000000000000e+00
     2.000000000000e+00 0.000000000000e+00-5.900000000000e-09-5.900000000000e-09
     3.528000000000e+05 1.000000000000e+00                                      
C34 2025 04 10 03 00 00 6.675203330815e-04 8.325784506269e-12 0.000000000000e+00
     1.000000000000e+00-8.668750000000e+01 4.022667560250e-09 2.508645396819e+00
    -4.226807504892e-06 6.771499756724e-04 7.756054401398e-06 5.282618947983e+03
     3.564000000000e+05 4.330649971962e-08 2.105285735567e+00-2.328306436539e-09
     9.504242684828e-01 1.988593750000e+02 9.236483442895e-01-7.016720846016e-09
    -4.114457097939e-10 0.000000000000e+00 1.005000000000e+03 0.000000000000e+00
     2.000000000000e+00 0.000000000000e+00-5.900000000000e-09-5.900000000000e-09
     3.564000000000e+05 1.000000000000e+00                                      
C34 2025 04 10 04 00 00 6.675496697426e-04 8.237854842719e-12 0.000000000000e+00
     1.000000000000e+00-8.035937500000e+01 3.978737158944e-09 2.995993265271e+00
    -3.951136022806e-06 6.762982811779e-04 7.738359272480e-06 5.282620639801e+03
     3.600000000000e+05 2.095475792885e-08 2.105260612875e+00 2.561137080193e-08
     9.504228728590e-01 1.992812500000e+02 9.238697510892e-01-6.993862751028e-09
    -4.289464387695e-10 0.000000000000e+00 1.005000000000e+03 0.000000000000e+00
     2.000000000000e+00 0.000000000000e+00-5.900000000000e-09-5.900000000000e-09
     3.600000000000e+05 1.000000000000e+00                                      
C34 2025 04 10 05 00 00 6.675792392343e-04 8.236966664299e-12 0.000000000000e+00
     1.000000000000e+00-8.043750000000e+01 3.977308528008e-09-2.799774379098e+00
    -3.960449248552e-06 6.764311110601e-04 7.667578756809e-06 5.282620330811e+03
     3.636000000000e+05-5.122274160385e-09 2.105235566254e+00 9.313225746155e-09
     9.504213514242e-01 2.007343750000e+02 9.240207037541e-01-6.984933807673e-09
    -4.503759028213e-10 0.000000000000e+00 1.005000000000e+03 0.000000000000e+00
     2.000000000000e+00 0.000000000000e+00-5.900000000000e-09-5.900000000000e-09
     3.636000000000e+05 1.000000000000e+00                                      
C34 2025 04 10 06 00 00 6.676088087261e-04 8.228973058522e-12 0.000000000000e+00
     1.000000000000e+00-7.754687500000e+01 4.016595878769e-09-2.313468193168e+00
    -3.828667104244e-06 6.772348424420e-04 7.291324436665e-06 5.282618047714e+03
     3.672000000000e+05 6.519258022308e-09 2.105210531337e+00-1.303851604462e-08
     9.504197173447e-01 2.088906250000e+02 9.252833161641e-01-6.988505385015e-09
    -4.689481049995e-10 0.000000000000e+00 1.005000000000e+03 0.000000000000e+00
     2.000000000000e+00 0.000000000000e+00-5.900000000000e-09-5.900000000000e-09
     3.672000000000e+05 1.000000000000e+00                                      
C34 2025 04 10 07 00 00 6.676380289719e-04 8.199663170672e-12 0.000000000000e+00
     1.000000000000e+00-7.468750000000e+01 4.049454390315e-09-1.826480634124e+00
    -3.736000508070e-06 6.773947970942e-04 7.233116775751e-06 5.282617233276e+03
     3.708000000000e+05 3.678724169731e-08 2.105185506661e+00 0.000000000000e+00
     9.504179633059e-01 2.103906250000e+02 9.258653703062e-01-7.006363271725e-09
    -4.878774649119e-10 0.000000000000e+00 1.005000000000e+03 0.000000000000e+00
     2.000000000000e+00 0.000000000000e+00-5.900000000000e-09-5.900000000000e-09
     3.708000000000e+05 1.000000000000e+00                                      
C34 2025 04 10 08 00 00 6.676675984636e-04 8.203215884350e-12 0.000000000000e+00
     1.000000000000e+00-7.942187500000e+01 4.056240387265e-09-1.337623771525e+00
    -4.009343683720e-06 6.776081863791e-04 6.979331374168e-06 5.282618984222e+03
     3.744000000000e+05 2.468004822731e-08 2.105160382506e+00 3.771856427193e-08
     9.504160629753e-01 2.149062500000e+02 9.245784251797e-01-7.038150310068e-09
    -4.996636701403e-10 0.000000000000e+00 1.005000000000e+03 0.000000000000e+00
     2.000000000000e+00 0.000000000000e+00-5.900000000000e-09-5.900000000000e-09
     3.744000000000e+05 1.000000000000e+00                                      
C34 2025 04 10 09 00 00 6.676960038021e-04 8.101963544505e-12 0.000000000000e+00
     1.000000000000e+00-7.926562500000e+01 4.060883437809e-09-8.490787094335e-01
    -3.994908183813e-06 6.781189003959e-04 6.634742021561e-06 5.282620613098e+03
     3.780000000000e+05-6.519258022308e-09 2.105135030135e+00 3.306195139885e-08
     9.504141289976e-01 2.209843750000e+02 9.236028021868e-01-7.066008613335e-09
    -4.982350392035e-10 0.000000000000e+00 1.005000000000e+03 0.000000000000e+00
     2.000000000000e+00 0.000000000000e+00-5.900000000000e-09-5.900000000000e-09
     3.780000000000e+05 1.000000000000e+00                                      
C34 2025 04 10 10 00 00 6.677248748019e-04 8.077094548753e-12 0.000000000000e+00
     1.000000000000e+00-8.267187500000e+01 4.088741741077e-09-3.617024091686e-01
    -4.118774086237e-06 6.776646478102e-04 6.665941327810e-06 5.282619705200e+03
     3.816000000000e+05-8.847564458847e-09 2.105109565120e+00 2.514570951462e-08
     9.504123076646e-01 2.199531250000e+02 9.237955343292e-01-7.072794610285e-09
    -4.957349350642e-10 0.000000000000e+00 1.005000000000e+03 0.000000000000e+00
     2.000000000000e+00 0.000000000000e+00-5.900000000000e-09-5.900000000000e-09
     3.816000000000e+05 1.000000000000e+00                                      
C34 2025 04 10 11 00 00 6.677539786324e-04 8.064660050877e-12 0.000000000000e+00
     1.000000000000e+00-9.023437500000e+01 4.122671725825e-09 1.260480002109e-01
    -4.452653229237e-06 6.765096914023e-04 6.489455699921e-06 5.282617446899e+03
     3.852000000000e+05-3.771856427193e-08 2.105084220065e+00 2.374872565269e-08
     9.504105638663e-01 2.239531250000e+02 9.236145099202e-01-7.060294089588e-09
    -5.139499795082e-10 0.000000000000e+00 1.005000000000e+03 0.000000000000e+00
     2.000000000000e+00 0.000000000000e+00-5.900000000000e-09-5.900000000000e-09
     3.852000000000e+05 1.000000000000e+00                                      
C34 2025 04 10 12 00 00 6.677813362330e-04 7.945644142637e-12 0.000000000000e+00
     1.000000000000e+00-9.106250000000e+01 4.137672350662e-09 6.137992990445e-01
    -4.487112164497e-06 6.762546254322e-04 6.423797458410e-06 5.282616901398e+03
     3.888000000000e+05-4.470348358154e-08 2.105059006671e+00-2.374872565269e-08
     9.504087147378e-01 2.260000000000e+02 9.234333245903e-01-7.058508300917e-09
    -5.496657529278e-10 0.000000000000e+00 1.005000000000e+03 0.000000000000e+00
     2.000000000000e+00 0.000000000000e+00-5.900000000000e-09-5.900000000000e-09
     3.888000000000e+05 1.000000000000e+00                                      
C34 2025 04 10 13 00 00 6.678112549707e-04 8.069989121395e-12 0.000000000000e+00
     1.000000000000e+00-9.590625000000e+01 4.132672142383e-09 1.100245928036e+00
    -4.754401743412e-06 6.766428705305e-04 6.637070327997e-06 5.282618574142e+03
     3.924000000000e+05-4.190951585770e-09 2.105033774260e+00-3.771856427193e-08
     9.504066798188e-01 2.221718750000e+02 9.245569597827e-01-7.073866083488e-09
    -5.782383716635e-10 0.000000000000e+00 1.005000000000e+03 0.000000000000e+00
     2.000000000000e+00 0.000000000000e+00-5.900000000000e-09-5.900000000000e-09
     3.924000000000e+05 1.000000000000e+00                                      
C34 2025 04 10 14 00 00 6.678405916318e-04 8.109957150282e-12 0.000000000000e+00
     1.000000000000e+00-9.906250000000e+01 4.146958451751e-09 1.587174788955e+00
    -4.979781806469e-06 6.766836158931e-04 6.599351763725e-06 5.282619428635e+03
     3.960000000000e+05 6.053596735001e-09 2.105008380928e+00-1.769512891769e-08
     9.504045322550e-01 2.224375000000e+02 9.251978861370e-01-7.088866708324e-09
    -5.885959459551e-10 0.000000000000e+00 1.005000000000e+03 0.000000000000e+00
     2.000000000000e+00 0.000000000000e+00-5.900000000000e-09-5.900000000000e-09
     3.960000000000e+05 1.000000000000e+00                                      
C34 2025 04 10 15 00 00 6.678691133857e-04 8.063771872457e-12 0.000000000000e+00
     1.000000000000e+00-9.785937500000e+01 4.193746114930e-09 2.075529888208e+00
    -4.952307790518e-06 6.769840838388e-04 6.714835762978e-06 5.282618238449e+03
     3.996000000000e+05-4.190951585770e-09 2.104982870563e+00-1.210719347000e-08
     9.504023642104e-01 2.180468750000e+02 9.244124819932e-01-7.099224282616e-09
    -5.896674191577e-10 0.000000000000e+00 1.005000000000e+03 0.000000000000e+00
     2.000000000000e+00 0.000000000000e+00-5.900000000000e-09-5.900000000000e-09
     3.996000000000e+05 1.000000000000e+00                                      
C34 2025 04 10 16 00 00 6.678978679702e-04 8.028244735669e-12 0.000000000000e+00
     1.000000000000e+00-9.796875000000e+01 4.227318941945e-09 2.563237766170e+00
    -4.913192242384e-06 6.770588224754e-04 6.703194230795e-06 5.282618024826e+03
     4.032000000000e+05-1.583248376846e-08 2.104957260719e+00-3.492459654808e-08
     9.504001449637e-01 2.169843750000e+02 9.242748930850e-01-7.119939431199e-09
    -5.828814222080e-10 0.000000000000e+00 1.005000000000e+03 0.000000000000e+00
     2.000000000000e+00 0.000000000000e+00-5.900000000000e-09-5.900000000000e-09
     4.032000000000e+05 1.000000000000e+00                                      
C34 2025 04 10 17 00 00 6.679269718006e-04 8.046008304063e-12 0.000000000000e+00
     1.000000000000e+00-9.296875000000e+01 4.249819879199e-09 3.050691971212e+00
    -4.592817276716e-06 6.763651035726e-04 6.723217666149e-06 5.282619400024e+03
     4.068000000000e+05 3.725290298462e-08 2.104931374384e+00-7.310882210732e-08
     9.503979023103e-01 2.167031250000e+02 9.243911994610e-01-7.159226781961e-09
    -5.478799642568e-10 0.000000000000e+00 1.005000000000e+03 0.000000000000e+00
     2.000000000000e+00 0.000000000000e+00-5.900000000000e-09-5.900000000000e-09
     4.068000000000e+05 1.000000000000e+00                                      
C34 2025 04 10 18 00 00 6.679567741230e-04 8.111733507121e-12 0.000000000000e+00
     1.000000000000e+00-9.312500000000e+01 4.298750488784e-09-2.745107595493e+00
    -4.539266228676e-06 6.765332072973e-04 6.745103746653e-06 5.282619014740e+03
     4.104000000000e+05 1.052394509315e-07 2.104905205705e+00-6.519258022308e-09
     9.503958761688e-01 2.185156250000e+02 9.245757070779e-01-7.181370561481e-09
    -4.818057834305e-10 0.000000000000e+00 1.005000000000e+03 0.000000000000e+00
     2.000000000000e+00 0.000000000000e+00-5.900000000000e-09-5.900000000000e-09
     4.104000000000e+05 1.000000000000e+00                                      
C34 2025 04 10 19 00 00 6.679890211672e-04 8.310685473134e-12 0.000000000000e+00
     1.000000000000e+00-8.906250000000e+01 4.347681098369e-09-2.258944320567e+00
    -4.384666681290e-06 6.773322820663e-04 6.441492587328e-06 5.282616601944e+03
     4.140000000000e+05 4.656612873077e-08 2.104878952177e+00 7.310882210732e-08
     9.503942055163e-01 2.268125000000e+02 9.259830532881e-01-7.162798359302e-09
    -4.121600252623e-10 0.000000000000e+00 1.005000000000e+03 0.000000000000e+00
     2.000000000000e+00 0.000000000000e+00-5.900000000000e-09-5.900000000000e-09
     4.140000000000e+05 1.000000000000e+00                                      
C34 2025 04 10 20 00 00 6.680178921670e-04 8.223643988003e-12 0.000000000000e+00
     1.000000000000e+00-8.585937500000e+01 4.338752155014e-09-1.772013998193e+00
    -4.233792424202e-06 6.774775683880e-04 6.390735507011e-06 5.282615718842e+03
     4.176000000000e+05-1.396983861923e-08 2.104852912235e+00 4.237517714500e-08
     9.503928669463e-01 2.280312500000e+02 9.266241683589e-01-7.124939639478e-09
    -3.743013054375e-10 0.000000000000e+00 1.005000000000e+03 0.000000000000e+00
     2.000000000000e+00 0.000000000000e+00-5.900000000000e-09-5.900000000000e-09
     4.176000000000e+05 1.000000000000e+00                                      
C34 2025 04 10 21 00 00 6.680462975055e-04 8.113509863961e-12 0.000000000000e+00
     1.000000000000e+00-9.026562500000e+01 4.289107229961e-09-1.283138127899e+00
    -4.408415406942e-06 6.777452072129e-04 6.181653589010e-06 5.282617511749e+03
     4.212000000000e+05-1.024454832077e-08 2.104827217542e+00 2.188608050346e-08
     9.503915971334e-01 2.332500000000e+02 9.253197559906e-01-7.108153225970e-09
    -3.678724662220e-10 0.000000000000e+00 1.005000000000e+03 0.000000000000e+00
     2.000000000000e+00 0.000000000000e+00-5.900000000000e-09-5.900000000000e-09
     4.212000000000e+05 1.000000000000e+00                                      
C34 2025 04 10 22 00 00 6.680754013360e-04 8.095746295567e-12 0.000000000000e+00
     2.000000000000e+00-8.921875000000e+01 4.258391664820e-09-7.945449460434e-01
    -4.369299858809e-06 6.783546414226e-04 5.914364010096e-06 5.282619316101e+03
     4.248000000000e+05-2.468004822731e-08 2.104801615013e+00 1.350417733192e-08
     9.503902073612e-01 2.399375000000e+02 9.242972611024e-01-7.122082377604e-09
    -3.657295198168e-10 0.000000000000e+00 1.005000000000e+03 0.000000000000e+00
     2.000000000000e+00 0.000000000000e+00-5.900000000000e-09-5.900000000000e-09
     4.248000000000e+05 1.000000000000e+00                                      
C34 2025 04 10 23 00 00 6.681035738438e-04 8.005152096757e-12 0.000000000000e+00
     1.000000000000e+00-9.109375000000e+01 4.255177245212e-09-3.070356767655e-01
    -4.552770406008e-06 6.780995754525e-04 5.953945219517e-06 5.282618808746e+03
     4.284000000000e+05-1.676380634308e-08 2.104775866192e+00-1.816079020500e-08
     9.503887927194e-01 2.398750000000e+02 9.243581404383e-01-7.146369103529e-09
    -3.518003681831e-10 0.000000000000e+00 1.005000000000e+03 0.000000000000e+00
     2.000000000000e+00 0.000000000000e+00-5.900000000000e-09-5.900000000000e-09
     4.284000000000e+05 1.000000000000e+00                                      
C35 2025 04 10 00 00 00 7.394817657769e-05-1.109423664047e-11 0.000000000000e+00
     1.000000000000e+00-8.360937500000e+01 4.129100565041e-09 2.792812063764e+00
    -4.106201231480e-06 9.402143768966e-04 7.980968803167e-06 5.282619991302e+03
     3.456000000000e+05 5.122274160385e-09 2.105329857176e+00-2.235174179077e-08
     9.505024702317e-01 1.952500000000e+02 6.892639720511e-01-7.011006322269e-09
    -4.364467511876e-10 0.000000000000e+00 1.005000000000e+03 0.000000000000e+00
     2.000000000000e+00 0.000000000000e+00-2.300000000000e-09-2.300000000000e-09
     3.456000000000e+05 1.000000000000e+00                                      
C35 2025 04 10 01 00 00 7.390941027552e-05-1.098232615959e-11 0.000000000000e+00
     1.000000000000e+00-7.634375000000e+01 4.086598794672e-09-3.002707177115e+00
    -3.849156200886e-06 9.392345091328e-04 7.976312190294e-06 5.282621910095e+03
     3.492000000000e+05 2.235174179077e-08 2.105304544305e+00-3.213062882423e-08
     9.505008551701e-01 1.952812500000e+02 6.891673711815e-01-7.022078212029e-09
    -4.257320191617e-10 0.000000000000e+00 1.005000000000e+03 0.000000000000e+00
     2.000000000000e+00 0.000000000000e+00-2.300000000000e-09-2.300000000000e-09
     3.492000000000e+05 1.000000000000e+00                                      
C35 2025 04 10 02 00 00 7.387064397335e-05-1.090683099392e-11 0.000000000000e+00
     1.000000000000e+00-7.710937500000e+01 4.077312693582e-09-2.515436661919e+00
    -3.946945071220e-06 9.395341621712e-04 7.741153240204e-06 5.282621110916e+03
     3.528000000000e+05 4.889443516731e-08 2.105279115863e+00-6.053596735001e-09
     9.504992986253e-01 1.982343750000e+02 6.894656791958e-01-7.031007155384e-09
    -4.000166622996e-10 0.000000000000e+00 1.005000000000e+03 0.000000000000e+00
     2.000000000000e+00 0.000000000000e+00-2.300000000000e-09-2.300000000000e-09
     3.528000000000e+05 1.000000000000e+00                                      
C35 2025 04 10 03 00 00 7.383024785668e-05-1.098943158695e-11 0.000000000000e+00
     1.000000000000e+00-7.321875000000e+01 4.080169955456e-09-2.029101140093e+00
    -3.706663846970e-06 9.401356801391e-04 7.209833711386e-06 5.282618556976e+03
     3.564000000000e+05 2.607703208923e-08 2.105253647922e+00 2.561137080193e-08
     9.504978825206e-01 2.068906250000e+02 6.906992687741e-01-7.023864000700e-09
    -3.728726745007e-10 0.000000000000e+00 1.005000000000e+03 0.000000000000e+00
     2.000000000000e+00 0.000000000000e+00-2.300000000000e-09-2.300000000000e-09
     3.564000000000e+05 1.000000000000e+00                                      
C35 2025 04 10 04 00 00 7.378938607872e-05-1.112177017148e-11 0.000000000000e+00
     1.000000000000e+00-7.051562500000e+01 4.058026175936e-09-1.541961213742e+00
    -3.458932042122e-06 9.401787538081e-04 7.135327905416e-06 5.282617769241e+03
     3.600000000000e+05 1.257285475731e-08 2.105228311644e+00 2.095475792885e-08
     9.504965702831e-01 2.080468750000e+02 6.911291457888e-01-7.016006530548e-09
    -3.646580466142e-10 0.000000000000e+00 1.005000000000e+03 0.000000000000e+00
     2.000000000000e+00 0.000000000000e+00-2.300000000000e-09-2.300000000000e-09
     3.600000000000e+05 1.000000000000e+00                                      
C35 2025 04 10 05 00 00 7.374852430075e-05-1.120614712136e-11 0.000000000000e+00
     1.000000000000e+00-7.418750000000e+01 4.013381459161e-09-1.053706274639e+00
    -3.556255251169e-06 9.405468590558e-04 7.018446922302e-06 5.282619203568e+03
     3.636000000000e+05 8.381903171539e-09 2.105203071918e+00 2.793967723846e-08
     9.504952273243e-01 2.122031250000e+02 6.904440393085e-01-7.022792527498e-09
    -3.668009930194e-10 0.000000000000e+00 1.005000000000e+03 0.000000000000e+00
     2.000000000000e+00 0.000000000000e+00-2.300000000000e-09-2.300000000000e-09
     3.636000000000e+05 1.000000000000e+00                                      
C35 2025 04 10 06 00 00 7.370871026069e-05-1.116706727089e-11 0.000000000000e+00
     1.000000000000e+00-7.400000000000e+01 3.971236846526e-09-5.658241148570e-01
    -3.570225089788e-06 9.409185731784e-04 6.967224180698e-06 5.282620115280e+03
     3.672000000000e+05 6.053596735001e-09 2.105177789768e+00 2.933666110039e-08
     9.504939019205e-01 2.157968750000e+02 6.901310933359e-01-7.023864000700e-09
    -3.668009930194e-10 0.000000000000e+00 1.005000000000e+03 0.000000000000e+00
     2.000000000000e+00 0.000000000000e+00-2.300000000000e-09-2.300000000000e-09
     3.672000000000e+05 1.000000000000e+00                                      
C35 2025 04 10 07 00 00 7.366656791419e-05-1.130118221226e-11 0.000000000000e+00
     1.000000000000e+00-8.012500000000e+01 3.961593587703e-09-7.830059090533e-02
    -3.939028829336e-06 9.400415001437e-04 7.092021405697e-06 5.282618406296e+03
     3.708000000000e+05-6.053596735001e-09 2.105152620262e+00 6.332993507385e-08
     9.504926891614e-01 2.139687500000e+02 6.901763399291e-01-6.998505801572e-09
    -3.825159333240e-10 0.000000000000e+00 1.005000000000e+03 0.000000000000e+00
     2.000000000000e+00 0.000000000000e+00-2.300000000000e-09-2.300000000000e-09
     3.708000000000e+05 1.000000000000e+00                                      
C35 2025 04 10 08 00 00 7.362582255155e-05-1.131361671014e-11 0.000000000000e+00
     1.000000000000e+00-8.862500000000e+01 3.979451474413e-09 4.098130127569e-01
    -4.346016794443e-06 9.387640748173e-04 6.835907697678e-06 5.282615722656e+03
     3.744000000000e+05-1.015141606331e-07 2.105127826727e+00 4.936009645462e-08
     9.504914339777e-01 2.194062500000e+02 6.896318740042e-01-6.959218450811e-09
    -4.446613790741e-10 0.000000000000e+00 1.005000000000e+03 0.000000000000e+00
     2.000000000000e+00 0.000000000000e+00-2.300000000000e-09-2.300000000000e-09
     3.744000000000e+05 1.000000000000e+00                                      
C35 2025 04 10 09 00 00 7.358775474131e-05-1.106403857420e-11 0.000000000000e+00
     1.000000000000e+00-8.940625000000e+01 4.000166622996e-09 8.974654490497e-01
    -4.381872713566e-06 9.386314777657e-04 6.849411875010e-06 5.282615444183e+03
     3.780000000000e+05-1.005828380585e-07 2.105103340404e+00-8.614733815193e-08
     9.504898203791e-01 2.205625000000e+02 6.895493112966e-01-6.959575608545e-09
    -5.435940714464e-10 0.000000000000e+00 1.005000000000e+03 0.000000000000e+00
     2.000000000000e+00 0.000000000000e+00-2.300000000000e-09-2.300000000000e-09
     3.780000000000e+05 1.000000000000e+00                                      
C35 2025 04 10 10 00 00 7.354689296335e-05-1.113775738304e-11 0.000000000000e+00
     1.000000000000e+00-9.642187500000e+01 4.019453140643e-09 1.383824965659e+00
    -4.796311259270e-06 9.388513863087e-04 7.121358066797e-06 5.282617715836e+03
     3.816000000000e+05 2.607703208923e-08 2.105078805805e+00-1.057051122189e-07
     9.504876801299e-01 2.160312500000e+02 6.907597662883e-01-7.011006322269e-09
    -6.264546657799e-10 0.000000000000e+00 1.005000000000e+03 0.000000000000e+00
     2.000000000000e+00 0.000000000000e+00-2.300000000000e-09-2.300000000000e-09
     3.816000000000e+05 1.000000000000e+00                                      
C35 2025 04 10 11 00 00 7.350568193942e-05-1.122657522501e-11 0.000000000000e+00
     1.000000000000e+00-1.011875000000e+02 4.064455015151e-09 1.870683768893e+00
    -5.152542144060e-06 9.387002792209e-04 7.007271051407e-06 5.282619058609e+03
     3.852000000000e+05 4.982575774193e-08 2.105053801609e+00-3.259629011154e-08
     9.504851858546e-01 2.172500000000e+02 6.914704738350e-01-7.066008613335e-09
    -6.593131773260e-10 0.000000000000e+00 1.005000000000e+03 0.000000000000e+00
     2.000000000000e+00 0.000000000000e+00-2.300000000000e-09-2.300000000000e-09
     3.852000000000e+05 1.000000000000e+00                                      
C35 2025 04 10 12 00 00 7.346412166953e-05-1.136246652322e-11 0.000000000000e+00
     1.000000000000e+00-1.007500000000e+02 4.141243928004e-09 2.358509379577e+00
    -5.174893885851e-06 9.389496408403e-04 6.933230906725e-06 5.282618392944e+03
     3.888000000000e+05 1.676380634308e-08 2.105028384870e+00-1.769512891769e-08
     9.504826579321e-01 2.145625000000e+02 6.912143593040e-01-7.097795651679e-09
    -6.625275969337e-10 0.000000000000e+00 1.005000000000e+03 0.000000000000e+00
     2.000000000000e+00 0.000000000000e+00-2.300000000000e-09-2.300000000000e-09
     3.888000000000e+05 1.000000000000e+00                                      
C35 2025 04 10 13 00 00 7.342442404479e-05-1.125410875602e-11 0.000000000000e+00
     1.000000000000e+00-9.876562500000e+01 4.193031799462e-09 2.846010602805e+00
    -4.950445145369e-06 9.386232122779e-04 6.730668246746e-06 5.282619054794e+03
     3.924000000000e+05 4.190951585770e-09 2.105002757471e+00-4.656612873077e-08
     9.504801548793e-01 2.157656250000e+02 6.912832042288e-01-7.123511008541e-09
    -6.539558113130e-10 0.000000000000e+00 1.005000000000e+03 0.000000000000e+00
     2.000000000000e+00 0.000000000000e+00-2.300000000000e-09-2.300000000000e-09
     3.924000000000e+05 1.000000000000e+00                                      
C35 2025 04 10 14 00 00 7.338530849665e-05-1.112976377726e-11 0.000000000000e+00
     1.000000000000e+00-9.095312500000e+01 4.214818421248e-09-2.949419192337e+00
    -4.441011697054e-06 9.375408990309e-04 6.801448762417e-06 5.282621206284e+03
     3.960000000000e+05 5.913898348808e-08 2.104976869673e+00-7.404014468193e-08
     9.504776752332e-01 2.147187500000e+02 6.910977691218e-01-7.158155308758e-09
    -6.193115110960e-10 0.000000000000e+00 1.005000000000e+03 0.000000000000e+00
     2.000000000000e+00 0.000000000000e+00-2.300000000000e-09-2.300000000000e-09
     3.960000000000e+05 1.000000000000e+00                                      
C35 2025 04 10 15 00 00 7.334607653320e-05-1.105338043317e-11 0.000000000000e+00
     1.000000000000e+00-9.062500000000e+01 4.261963242162e-09-2.462001937680e+00
    -4.372093826532e-06 9.376197122037e-04 6.848014891148e-06 5.282620923996e+03
     3.996000000000e+05 1.192092895508e-07 2.104950679051e+00 8.847564458847e-09
     9.504753989326e-01 2.162812500000e+02 6.912501393543e-01-7.177084668670e-09
    -5.471656487884e-10 0.000000000000e+00 1.005000000000e+03 0.000000000000e+00
     2.000000000000e+00 0.000000000000e+00-2.300000000000e-09-2.300000000000e-09
     3.996000000000e+05 1.000000000000e+00                                      
C35 2025 04 10 16 00 00 7.330474909395e-05-1.115019188092e-11 0.000000000000e+00
     1.000000000000e+00-8.559375000000e+01 4.308036589873e-09-1.975700010304e+00
    -4.179775714874e-06 9.381464915350e-04 6.543472409248e-06 5.282618398666e+03
     4.032000000000e+05 3.864988684654e-08 2.104924375784e+00 8.987262845039e-08
     9.504735161571e-01 2.245156250000e+02 6.925182172263e-01-7.151012154074e-09
    -4.678766317969e-10 0.000000000000e+00 1.005000000000e+03 0.000000000000e+00
     2.000000000000e+00 0.000000000000e+00-2.300000000000e-09-2.300000000000e-09
     4.032000000000e+05 1.000000000000e+00                                      
C35 2025 04 10 17 00 00 7.326342165470e-05-1.125766146970e-11 0.000000000000e+00
     1.000000000000e+00-8.187500000000e+01 4.301250592923e-09-1.488675644242e+00
    -4.025176167488e-06 9.381603449583e-04 6.507616490126e-06 5.282617410660e+03
     4.068000000000e+05-2.374872565269e-08 2.104898353397e+00 4.610046744347e-08
     9.504720078885e-01 2.254062500000e+02 6.930646624794e-01-7.105653121831e-09
    -4.268034923643e-10 0.000000000000e+00 1.005000000000e+03 0.000000000000e+00
     2.000000000000e+00 0.000000000000e+00-2.300000000000e-09-2.300000000000e-09
     4.068000000000e+05 1.000000000000e+00                                      
C35 2025 04 10 18 00 00 7.322384044528e-05-1.115285641617e-11 0.000000000000e+00
     1.000000000000e+00-8.490625000000e+01 4.263391873099e-09-1.000457810592e+00
    -4.152767360210e-06 9.385537123308e-04 6.323680281639e-06 5.282618814468e+03
     4.104000000000e+05-1.816079020500e-08 2.104872736238e+00 2.654269337654e-08
     9.504705493592e-01 2.297968750000e+02 6.924176752555e-01-7.089581023792e-09
    -4.207318108830e-10 0.000000000000e+00 1.005000000000e+03 0.000000000000e+00
     2.000000000000e+00 0.000000000000e+00-2.300000000000e-09-2.300000000000e-09
     4.104000000000e+05 1.000000000000e+00                                      
C35 2025 04 10 19 00 00 7.318332791328e-05-1.117683723351e-11 0.000000000000e+00
     1.000000000000e+00-8.417187500000e+01 4.249105563731e-09-5.125653387009e-01
    -4.131346940994e-06 9.389944607392e-04 6.183516234159e-06 5.282619861603e+03
     4.140000000000e+05-3.818422555923e-08 2.104847187837e+00 1.257285475731e-08
     9.504689386864e-01 2.336562500000e+02 6.920954456047e-01-7.110296172376e-09
    -4.171602335410e-10 0.000000000000e+00 1.005000000000e+03 0.000000000000e+00
     2.000000000000e+00 0.000000000000e+00-2.300000000000e-09-2.300000000000e-09
     4.140000000000e+05 1.000000000000e+00                                      
C35 2025 04 10 20 00 00 7.314281538129e-05-1.120170622926e-11 0.000000000000e+00
     1.000000000000e+00-8.931250000000e+01 4.268392081377e-09-2.498658959175e-02
    -4.446133971214e-06 9.382754797116e-04 6.244983524084e-06 5.282618452072e+03
     4.176000000000e+05-2.374872565269e-08 2.104821456571e+00-2.281740307808e-08
     9.504673280136e-01 2.328281250000e+02 6.920866885771e-01-7.137083002440e-09
    -4.003738200338e-10 0.000000000000e+00 1.005000000000e+03 0.000000000000e+00
     2.000000000000e+00 0.000000000000e+00-2.300000000000e-09-2.300000000000e-09
     4.176180000000e+05 1.000000000000e+00                                      
C35 2025 04 10 21 00 00 7.310230284929e-05-1.121502890555e-11 0.000000000000e+00
     1.000000000000e+00-9.610937500000e+01 4.283392706214e-09 4.631353395373e-01
    -4.856381565332e-06 9.371761698276e-04 5.902256816626e-06 5.282616075516e+03
     4.212000000000e+05 2.793967723846e-09 2.104795646307e+00-1.629814505577e-08
     9.504658577809e-01 2.384531250000e+02 6.915352752543e-01-7.147797734466e-09
    -3.825159333240e-10 0.000000000000e+00 1.005000000000e+03 0.000000000000e+00
     2.000000000000e+00 0.000000000000e+00-2.300000000000e-09-2.300000000000e-09
     4.212180000000e+05 1.000000000000e+00                                      
C35 2025 04 10 22 00 00 7.306120824069e-05-1.127808957335e-11 0.000000000000e+00
     1.000000000000e+00-9.653125000000e+01 4.261606084428e-09 9.508856889371e-01
    -4.861969500780e-06 9.370001498610e-04 5.696900188923e-06 5.282615596771e+03
     4.248000000000e+05 3.725290298462e-09 2.104769882857e+00-6.984919309616e-09
     9.504644855638e-01 2.402031250000e+02 6.913561263063e-01-7.148512049935e-09
    -3.764442518427e-10 0.000000000000e+00 1.005000000000e+03 0.000000000000e+00
     2.000000000000e+00 0.000000000000e+00-2.300000000000e-09-2.300000000000e-09
     4.248140000000e+05 1.000000000000e+00                                      
C35 2025 04 10 23 00 00 7.302023004740e-05-1.131539306698e-11 0.000000000000e+00
     1.000000000000e+00-1.022656250000e+02 4.216961367653e-09 1.437541174354e+00
    -5.055684596300e-06 9.371151681989e-04 5.787704139948e-06 5.282617284775e+03
     4.284000000000e+05 1.303851604462e-08 2.104744189627e+00-5.587935447693e-09
     9.504631148095e-01 2.373906250000e+02 6.922717886759e-01-7.152440785011e-09
    -3.821587755898e-10 0.000000000000e+00 1.005000000000e+03 0.000000000000e+00
     2.000000000000e+00 0.000000000000e+00-2.300000000000e-09-2.300000000000e-09
     4.284140000000e+05 1.000000000000e+00                                      
C36 2025 04 10 00 00 00 2.832442987710e-04 3.483435762064e-12 0.000000000000e+00
     1.000000000000e+00 5.550000000000e+01 3.891233514066e-09 1.334832994889e+00
     2.732966095209e-06 6.022240268067e-04 1.207739114761e-05 5.282660646439e+03
     3.456000000000e+05 5.494803190231e-08 4.308685074028e-02-5.075708031654e-08
     9.462897196680e-01 1.086250000000e+02-1.174198966329e+00-6.873143436869e-09
     3.350139546759e-10 0.000000000000e+00 1.005000000000e+03 0.000000000000e+00
     2.000000000000e+00 0.000000000000e+00-2.060000000000e-08-2.060000000000e-08
     3.456000000000e+05 1.000000000000e+00                                      
C36 2025 04 10 01 00 00 2.832567552105e-04 3.480771226805e-12 0.000000000000e+00
     1.000000000000e+00 6.084375000000e+01 3.788014928884e-09 1.821045562840e+00
     2.933666110039e-06 6.021197186783e-04 1.196097582579e-05 5.282662221909e+03
     3.492000000000e+05 2.468004822731e-08 4.306264529774e-02 9.965151548386e-08
     9.462913625250e-01 1.116562500000e+02-1.172854619223e+00-6.761353066066e-09
     2.746542975968e-10 0.000000000000e+00 1.005000000000e+03 0.000000000000e+00
     2.000000000000e+00 0.000000000000e+00-2.060000000000e-08-2.060000000000e-08
     3.492000000000e+05 1.000000000000e+00                                      
C36 2025 04 10 02 00 00 2.832699101418e-04 3.520739255691e-12 0.000000000000e+00
     1.000000000000e+00 5.415625000000e+01 3.797301029973e-09 2.310074094487e+00
     2.603512257338e-06 6.029374198988e-04 1.168064773083e-05 5.282659870148e+03
     3.528000000000e+05-7.590278983116e-08 4.303874121633e-02 7.683411240578e-08
     9.462924699540e-01 1.174687500000e+02-1.174326851701e+00-6.721351399836e-09
     2.071514858337e-10 0.000000000000e+00 1.005000000000e+03 0.000000000000e+00
     2.000000000000e+00 0.000000000000e+00-2.060000000000e-08-2.060000000000e-08
     3.528000000000e+05 1.000000000000e+00                                      
C36 2025 04 10 03 00 00 2.832809695974e-04 3.292477401828e-12 0.000000000000e+00
     1.000000000000e+00 5.395312500000e+01 3.825516490974e-09 2.798196392271e+00
     2.595130354166e-06 6.037163548172e-04 1.139100641012e-05 5.282658214569e+03
     3.564000000000e+05-7.031485438347e-08 4.301495124252e-02-2.002343535423e-08
     9.462931940984e-01 1.237656250000e+02-1.174892058879e+00-6.723137188507e-09
     1.364342544629e-10 0.000000000000e+00 1.005000000000e+03 0.000000000000e+00
     2.000000000000e+00 0.000000000000e+00-2.060000000000e-08-2.060000000000e-08
     3.564000000000e+05 1.000000000000e+00                                      
C36 2025 04 10 04 00 00 2.832935424522e-04 3.367972567503e-12 0.000000000000e+00
     1.000000000000e+00 4.981250000000e+01 3.825873648708e-09-2.997248447520e+00
     2.362299710512e-06 6.031004013494e-04 1.149997115135e-05 5.282659442902e+03
     3.600000000000e+05-3.073364496231e-08 4.299090964681e-02-2.607703208923e-08
     9.462936212705e-01 1.218750000000e+02-1.175074790513e+00-6.739209286546e-09
     1.103617398666e-10 0.000000000000e+00 1.005000000000e+03 0.000000000000e+00
     2.000000000000e+00 0.000000000000e+00-2.060000000000e-08-2.060000000000e-08
     3.600000000000e+05 1.000000000000e+00                                      
C36 2025 04 10 05 00 00 2.833057660609e-04 3.371525281182e-12 0.000000000000e+00
     1.000000000000e+00 4.401562500000e+01 3.779800300997e-09-2.508933954484e+00
     2.036336809397e-06 6.023879395798e-04 1.137517392635e-05 5.282661092758e+03
     3.636000000000e+05 4.842877388000e-08 4.296641893524e-02-1.029111444950e-07
     9.462942181411e-01 1.240156250000e+02-1.175831746752e+00-6.680635418138e-09
     1.153619481453e-10 0.000000000000e+00 1.005000000000e+03 0.000000000000e+00
     2.000000000000e+00 0.000000000000e+00-2.060000000000e-08-2.060000000000e-08
     3.636000000000e+05 1.000000000000e+00                                      
C36 2025 04 10 06 00 00 2.833184553310e-04 3.423927807944e-12 0.000000000000e+00
     1.000000000000e+00 4.410937500000e+01 3.913377293586e-09-2.021931734075e+00
     2.026557922363e-06 6.025310140103e-04 1.139706000686e-05 5.282660398483e+03
     3.672000000000e+05-1.238659024239e-07 4.294243731917e-02-5.774199962616e-08
     9.462938275420e-01 1.212187500000e+02-1.175277183766e+00-6.845285133602e-09
     1.042900583853e-10 0.000000000000e+00 1.005000000000e+03 0.000000000000e+00
     2.000000000000e+00 0.000000000000e+00-2.060000000000e-08-2.060000000000e-08
     3.672000000000e+05 1.000000000000e+00                                      
C36 2025 04 10 07 00 00 2.833313774318e-04 3.471001264188e-12 0.000000000000e+00
     1.000000000000e+00 3.956250000000e+01 3.954807590753e-09-1.535792293011e+00
     1.911073923111e-06 6.025299662724e-04 1.150928437710e-05 5.282658739090e+03
     3.708000000000e+05-2.887099981308e-08 4.291788370212e-02-6.193295121193e-08
     9.462943000645e-01 1.167500000000e+02-1.173859111441e+00-6.817069672601e-09
     1.178620522847e-10 0.000000000000e+00 1.005000000000e+03 0.000000000000e+00
     2.000000000000e+00 0.000000000000e+00-2.060000000000e-08-2.060000000000e-08
     3.708000000000e+05 1.000000000000e+00                                      
C36 2025 04 10 08 00 00 2.833454636857e-04 3.602451670304e-12 0.000000000000e+00
     1.000000000000e+00 4.234375000000e+01 4.001595253933e-09-1.047637417504e+00
     2.200249582529e-06 6.027886411175e-04 1.161685213447e-05 5.282659612656e+03
     3.744000000000e+05 3.492459654808e-08 4.289307700025e-02-8.381903171539e-08
     9.462945970369e-01 1.152656250000e+02-1.174455638231e+00-6.852428288286e-09
     1.567922453121e-10 0.000000000000e+00 1.005000000000e+03 0.000000000000e+00
     2.000000000000e+00 0.000000000000e+00-2.060000000000e-08-2.060000000000e-08
     3.744000000000e+05 1.000000000000e+00                                      
C36 2025 04 10 09 00 00 2.833593171090e-04 3.679723192818e-12 0.000000000000e+00
     1.000000000000e+00 4.667187500000e+01 4.004095358072e-09-5.585367040156e-01
     2.473127096891e-06 6.042247405276e-04 1.233490183949e-05 5.282662960052e+03
     3.780000000000e+05 8.381903171539e-08 4.286802160231e-02-5.122274160385e-09
     9.462951310020e-01 1.037343750000e+02-1.175998101018e+00-6.867786070856e-09
     2.225092684042e-10 0.000000000000e+00 1.005000000000e+03 0.000000000000e+00
     2.000000000000e+00 0.000000000000e+00-2.060000000000e-08-2.060000000000e-08
     3.780000000000e+05 1.000000000000e+00                                      
C36 2025 04 10 10 00 00 2.833687467501e-04 3.421263272685e-12 0.000000000000e+00
     1.000000000000e+00 4.440625000000e+01 4.000880938465e-09-7.073750778113e-02
     2.296175807714e-06 6.050014635548e-04 1.268507912755e-05 5.282664506912e+03
     3.816000000000e+05 3.725290298462e-08 4.284304520194e-02 3.771856427193e-08
     9.462959897349e-01 9.846875000000e+01-1.176240130574e+00-6.852428288286e-09
     2.660825119761e-10 0.000000000000e+00 1.005000000000e+03 0.000000000000e+00
     2.000000000000e+00 0.000000000000e+00-2.060000000000e-08-2.060000000000e-08
     3.816000000000e+05 1.000000000000e+00                                      
C36 2025 04 10 11 00 00 2.833788748831e-04 3.222311306672e-12 0.000000000000e+00
     1.000000000000e+00 5.603125000000e+01 4.031953661340e-09 4.179125479408e-01
     2.785120159388e-06 6.035651313141e-04 1.272559165955e-05 5.282661434174e+03
     3.852000000000e+05-2.700835466385e-08 4.281808635659e-02-1.629814505577e-08
     9.462971425143e-01 9.753125000000e+01-1.177333351700e+00-6.802426205499e-09
     3.082271246112e-10 0.000000000000e+00 1.005000000000e+03 0.000000000000e+00
     2.000000000000e+00 0.000000000000e+00-2.060000000000e-08-2.060000000000e-08
     3.852000000000e+05 1.000000000000e+00                                      
C36 2025 04 10 12 00 00 2.833917969838e-04 3.353761712788e-12 0.000000000000e+00
     1.000000000000e+00 5.485937500000e+01 3.990880521907e-09 9.049213675729e-01
     2.765096724033e-06 6.037914426997e-04 1.265760511160e-05 5.282662216187e+03
     3.888000000000e+05 7.171183824539e-08 4.279355175749e-02 4.051253199577e-08
     9.462983289409e-01 1.002343750000e+02-1.176784450207e+00-6.780996741447e-09
     2.857261873569e-10 0.000000000000e+00 1.005000000000e+03 0.000000000000e+00
     2.000000000000e+00 0.000000000000e+00-2.060000000000e-08-2.060000000000e-08
     3.888000000000e+05 1.000000000000e+00                                      
C36 2025 04 10 13 00 00 2.834037877619e-04 3.359978961726e-12 0.000000000000e+00
     1.000000000000e+00 5.625000000000e+01 4.030882188137e-09 1.392212555264e+00
     2.805143594742e-06 6.037533748895e-04 1.265108585358e-05 5.282662506104e+03
     3.924000000000e+05 3.073364496231e-08 4.276899814044e-02-7.683411240578e-08
     9.462989228856e-01 1.008906250000e+02-1.176518161081e+00-6.869929017262e-09
     3.178703834345e-10 0.000000000000e+00 1.005000000000e+03 0.000000000000e+00
     2.000000000000e+00 0.000000000000e+00-2.060000000000e-08-2.060000000000e-08
     3.924000000000e+05 1.000000000000e+00                                      
C36 2025 04 10 14 00 00 2.834144979715e-04 3.233857626128e-12 0.000000000000e+00
     1.000000000000e+00 6.023437500000e+01 3.931592338030e-09 1.878805303439e+00
     2.849847078323e-06 6.036860868335e-04 1.257471740246e-05 5.282663618088e+03
     3.960000000000e+05 1.490116119385e-08 4.274468151613e-02 3.445893526077e-08
     9.463003550824e-01 1.032500000000e+02-1.175553950312e+00-6.790282842536e-09
     2.764400862678e-10 0.000000000000e+00 1.005000000000e+03 0.000000000000e+00
     2.000000000000e+00 0.000000000000e+00-2.060000000000e-08-2.060000000000e-08
     3.960000000000e+05 1.000000000000e+00                                      
C36 2025 04 10 15 00 00 2.834270708263e-04 3.366196210663e-12 0.000000000000e+00
     1.000000000000e+00 5.306250000000e+01 3.922306236941e-09 2.368030483460e+00
     2.363696694374e-06 6.047176430002e-04 1.207366585732e-05 5.282660791397e+03
     3.996000000000e+05-1.862645149231e-09 4.272031515260e-02 2.840533852577e-08
     9.463013688847e-01 1.108125000000e+02-1.177222487379e+00-6.783854003320e-09
     2.642967233051e-10 0.000000000000e+00 1.005000000000e+03 0.000000000000e+00
     2.000000000000e+00 0.000000000000e+00-2.060000000000e-08-2.060000000000e-08
     3.996000000000e+05 1.000000000000e+00                                      
C36 2025 04 10 16 00 00 2.834395272657e-04 3.392841563254e-12 0.000000000000e+00
     1.000000000000e+00 5.362500000000e+01 3.900876772890e-09 2.856131169556e+00
     2.427492290735e-06 6.056131096557e-04 1.154281198978e-05 5.282658918381e+03
     4.032000000000e+05-1.396983861923e-09 4.269593708573e-02 1.862645149231e-08
     9.463023153927e-01 1.176562500000e+02-1.177765680565e+00-6.784211161055e-09
     2.567964108870e-10 0.000000000000e+00 1.005000000000e+03 0.000000000000e+00
     2.000000000000e+00 0.000000000000e+00-2.060000000000e-08-2.060000000000e-08
     4.032180000000e+05 1.000000000000e+00                                      
C36 2025 04 10 17 00 00 2.834515180439e-04 3.382183422218e-12 0.000000000000e+00
     1.000000000000e+00 4.978125000000e+01 3.852660478773e-09-2.939284267045e+00
     2.387445420027e-06 6.051009986550e-04 1.153396442533e-05 5.282659942627e+03
     4.068000000000e+05 5.587935447693e-09 4.267156925928e-02 3.306195139885e-08
     9.463032253277e-01 1.164687500000e+02-1.177977676413e+00-6.791711473473e-09
     2.521533603424e-10 0.000000000000e+00 1.005000000000e+03 0.000000000000e+00
     2.000000000000e+00 0.000000000000e+00-2.060000000000e-08-2.060000000000e-08
     4.068180000000e+05 1.000000000000e+00                                      
C36 2025 04 10 18 00 00 2.834636252373e-04 3.375077994860e-12 0.000000000000e+00
     1.000000000000e+00 4.457812500000e+01 3.726583798602e-09-2.450999370305e+00
     2.294778823853e-06 6.044793408364e-04 1.151068136096e-05 5.282661407471e+03
     4.104000000000e+05 6.519258022308e-08 4.264675085407e-02-9.126961231232e-08
     9.463045580461e-01 1.189531250000e+02-1.178705012949e+00-6.688850046024e-09
     2.832260832175e-10 0.000000000000e+00 1.005000000000e+03 0.000000000000e+00
     2.000000000000e+00 0.000000000000e+00-2.060000000000e-08-2.060000000000e-08
     4.104180000000e+05 1.000000000000e+00                                      
C36 2025 04 10 19 00 00 2.834767801687e-04 3.440803197918e-12 0.000000000000e+00
     1.000000000000e+00 4.428125000000e+01 3.776585881389e-09-1.964179686962e+00
     2.291984856129e-06 6.046412745491e-04 1.178821548820e-05 5.282660484314e+03
     4.140000000000e+05-4.842877388000e-08 4.262267268540e-02-3.725290298462e-08
     9.463050451978e-01 1.155468750000e+02-1.177968167445e+00-6.797068839486e-09
     2.703684047864e-10 0.000000000000e+00 1.005000000000e+03 0.000000000000e+00
     2.000000000000e+00 0.000000000000e+00-2.060000000000e-08-2.060000000000e-08
     4.140000000000e+05 1.000000000000e+00                                      
C36 2025 04 10 20 00 00 2.834898186848e-04 3.491429367841e-12 0.000000000000e+00
     1.000000000000e+00 3.807812500000e+01 3.759799467882e-09-1.478429152428e+00
     1.965556293726e-06 6.045831833035e-04 1.204572618008e-05 5.282658346176e+03
     4.176000000000e+05 3.119930624962e-08 4.259844383617e-02 2.421438694000e-08
     9.463062916040e-01 1.105312500000e+02-1.176161782534e+00-6.729923185457e-09
     2.607251459631e-10 0.000000000000e+00 1.005000000000e+03 0.000000000000e+00
     2.000000000000e+00 0.000000000000e+00-2.060000000000e-08-2.060000000000e-08
     4.176000000000e+05 1.000000000000e+00                                      
C36 2025 04 10 21 00 00 2.835016930476e-04 3.412381488488e-12 0.000000000000e+00
     1.000000000000e+00 4.123437500000e+01 3.728369587273e-09-9.902126002951e-01
     2.129934728146e-06 6.049155490473e-04 1.215515658259e-05 5.282659353256e+03
     4.212000000000e+05-3.213062882423e-08 4.257449147846e-02 4.470348358154e-08
     9.463073405163e-01 1.082968750000e+02-1.176820879793e+00-6.695278885240e-09
     2.217949529358e-10 0.000000000000e+00 1.005000000000e+03 0.000000000000e+00
     2.000000000000e+00 0.000000000000e+00-2.060000000000e-08-2.060000000000e-08
     4.212000000000e+05 1.000000000000e+00                                      
C36 2025 04 10 22 00 00 2.835138002411e-04 3.398170633773e-12 0.000000000000e+00
     1.000000000000e+00 4.509375000000e+01 3.665152668320e-09-5.009036491961e-01
     2.318527549505e-06 6.067804060876e-04 1.289509236813e-05 5.282663543701e+03
     4.248000000000e+05-5.960464477539e-08 4.255070004174e-02-2.421438694000e-08
     9.463081553616e-01 9.310937500000e+01-1.178572911447e+00-6.687064257353e-09
     1.682212928064e-10 0.000000000000e+00 1.005000000000e+03 0.000000000000e+00
     2.000000000000e+00 0.000000000000e+00-2.060000000000e-08-2.060000000000e-08
     4.248000000000e+05 1.000000000000e+00                                      
C36 2025 04 10 23 00 00 2.835256746039e-04 3.366196210663e-12 0.000000000000e+00
     1.000000000000e+00 4.171875000000e+01 3.668009930194e-09-1.315942064555e-02
     2.121552824974e-06 6.076832069084e-04 1.320289447904e-05 5.282665311813e+03
     4.284000000000e+05 2.374872565269e-08 4.252701100928e-02-6.565824151039e-08
     9.463086688459e-01 8.734375000000e+01-1.178761744912e+00-6.717065507026e-09
     1.053615315878e-10 0.000000000000e+00 1.005000000000e+03 0.000000000000e+00
     2.000000000000e+00 0.000000000000e+00-2.060000000000e-08-2.060000000000e-08
     4.284000000000e+05 1.000000000000e+00                                      
C37 2025 04 10 00 00 00-9.488506475464e-04-9.091394304050e-12 0.000000000000e+00
     1.000000000000e+00 5.273437500000e+01 3.791943663960e-09 2.111653901352e+00
     2.611894160509e-06 5.375590408221e-04 1.138588413596e-05 5.282643884659e+03
     3.456000000000e+05-6.053596735001e-08 4.294414747040e-02-8.335337042809e-08
     9.463048140567e-01 1.265937500000e+02-3.465227776532e-01-6.709922352342e-09
     1.835790753768e-10 0.000000000000e+00 1.005000000000e+03 0.000000000000e+00
     2.000000000000e+00 0.000000000000e+00-1.610000000000e-08-1.610000000000e-08
     3.456000000000e+05 1.000000000000e+00                                      
C37 2025 04 10 01 00 00-9.488823125139e-04-9.002576462080e-12 0.000000000000e+00
     1.000000000000e+00 4.635937500000e+01 3.849446059165e-09 2.598359074782e+00
     2.200249582529e-06 5.367835983634e-04 1.147203147411e-05 5.282645656586e+03
     3.492000000000e+05 7.729977369308e-08 4.292067933857e-02 1.583248376846e-08
     9.463051476021e-01 1.253437500000e+02-3.456666867707e-01-6.809212202448e-09
     9.321816862518e-11 0.000000000000e+00 1.005000000000e+03 0.000000000000e+00
     2.000000000000e+00 0.000000000000e+00-1.610000000000e-08-1.610000000000e-08
     3.492000000000e+05 1.000000000000e+00                                      
C37 2025 04 10 02 00 00-9.489139774814e-04-8.935963080603e-12 0.000000000000e+00
     1.000000000000e+00 4.226562500000e+01 3.800515449581e-09 3.085725933374e+00
     1.962762326002e-06 5.361309740692e-04 1.130206510425e-05 5.282646938324e+03
     3.528000000000e+05 7.683411240578e-08 4.289595017136e-02-8.009374141693e-08
     9.463058410252e-01 1.279062500000e+02-3.454721318324e-01-6.733851920533e-09
     1.278624688422e-10 0.000000000000e+00 1.005000000000e+03 0.000000000000e+00
     2.000000000000e+00 0.000000000000e+00-1.610000000000e-08-1.610000000000e-08
     3.528000000000e+05 1.000000000000e+00                                      
C37 2025 04 10 03 00 00-9.489456424490e-04-8.892442338038e-12 0.000000000000e+00
     1.000000000000e+00 4.135937500000e+01 3.888733409927e-09-2.710329567923e+00
     1.945532858372e-06 5.365869728848e-04 1.132674515247e-05 5.282645963669e+03
     3.564000000000e+05-9.313225746155e-09 4.287167012000e-02 1.396983861923e-09
     9.463060107237e-01 1.240937500000e+02-3.450410991125e-01-6.794211577612e-09
     1.078616357272e-10 0.000000000000e+00 1.005000000000e+03 0.000000000000e+00
     2.000000000000e+00 0.000000000000e+00-1.610000000000e-08-1.610000000000e-08
     3.564000000000e+05 1.000000000000e+00                                      
C37 2025 04 10 04 00 00-9.489774238318e-04-8.866685163866e-12 0.000000000000e+00
     1.000000000000e+00 3.760937500000e+01 3.953736117551e-09-2.223591771420e+00
     1.887325197458e-06 5.369952414185e-04 1.138309016824e-05 5.282644802094e+03
     3.600000000000e+05 2.188608050346e-08 4.284710041086e-02-3.911554813385e-08
     9.463062828265e-01 1.214843750000e+02-3.442173153128e-01-6.820284092208e-09
     1.282196265764e-10 0.000000000000e+00 1.005000000000e+03 0.000000000000e+00
     2.000000000000e+00 0.000000000000e+00-1.610000000000e-08-1.610000000000e-08
     3.600000000000e+05 1.000000000000e+00                                      
C37 2025 04 10 05 00 00-9.490088559687e-04-8.828493491819e-12 0.000000000000e+00
     1.000000000000e+00 4.453125000000e+01 3.952664644348e-09-1.733887896808e+00
     2.308283001184e-06 5.368337733671e-04 1.165829598904e-05 5.282647071838e+03
     3.636000000000e+05 5.401670932770e-08 4.282242098286e-02-3.399327397346e-08
     9.463066997581e-01 1.167031250000e+02-3.463590844347e-01-6.833498928374e-09
     1.485776174256e-10 0.000000000000e+00 1.005000000000e+03 0.000000000000e+00
     2.000000000000e+00 0.000000000000e+00-1.610000000000e-08-1.610000000000e-08
     3.636000000000e+05 1.000000000000e+00                                      
C37 2025 04 10 06 00 00-9.490399388596e-04-8.777867321896e-12 0.000000000000e+00
     1.000000000000e+00 4.610937500000e+01 3.915877397726e-09-1.242937929057e+00
     2.388842403889e-06 5.373801104724e-04 1.238798722625e-05 5.282650785446e+03
     3.672000000000e+05 5.913898348808e-08 4.279760257765e-02 1.955777406693e-08
     9.463072322603e-01 1.029531250000e+02-3.497476547480e-01-6.834927559310e-09
     1.871506527187e-10 0.000000000000e+00 1.005000000000e+03 0.000000000000e+00
     2.000000000000e+00 0.000000000000e+00-1.610000000000e-08-1.610000000000e-08
     3.672000000000e+05 1.000000000000e+00                                      
C37 2025 04 10 07 00 00-9.490749798715e-04-9.018563673635e-12 0.000000000000e+00
     1.000000000000e+00 4.657812500000e+01 3.923020552410e-09-7.551671353766e-01
     2.360437065363e-06 5.373692838475e-04 1.248810440302e-05 5.282650928497e+03
     3.708000000000e+05 3.119930624962e-08 4.277287633627e-02 3.259629011154e-08
     9.463079490902e-01 1.016406250000e+02-3.499583017851e-01-6.824569985019e-09
     2.078658013021e-10 0.000000000000e+00 1.005000000000e+03 0.000000000000e+00
     2.000000000000e+00 0.000000000000e+00-1.610000000000e-08-1.610000000000e-08
     3.708000000000e+05 1.000000000000e+00                                      
C37 2025 04 10 08 00 00-9.491088567302e-04-9.164224934466e-12 0.000000000000e+00
     1.000000000000e+00 5.750000000000e+01 4.009095566351e-09-2.685267867728e-01
     2.821441739798e-06 5.359296919778e-04 1.258682459593e-05 5.282647964478e+03
     3.744000000000e+05-3.678724169731e-08 4.274852021317e-02 1.089647412300e-07
     9.463085459608e-01 9.931250000000e+01-3.490384657102e-01-6.873143436869e-09
     2.046513816944e-10 0.000000000000e+00 1.005000000000e+03 0.000000000000e+00
     2.000000000000e+00 0.000000000000e+00-1.610000000000e-08-1.610000000000e-08
     3.744000000000e+05 1.000000000000e+00                                      
C37 2025 04 10 09 00 00-9.491409873590e-04-9.070966200397e-12 0.000000000000e+00
     1.000000000000e+00 5.615625000000e+01 3.907305612105e-09 2.190441942413e-01
     2.770684659481e-06 5.361973308027e-04 1.251278445125e-05 5.282648481369e+03
     3.780000000000e+05 1.369044184685e-07 4.272362427330e-02 7.217749953270e-08
     9.463100630068e-01 1.008281250000e+02-3.490481399875e-01-6.712422456481e-09
     2.142946405177e-10 0.000000000000e+00 1.005000000000e+03 0.000000000000e+00
     2.000000000000e+00 0.000000000000e+00-1.610000000000e-08-1.610000000000e-08
     3.780000000000e+05 1.000000000000e+00                                      
C37 2025 04 10 10 00 00-9.491742821410e-04-9.118927835061e-12 0.000000000000e+00
     1.000000000000e+00 6.017187500000e+01 3.951950328880e-09 7.057109221840e-01
     2.949498593807e-06 5.366371478885e-04 1.237355172634e-05 5.282649734497e+03
     3.816000000000e+05 7.450580596924e-09 4.269916574593e-02-4.656612873077e-10
     9.463103424242e-01 1.036406250000e+02-3.481537820939e-01-6.823141354082e-09
     2.275094766829e-10 0.000000000000e+00 1.005000000000e+03 0.000000000000e+00
     2.000000000000e+00 0.000000000000e+00-1.610000000000e-08-1.610000000000e-08
     3.816180000000e+05 1.000000000000e+00                                      
C37 2025 04 10 11 00 00-9.492071112618e-04-9.130474154517e-12 0.000000000000e+00
     1.000000000000e+00 5.778125000000e+01 3.950164540209e-09 1.193924380246e+00
     2.817716449499e-06 5.365901160985e-04 1.230416819453e-05 5.282649074554e+03
     3.852000000000e+05 1.396983861923e-09 4.267468673771e-02 2.048909664154e-08
     9.463112026200e-01 1.051718750000e+02-3.488067936145e-01-6.809569360183e-09
     2.196520065306e-10 0.000000000000e+00 1.005000000000e+03 0.000000000000e+00
     2.000000000000e+00 0.000000000000e+00-1.610000000000e-08-1.610000000000e-08
     3.852180000000e+05 1.000000000000e+00                                      
C37 2025 04 10 12 00 00-9.492398239672e-04-9.116263299802e-12 0.000000000000e+00
     1.000000000000e+00 5.218750000000e+01 3.986594629097e-09 1.684353821263e+00
     2.533663064241e-06 5.367305129766e-04 1.180451363325e-05 5.282646055222e+03
     3.888000000000e+05 4.656612873077e-10 4.265017261945e-02 2.281740307808e-08
     9.463119925958e-01 1.150000000000e+02-3.516753989548e-01-6.809212202448e-09
     2.200091642648e-10 0.000000000000e+00 1.005000000000e+03 0.000000000000e+00
     2.000000000000e+00 0.000000000000e+00-1.610000000000e-08-1.610000000000e-08
     3.888140000000e+05 1.000000000000e+00                                      
C37 2025 04 10 13 00 00-9.492730023339e-04-9.138467760295e-12 0.000000000000e+00
     1.000000000000e+00 5.246875000000e+01 3.979808632147e-09 2.172451446934e+00
     2.573709934950e-06 5.368553102016e-04 1.164572313428e-05 5.282645452499e+03
     3.924000000000e+05-1.629814505577e-08 4.262556780028e-02 3.864988684654e-08
     9.463127972007e-01 1.173593750000e+02-3.522111356475e-01-6.803854836435e-09
     2.357241045694e-10 0.000000000000e+00 1.005000000000e+03 0.000000000000e+00
     2.000000000000e+00 0.000000000000e+00-1.610000000000e-08-1.610000000000e-08
     3.924140000000e+05 1.000000000000e+00                                      
C37 2025 04 10 14 00 00-9.493057150394e-04-9.131362332937e-12 0.000000000000e+00
     1.000000000000e+00 4.529687500000e+01 3.964808007311e-09 2.659163232754e+00
     2.256128937006e-06 5.359858041629e-04 1.167692244053e-05 5.282647369385e+03
     3.960000000000e+05 4.656612873077e-09 4.260128189725e-02 9.266659617424e-08
     9.463135491406e-01 1.166406250000e+02-3.513611465964e-01-6.837784821184e-09
     2.157232714544e-10 0.000000000000e+00 1.005000000000e+03 0.000000000000e+00
     2.000000000000e+00 0.000000000000e+00-1.610000000000e-08-1.610000000000e-08
     3.960140000000e+05 1.000000000000e+00                                      
C37 2025 04 10 15 00 00-9.493387769908e-04-9.150902258170e-12 0.000000000000e+00
     1.000000000000e+00 4.228125000000e+01 3.870161207749e-09-3.136570274422e+00
     2.169050276279e-06 5.354949971661e-04 1.162616536021e-05 5.282648315430e+03
     3.996000000000e+05-5.587935447693e-09 4.257640058655e-02-5.355104804039e-08
     9.463148335827e-01 1.188593750000e+02-3.512515637918e-01-6.733851920533e-09
     2.671539851787e-10 0.000000000000e+00 1.005000000000e+03 0.000000000000e+00
     2.000000000000e+00 0.000000000000e+00-1.610000000000e-08-1.610000000000e-08
     3.996000000000e+05 1.000000000000e+00                                      
C37 2025 04 10 16 00 00-9.493716061115e-04-9.153566793429e-12 0.000000000000e+00
     1.000000000000e+00 4.081250000000e+01 3.863018053065e-09-2.649551727847e+00
     2.095941454172e-06 5.359910428524e-04 1.185107976198e-05 5.282647203445e+03
     4.032000000000e+05-1.490116119385e-08 4.255218636651e-02 4.796311259270e-08
     9.463159351600e-01 1.149062500000e+02-3.507094502392e-01-6.707065090468e-09
     2.410814705824e-10 0.000000000000e+00 1.005000000000e+03 0.000000000000e+00
     2.000000000000e+00 0.000000000000e+00-1.610000000000e-08-1.610000000000e-08
     4.032000000000e+05 1.000000000000e+00                                      
C37 2025 04 10 17 00 00-9.494039695710e-04-9.099387909828e-12 0.000000000000e+00
     1.000000000000e+00 3.718750000000e+01 3.889447725395e-09-2.162816583615e+00
     1.859851181507e-06 5.363579839468e-04 1.196982339025e-05 5.282646080017e+03
     4.068000000000e+05-2.793967723846e-09 4.252783902091e-02-1.257285475731e-08
     9.463166285831e-01 1.128281250000e+02-3.498834047682e-01-6.750995491774e-09
     2.646538810393e-10 0.000000000000e+00 1.005000000000e+03 0.000000000000e+00
     2.000000000000e+00 0.000000000000e+00-1.610000000000e-08-1.610000000000e-08
     4.068000000000e+05 1.000000000000e+00                                      
C37 2025 04 10 18 00 00-9.494361001998e-04-9.034550885190e-12 0.000000000000e+00
     1.000000000000e+00 4.403125000000e+01 3.838731327140e-09-1.672967139877e+00
     2.132728695869e-06 5.362624069676e-04 1.221057027578e-05 5.282648471832e+03
     4.104000000000e+05 1.396983861923e-09 4.250351800784e-02-1.117587089539e-08
     9.463175736282e-01 1.068906250000e+02-3.521713954779e-01-6.752781280445e-09
     2.675111429129e-10 0.000000000000e+00 1.005000000000e+03 0.000000000000e+00
     2.000000000000e+00 0.000000000000e+00-1.610000000000e-08-1.610000000000e-08
     4.104000000000e+05 1.000000000000e+00                                      
C37 2025 04 10 19 00 00-9.494691621512e-04-9.078071627755e-12 0.000000000000e+00
     1.000000000000e+00 4.415625000000e+01 3.755870732806e-09-1.181928394942e+00
     2.139713615179e-06 5.369455320761e-04 1.280009746552e-05 5.282652345657e+03
     4.140000000000e+05 2.793967723846e-09 4.247923503065e-02-1.629814505577e-08
     9.463185376912e-01 9.225000000000e+01-3.556497011862e-01-6.752781280445e-09
     2.632252501025e-10 0.000000000000e+00 1.005000000000e+03 0.000000000000e+00
     2.000000000000e+00 0.000000000000e+00-1.610000000000e-08-1.610000000000e-08
     4.140000000000e+05 1.000000000000e+00                                      
C37 2025 04 10 20 00 00-9.495025733486e-04-9.138467760295e-12 0.000000000000e+00
     1.000000000000e+00 4.614062500000e+01 3.746941789451e-09-6.944634915805e-01
     2.308748662472e-06 5.367281846702e-04 1.277215778828e-05 5.282651952744e+03
     4.176000000000e+05 3.213062882423e-08 4.245504275437e-02-1.862645149231e-08
     9.463194417746e-01 9.167187500000e+01-3.555556311649e-01-6.765281801142e-09
     2.446530479243e-10 0.000000000000e+00 1.005000000000e+03 0.000000000000e+00
     2.000000000000e+00 0.000000000000e+00-1.610000000000e-08-1.610000000000e-08
     4.176000000000e+05 1.000000000000e+00                                      
C37 2025 04 10 21 00 00-9.495352860540e-04-9.135803225035e-12 0.000000000000e+00
     1.000000000000e+00 5.706250000000e+01 3.838017011671e-09-2.077371819103e-01
     2.875924110413e-06 5.352366715670e-04 1.295143738389e-05 5.282648914337e+03
     4.212000000000e+05-3.352761268616e-08 4.243110502584e-02 1.196749508381e-07
     9.463199362409e-01 8.856250000000e+01-3.547227509407e-01-6.867428913122e-09
     2.150089559860e-10 0.000000000000e+00 1.005000000000e+03 0.000000000000e+00
     2.000000000000e+00 0.000000000000e+00-1.610000000000e-08-1.610000000000e-08
     4.212000000000e+05 1.000000000000e+00                                      
C37 2025 04 10 22 00 00-9.495678823441e-04-9.092282482470e-12 0.000000000000e+00
     1.000000000000e+00 5.612500000000e+01 3.704440019082e-09 2.798556916729e-01
     2.862419933081e-06 5.353760207072e-04 1.300545409322e-05 5.282649168015e+03
     4.248000000000e+05 1.564621925354e-07 4.240628223187e-02 6.705522537231e-08
     9.463216068934e-01 8.940625000000e+01-3.547552247962e-01-6.684921310948e-09
     2.289381076197e-10 0.000000000000e+00 1.005000000000e+03 0.000000000000e+00
     2.000000000000e+00 0.000000000000e+00-1.610000000000e-08-1.610000000000e-08
     4.248000000000e+05 1.000000000000e+00                                      
C37 2025 04 10 23 00 00-9.496003622189e-04-9.071854378817e-12 0.000000000000e+00
     1.000000000000e+00 6.223437500000e+01 3.668009930194e-09 7.660124844090e-01
     3.063119947910e-06 5.360910436139e-04 1.286156475544e-05 5.282651178360e+03
     4.284000000000e+05 5.075708031654e-08 4.238209727018e-02 6.658956408501e-08
     9.463222798357e-01 9.412500000000e+01-3.533520113296e-01-6.723851503975e-09
     2.167947446570e-10 0.000000000000e+00 1.005000000000e+03 0.000000000000e+00
     2.000000000000e+00 0.000000000000e+00-1.610000000000e-08-1.610000000000e-08
     4.284000000000e+05 1.000000000000e+00                                      
C38 2025 04 10 00 00 00 2.187706995755e-04 2.109423746788e-12 0.000000000000e+00
     1.000000000000e+00 3.650156250000e+02 9.757549298237e-10 8.863792261669e-01
     1.218961551785e-05 2.033472526819e-03 1.202663406730e-05 6.493578697205e+03
     3.456000000000e+05 9.033828973770e-08-2.660351391411e+00 2.584420144558e-07
     1.014013017872e+00-1.157031250000e+02-2.362954385941e+00-2.049013921083e-09
     7.932473276495e-10 0.000000000000e+00 1.005000000000e+03 0.000000000000e+00
     2.000000000000e+00 0.000000000000e+00 3.000000000000e-09 3.000000000000e-09
     3.456000000000e+05 1.000000000000e+00                                      
C38 2025 04 10 01 00 00 2.187805948779e-04 2.220446049250e-12 0.000000000000e+00
     1.000000000000e+00 3.416562500000e+02 9.143237995420e-10 1.147638592874e+00
     1.146830618382e-05 2.034265780821e-03 1.254165545106e-05 6.493585067749e+03
     3.492000000000e+05-5.960464477539e-08-2.660359455015e+00 2.733431756496e-07
     1.014015990522e+00-1.323906250000e+02-2.361715661520e+00-2.015083936334e-09
     8.471781455131e-10 0.000000000000e+00 1.005000000000e+03 0.000000000000e+00
     2.000000000000e+00 0.000000000000e+00 3.000000000000e-09 3.000000000000e-09
     3.492000000000e+05 1.000000000000e+00                                      
C38 2025 04 10 02 00 00 2.187890931964e-04 2.249755937100e-12 0.000000000000e+00
     1.000000000000e+00 3.307968750000e+02 8.639645590203e-10 1.409643243196e+00
     1.118937507272e-05 2.034331322648e-03 1.258123666048e-05 6.493587480545e+03
     3.528000000000e+05-1.806765794754e-07-2.660367384031e+00 1.788139343262e-07
     1.014019324512e+00-1.339062500000e+02-2.361223491990e+00-1.965439011281e-09
     8.928943354902e-10 0.000000000000e+00 1.005000000000e+03 0.000000000000e+00
     2.000000000000e+00 0.000000000000e+00 3.000000000000e-09 3.000000000000e-09
     3.528000000000e+05 1.000000000000e+00                                      
C38 2025 04 10 03 00 00 2.187973586842e-04 2.263078613396e-12 0.000000000000e+00
     1.000000000000e+00 3.403906250000e+02 8.336061516137e-10 1.672619540300e+00
     1.157913357019e-05 2.034587552771e-03 1.278473064303e-05 6.493585041046e+03
     3.564000000000e+05-2.100132405758e-07-2.660375055574e+00 2.281740307808e-08
     1.014023011066e+00-1.391718750000e+02-2.361703806032e+00-1.902579250063e-09
     9.286101089098e-10 0.000000000000e+00 1.005000000000e+03 0.000000000000e+00
     2.000000000000e+00 0.000000000000e+00 3.000000000000e-09 3.000000000000e-09
     3.564000000000e+05 1.000000000000e+00                                      
C38 2025 04 10 04 00 00 2.188056241721e-04 2.273736754432e-12 0.000000000000e+00
     1.000000000000e+00 3.566718750000e+02 8.553927733996e-10 1.936284595328e+00
     1.216866075993e-05 2.035879879259e-03 1.366157084703e-05 6.493578516006e+03
     3.600000000000e+05-2.169981598854e-07-2.660381934215e+00 9.313225746155e-10
     1.014026394795e+00-1.636875000000e+02-2.362873249578e+00-1.897936199518e-09
     9.325388439860e-10 0.000000000000e+00 1.005000000000e+03 0.000000000000e+00
     2.000000000000e+00 0.000000000000e+00 3.000000000000e-09 3.000000000000e-09
     3.600000000000e+05 1.000000000000e+00                                      
C38 2025 04 10 05 00 00 2.188134239987e-04 2.249755937100e-12 0.000000000000e+00
     1.000000000000e+00 3.595781250000e+02 8.671789786281e-10 2.200017551699e+00
     1.227436587214e-05 2.038242178969e-03 1.499056816101e-05 6.493570201874e+03
     3.636000000000e+05-1.355074346066e-07-2.660388853817e+00-1.862645149231e-08
     1.014030129625e+00-2.011093750000e+02-2.364109782547e+00-1.857934533288e-09
     9.350389481253e-10 0.000000000000e+00 1.005000000000e+03 0.000000000000e+00
     2.000000000000e+00 0.000000000000e+00 3.000000000000e-09 3.000000000000e-09
     3.636000000000e+05 1.000000000000e+00                                      
C38 2025 04 10 06 00 00 2.188213402405e-04 2.234656903966e-12 0.000000000000e+00
     1.000000000000e+00 3.465781250000e+02 8.896799158824e-10 2.463259419636e+00
     1.179846003652e-05 2.040656749159e-03 1.601548865438e-05 6.493563343048e+03
     3.672000000000e+05-1.215375959873e-07-2.660395539353e+00-3.259629011154e-08
     1.014033508966e+00-2.292500000000e+02-2.364854096248e+00-1.856148744617e-09
     9.375390522647e-10 0.000000000000e+00 1.005000000000e+03 0.000000000000e+00
     2.000000000000e+00 0.000000000000e+00 3.000000000000e-09 3.000000000000e-09
     3.672000000000e+05 1.000000000000e+00                                      
C38 2025 04 10 07 00 00 2.188287908211e-04 2.184918912462e-12 0.000000000000e+00
     1.000000000000e+00 3.367656250000e+02 9.014661211109e-10 2.725933240873e+00
     1.134909689426e-05 2.041742322035e-03 1.634657382965e-05 6.493560594559e+03
     3.708000000000e+05-1.275911927223e-07-2.660402381421e+00-1.089647412300e-07
     1.014036581094e+00-2.367656250000e+02-2.365029067102e+00-1.887935782960e-09
     9.521825193668e-10 0.000000000000e+00 1.005000000000e+03 0.000000000000e+00
     2.000000000000e+00 0.000000000000e+00 3.000000000000e-09 3.000000000000e-09
     3.708000000000e+05 1.000000000000e+00                                      
C38 2025 04 10 08 00 00 2.188362414017e-04 2.143174526736e-12 0.000000000000e+00
     1.000000000000e+00 3.477500000000e+02 8.753936065146e-10 2.988430454249e+00
     1.152185723186e-05 2.040749765001e-03 1.634936779737e-05 6.493562973022e+03
     3.744000000000e+05-8.381903171539e-08-2.660409393187e+00-1.629814505577e-07
     1.014039793662e+00-2.364843750000e+02-2.365026684009e+00-1.911865351152e-09
     9.711118792792e-10 0.000000000000e+00 1.005000000000e+03 0.000000000000e+00
     2.000000000000e+00 0.000000000000e+00 3.000000000000e-09 3.000000000000e-09
     3.744000000000e+05 1.000000000000e+00                                      
C38 2025 04 10 09 00 00 2.188439248130e-04 2.138733634638e-12 0.000000000000e+00
     1.000000000000e+00 3.730625000000e+02 8.257486814613e-10-3.031963165847e+00
     1.219287514687e-05 2.038253704086e-03 1.667486503720e-05 6.493569128036e+03
     3.780000000000e+05-1.862645149231e-08-2.660416517598e+00-1.708976924419e-07
     1.014043143744e+00-2.487343750000e+02-2.365318919450e+00-1.928651764659e-09
     9.936128165335e-10 0.000000000000e+00 1.005000000000e+03 0.000000000000e+00
     2.000000000000e+00 0.000000000000e+00 3.000000000000e-09 3.000000000000e-09
     3.780000000000e+05 1.000000000000e+00                                      
C38 2025 04 10 10 00 00 2.188513753936e-04 2.120081887824e-12 0.000000000000e+00
     1.000000000000e+00 3.907187500000e+02 7.746751254713e-10-2.768815774622e+00
     1.270370557904e-05 2.035769983195e-03 1.740455627441e-05 6.493575889587e+03
     3.816000000000e+05 1.071020960808e-08-2.660423605436e+00-1.490116119385e-07
     1.014046669377e+00-2.738906250000e+02-2.365967839189e+00-1.934009130672e-09
     1.007541968167e-09 0.000000000000e+00 1.005000000000e+03 0.000000000000e+00
     2.000000000000e+00 0.000000000000e+00 3.000000000000e-09 3.000000000000e-09
     3.816000000000e+05 1.000000000000e+00                                      
C38 2025 04 10 11 00 00 2.188585931435e-04 2.098765605751e-12 0.000000000000e+00
     1.000000000000e+00 3.927812500000e+02 7.486026108750e-10-2.505774351331e+00
     1.276377588511e-05 2.034554490820e-03 1.796148717403e-05 6.493579839706e+03
     3.852000000000e+05 1.117587089539e-08-2.660430527964e+00-1.587904989719e-07
     1.014050304728e+00-2.917187500000e+02-2.366512117860e+00-1.934009130672e-09
     1.003613233091e-09 0.000000000000e+00 1.005000000000e+03 0.000000000000e+00
     2.000000000000e+00 0.000000000000e+00 3.000000000000e-09 3.000000000000e-09
     3.852000000000e+05 1.000000000000e+00                                      
C38 2025 04 10 12 00 00 2.188660437241e-04 2.088995643135e-12 0.000000000000e+00
     1.000000000000e+00 3.943750000000e+02 7.625317625086e-10-2.243383455526e+00
     1.278799027205e-05 2.034658449702e-03 1.794146373868e-05 6.493579271317e+03
     3.888000000000e+05 4.516914486885e-08-2.660437257388e+00-1.993030309677e-07
     1.014053922525e+00-2.895625000000e+02-2.366406856516e+00-1.939723654419e-09
     9.828980845076e-10 0.000000000000e+00 1.005000000000e+03 0.000000000000e+00
     2.000000000000e+00 0.000000000000e+00 3.000000000000e-09 3.000000000000e-09
     3.888000000000e+05 1.000000000000e+00                                      
C38 2025 04 10 13 00 00 2.188733778894e-04 2.072120253160e-12 0.000000000000e+00
     1.000000000000e+00 4.084843750000e+02 8.078907947515e-10-1.981623163725e+00
     1.316284760833e-05 2.035103621893e-03 1.768535003066e-05 6.493575510025e+03
     3.924000000000e+05 1.271255314350e-07-2.660443868314e+00-2.100132405758e-07
     1.014057396955e+00-2.798750000000e+02-2.365671133070e+00-1.957938698863e-09
     9.532539925693e-10 0.000000000000e+00 1.005000000000e+03 0.000000000000e+00
     2.000000000000e+00 0.000000000000e+00 3.000000000000e-09 3.000000000000e-09
     3.924000000000e+05 1.000000000000e+00                                      
C38 2025 04 10 14 00 00 2.188808284700e-04 2.073008431580e-12 0.000000000000e+00
     1.000000000000e+00 4.228281250000e+02 8.546784579312e-10-1.719774444377e+00
     1.352606341243e-05 2.035159850493e-03 1.764623448253e-05 6.493572336197e+03
     3.960000000000e+05 1.941807568073e-07-2.660450549461e+00-1.601874828339e-07
     1.014060672429e+00-2.783281250000e+02-2.365023151062e+00-1.984725528928e-09
     9.282529511756e-10 0.000000000000e+00 1.005000000000e+03 0.000000000000e+00
     2.000000000000e+00 0.000000000000e+00 3.000000000000e-09 3.000000000000e-09
     3.960000000000e+05 1.000000000000e+00                                      
C38 2025 04 10 15 00 00 2.188886282966e-04 2.093436535233e-12 0.000000000000e+00
     1.000000000000e+00 4.206718750000e+02 8.686076095649e-10-1.457161309372e+00
     1.337565481663e-05 2.035239478573e-03 1.755962148309e-05 6.493572935104e+03
     3.996000000000e+05 1.951120793819e-07-2.660457590486e+00-1.327134668827e-07
     1.014063931810e+00-2.767343750000e+02-2.365138632352e+00-1.996154576422e-09
     9.225384274285e-10 0.000000000000e+00 1.005000000000e+03 0.000000000000e+00
     2.000000000000e+00 0.000000000000e+00 3.000000000000e-09 3.000000000000e-09
     3.996000000000e+05 1.000000000000e+00                                      
C38 2025 04 10 16 00 00 2.188961952925e-04 2.097877427332e-12 0.000000000000e+00
     1.000000000000e+00 4.096562500000e+02 8.753936065146e-10-1.193876301443e+00
     1.297704875469e-05 2.036114106886e-03 1.696823164821e-05 6.493577341080e+03
     4.032000000000e+05 1.285225152969e-07-2.660464527644e+00-6.752088665962e-08
     1.014066876664e+00-2.603281250000e+02-2.365925853440e+00-2.039013504525e-09
     9.132523263394e-10 0.000000000000e+00 1.005000000000e+03 0.000000000000e+00
     2.000000000000e+00 0.000000000000e+00 3.000000000000e-09 3.000000000000e-09
     4.032000000000e+05 1.000000000000e+00                                      
C38 2025 04 10 17 00 00 2.189037622884e-04 2.099653784171e-12 0.000000000000e+00
     1.000000000000e+00 4.077031250000e+02 8.453923568421e-10-9.306389114976e-01
     1.290906220675e-05 2.037525642663e-03 1.615658402443e-05 6.493582332611e+03
     4.068000000000e+05 1.788139343262e-07-2.660471919769e+00-7.124617695808e-08
     1.014070396445e+00-2.380781250000e+02-2.366665803256e+00-2.014369620866e-09
     9.136094840736e-10 0.000000000000e+00 1.005000000000e+03 0.000000000000e+00
     2.000000000000e+00 0.000000000000e+00 3.000000000000e-09 3.000000000000e-09
     4.068000000000e+05 1.000000000000e+00                                      
C38 2025 04 10 18 00 00 2.189115621150e-04 2.110311925207e-12 0.000000000000e+00
     1.000000000000e+00 4.109375000000e+02 8.293202588033e-10-6.679261561597e-01
     1.308182254434e-05 2.038195962086e-03 1.576635986567e-05 6.493584280014e+03
     4.104000000000e+05 2.621673047543e-07-2.660479107085e+00-1.862645149231e-08
     1.014074126886e+00-2.301093750000e+02-2.366882126415e+00-1.968296273155e-09
     9.061091716555e-10 0.000000000000e+00 1.005000000000e+03 0.000000000000e+00
     2.000000000000e+00 0.000000000000e+00 3.000000000000e-09 3.000000000000e-09
     4.104000000000e+05 1.000000000000e+00                                      
C38 2025 04 10 19 00 00 2.189192455262e-04 2.118305530985e-12 0.000000000000e+00
     1.000000000000e+00 4.008125000000e+02 8.528926692602e-10-4.055680970134e-01
     1.290673390031e-05 2.037151833065e-03 1.586740836501e-05 6.493581678391e+03
     4.140000000000e+05 2.682209014893e-07-2.660486034002e+00 5.587935447693e-08
     1.014077684703e+00-2.362968750000e+02-2.366744397067e+00-1.936866392545e-09
     8.914657045534e-10 0.000000000000e+00 1.005000000000e+03 0.000000000000e+00
     2.000000000000e+00 0.000000000000e+00 3.000000000000e-09 3.000000000000e-09
     4.140000000000e+05 1.000000000000e+00                                      
C38 2025 04 10 20 00 00 2.189266961068e-04 2.110311925207e-12 0.000000000000e+00
     1.000000000000e+00 3.761718750000e+02 8.882512849457e-10-1.430930848813e-01
     1.228554174304e-05 2.034885692410e-03 1.590419560671e-05 6.493576208115e+03
     4.176000000000e+05 1.965090632439e-07-2.660492650781e+00 1.438893377781e-07
     1.014081248372e+00-2.377500000000e+02-2.366723489042e+00-1.897221884050e-09
     8.600358239442e-10 0.000000000000e+00 1.005000000000e+03 0.000000000000e+00
     2.000000000000e+00 0.000000000000e+00 3.000000000000e-09 3.000000000000e-09
     4.176000000000e+05 1.000000000000e+00                                      
C38 2025 04 10 21 00 00 2.189343795180e-04 2.112976460467e-12 0.000000000000e+00
     1.000000000000e+00 3.562500000000e+02 9.250385315679e-10 1.196364998661e-01
     1.177424564958e-05 2.032909193076e-03 1.565832644701e-05 6.493571300507e+03
     4.212000000000e+05 1.066364347935e-07-2.660499141748e+00 1.545995473862e-07
     1.014084545789e+00-2.281562500000e+02-2.366956283196e+00-1.874006631327e-09
     8.289631010691e-10 0.000000000000e+00 1.005000000000e+03 0.000000000000e+00
     2.000000000000e+00 0.000000000000e+00 3.000000000000e-09 3.000000000000e-09
     4.212000000000e+05 1.000000000000e+00                                      
C38 2025 04 10 22 00 00 2.189418300986e-04 2.106759211529e-12 0.000000000000e+00
     1.000000000000e+00 3.526250000000e+02 9.432535760119e-10 3.822473819778e-01
     1.171650364995e-05 2.032439922914e-03 1.559732481837e-05 6.493570041656e+03
     4.248000000000e+05 7.357448339462e-08-2.660505721954e+00 1.299194991589e-07
     1.014087585733e+00-2.236875000000e+02-2.367069286303e+00-1.867934949846e-09
     8.128910030303e-10 0.000000000000e+00 1.005000000000e+03 0.000000000000e+00
     2.000000000000e+00 0.000000000000e+00 3.000000000000e-09 3.000000000000e-09
     4.248000000000e+05 1.000000000000e+00                                      
C38 2025 04 10 23 00 00 2.189490478486e-04 2.085442929456e-12 0.000000000000e+00
     1.000000000000e+00 3.528750000000e+02 9.278957934414e-10 6.442262864050e-01
     1.173140481114e-05 2.033491502516e-03 1.616496592760e-05 6.493573650360e+03
     4.284000000000e+05 7.171183824539e-08-2.660512515745e+00 1.471489667892e-07
     1.014090496940e+00-2.398437500000e+02-2.366549631468e+00-1.867577792111e-09
     8.196769999800e-10 0.000000000000e+00 1.005000000000e+03 0.000000000000e+00
     2.000000000000e+00 0.000000000000e+00 3.000000000000e-09 3.000000000000e-09
     4.284000000000e+05 1.000000000000e+00                                      
C39 2025 04 10 00 00 00-1.112860627472e-05-1.083577672034e-13 0.000000000000e+00
     1.000000000000e+00-2.362187500000e+02 6.714565402886e-10-9.182080416105e-01
    -8.207745850086e-06 3.492620075122e-03 2.366025000811e-05 6.493016794205e+03
     3.456000000000e+05 3.445893526077e-08-5.556391138794e-01-3.492459654808e-08
     9.639349767209e-01-4.767968750000e+02-2.682009817503e+00-1.762930575992e-09
    -5.043067206849e-10 0.000000000000e+00 1.005000000000e+03 0.000000000000e+00
     2.000000000000e+00 0.000000000000e+00 6.600000000000e-09 6.600000000000e-09
     3.456000000000e+05 1.000000000000e+00                                      
C39 2025 04 10 01 00 00-1.112883910537e-05-1.003641614261e-13 0.000000000000e+00
     1.000000000000e+00-2.416093750000e+02 6.453840256923e-10-6.552407282864e-01
    -8.394010365009e-06 3.494903794490e-03 2.262694761157e-05 6.493023288727e+03
     3.492000000000e+05 4.097819328308e-08-5.556454746472e-01-5.308538675308e-08
     9.639332080530e-01-4.483593750000e+02-2.682412400855e+00-1.757930367713e-09
    -5.018066165455e-10 0.000000000000e+00 1.005000000000e+03 0.000000000000e+00
     2.000000000000e+00 0.000000000000e+00 6.600000000000e-09 6.600000000000e-09
     3.492000000000e+05 1.000000000000e+00                                      
C39 2025 04 10 02 00 00-1.112942118198e-05-1.101341240428e-13 0.000000000000e+00
     1.000000000000e+00-2.428437500000e+02 6.610989659970e-10-3.926733753022e-01
    -8.365605026484e-06 3.494800534099e-03 2.248957753181e-05 6.493023061752e+03
     3.528000000000e+05 7.171183824539e-08-5.556517827499e-01-4.190951585770e-08
     9.639315505668e-01-4.490937500000e+02-2.682416378529e+00-1.741858269674e-09
    -5.032352474823e-10 0.000000000000e+00 1.005000000000e+03 0.000000000000e+00
     2.000000000000e+00 0.000000000000e+00 6.600000000000e-09 6.600000000000e-09
     3.528000000000e+05 1.000000000000e+00                                      
C39 2025 04 10 03 00 00-1.112848985940e-05-3.641531520771e-14 0.000000000000e+00
     1.000000000000e+00-2.662812500000e+02 7.278874622916e-10-1.301096093932e-01
    -8.945353329182e-06 3.492086776532e-03 2.292916178703e-05 6.493016496658e+03
     3.564000000000e+05 7.497146725655e-08-5.556580323360e-01-3.166496753693e-08
     9.639297833617e-01-4.669375000000e+02-2.682417096822e+00-1.736858061396e-09
    -5.050210361533e-10 0.000000000000e+00 1.005000000000e+03 0.000000000000e+00
     2.000000000000e+00 0.000000000000e+00 6.600000000000e-09 6.600000000000e-09
     3.564000000000e+05 1.000000000000e+00                                      
C39 2025 04 10 04 00 00-1.112802419811e-05 4.440892098501e-15 0.000000000000e+00
     1.000000000000e+00-3.085625000000e+02 8.114623720935e-10 1.327396142577e-01
    -1.006433740258e-05 3.488278947771e-03 2.308795228601e-05 6.493006977081e+03
     3.600000000000e+05 5.960464477539e-08-5.556641853694e-01-4.190951585770e-09
     9.639280658959e-01-4.729062500000e+02-2.682702449234e+00-1.725071856167e-09
    -5.132356640398e-10 0.000000000000e+00 1.005000000000e+03 0.000000000000e+00
     2.000000000000e+00 0.000000000000e+00 6.600000000000e-09 6.600000000000e-09
     3.600000000000e+05 1.000000000000e+00                                      
C39 2025 04 10 05 00 00-1.112802419811e-05 9.769962616701e-15 0.000000000000e+00
     1.000000000000e+00-3.391718750000e+02 8.811081302617e-10 3.957284822168e-01
    -1.083780080080e-05 3.485643072054e-03 2.278992906213e-05 6.492999673843e+03
     3.636000000000e+05 2.747401595116e-08-5.556702681828e-01 4.656612873077e-09
     9.639262957650e-01-4.610468750000e+02-2.683125814800e+00-1.715428597344e-09
    -5.243075537999e-10 0.000000000000e+00 1.005000000000e+03 0.000000000000e+00
     2.000000000000e+00 0.000000000000e+00 6.600000000000e-09 6.600000000000e-09
     3.636000000000e+05 1.000000000000e+00                                      
C39 2025 04 10 06 00 00-1.112802419811e-05 1.332267629550e-14 0.000000000000e+00
     1.000000000000e+00-3.405000000000e+02 9.018232788451e-10 6.582967875607e-01
    -1.077540218830e-05 3.485566237941e-03 2.291845157743e-05 6.492999544144e+03
     3.672000000000e+05 8.847564458847e-09-5.556763495332e-01-9.778887033463e-09
     9.639244437108e-01-4.611562500000e+02-2.683126933932e+00-1.711857020002e-09
    -5.335936548889e-10 0.000000000000e+00 1.005000000000e+03 0.000000000000e+00
     2.000000000000e+00 0.000000000000e+00 6.600000000000e-09 6.600000000000e-09
     3.672000000000e+05 1.000000000000e+00                                      
C39 2025 04 10 07 00 00-1.112837344408e-05-1.243449787580e-14 0.000000000000e+00
     2.000000000000e+00-3.363906250000e+02 8.536069847286e-10 9.199173428898e-01
    -1.062545925379e-05 3.487416659482e-03 2.428097650409e-05 6.493008697510e+03
     3.708000000000e+05 6.984919309616e-09-5.556824659937e-01-2.142041921616e-08
     9.639225331397e-01-5.019531250000e+02-2.682179536481e+00-1.711499862268e-09
    -5.378795476993e-10 0.000000000000e+00 1.005000000000e+03 0.000000000000e+00
     2.000000000000e+00 0.000000000000e+00 6.600000000000e-09 6.600000000000e-09
     3.708000000000e+05 1.000000000000e+00                                      
C39 2025 04 10 08 00 00-1.113023608923e-05-1.154631945610e-13 0.000000000000e+00
     1.000000000000e+00-3.645156250000e+02 7.489597686092e-10 1.180677461007e+00
    -1.149438321590e-05 3.489080234431e-03 2.631172537804e-05 6.493024427414e+03
     3.744000000000e+05 5.587935447693e-09-5.556885956205e-01-3.399327397346e-08
     9.639205889216e-01-5.669375000000e+02-2.680372537144e+00-1.711142704533e-09
    -5.418082827755e-10 0.000000000000e+00 1.005000000000e+03 0.000000000000e+00
     2.000000000000e+00 0.000000000000e+00 6.600000000000e-09 6.600000000000e-09
     3.744000000000e+05 1.000000000000e+00                                      
C39 2025 04 10 09 00 00-1.113070175052e-05-1.154631945610e-13 0.000000000000e+00
     2.000000000000e+00-4.177343750000e+02 6.425267638188e-10 1.441478815859e+00
    -1.309299841523e-05 3.489111782983e-03 2.753874287009e-05 6.493039249420e+03
     3.780000000000e+05 2.700835466385e-08-5.556946579530e-01-5.168840289116e-08
     9.639186154451e-01-6.076250000000e+02-2.678609217614e+00-1.714714281875e-09
    -5.514515415988e-10 0.000000000000e+00 1.005000000000e+03 0.000000000000e+00
     2.000000000000e+00 0.000000000000e+00 6.600000000000e-09 6.600000000000e-09
     3.780000000000e+05 2.000000000000e+00                                      
C39 2025 04 10 10 00 00-1.113093458116e-05-1.030286966852e-13 0.000000000000e+00
     1.000000000000e+00-4.409531250000e+02 6.050252017282e-10 1.703437382799e+00
    -1.373561099172e-05 3.488625865430e-03 2.765934914351e-05 6.493044441223e+03
     3.816000000000e+05 6.658956408501e-08-5.557006222700e-01-2.887099981308e-08
     9.639165483419e-01-6.120000000000e+02-2.678006078434e+00-1.729000591243e-09
    -5.657378509666e-10 0.000000000000e+00 1.005000000000e+03 0.000000000000e+00
     2.000000000000e+00 0.000000000000e+00 6.600000000000e-09 6.600000000000e-09
     3.816000000000e+05 1.000000000000e+00                                      
C39 2025 04 10 11 00 00-1.113209873438e-05-1.607602939657e-13 0.000000000000e+00
     1.000000000000e+00-4.071250000000e+02 6.668134897441e-10 1.966839248624e+00
    -1.265201717615e-05 3.490403410979e-03 2.816598862410e-05 6.493036193848e+03
     3.852000000000e+05 5.587935447693e-08-5.557066699734e-01 1.396983861923e-08
     9.639143846860e-01-6.282500000000e+02-2.678847923420e+00-1.747215635687e-09
    -5.728810056505e-10 0.000000000000e+00 1.005000000000e+03 0.000000000000e+00
     2.000000000000e+00 0.000000000000e+00 6.600000000000e-09 6.600000000000e-09
     3.852000000000e+05 1.000000000000e+00                                      
C39 2025 04 10 12 00 00-1.113279722631e-05-1.669775429036e-13 0.000000000000e+00
     1.000000000000e+00-3.638125000000e+02 7.807468069526e-10 2.230740837024e+00
    -1.131650060415e-05 3.495101933368e-03 2.994807437062e-05 6.493020275116e+03
     3.888000000000e+05 2.561137080193e-08-5.557129166336e-01 8.381903171539e-09
     9.639122619919e-01-6.863750000000e+02-2.680188641026e+00-1.754715948105e-09
    -5.710952169795e-10 0.000000000000e+00 1.005000000000e+03 0.000000000000e+00
     2.000000000000e+00 0.000000000000e+00 6.600000000000e-09 6.600000000000e-09
     3.888000000000e+05 1.000000000000e+00                                      
C39 2025 04 10 13 00 00-1.113035250455e-05-7.993605777301e-15 0.000000000000e+00
     1.000000000000e+00-3.563593750000e+02 8.503925651209e-10 2.493986688488e+00
    -1.108925789595e-05 3.499123384245e-03 3.152387216687e-05 6.493009069443e+03
     3.924000000000e+05 4.190951585770e-08-5.557192583834e-01-1.117587089539e-08
     9.639102929042e-01-7.369843750000e+02-2.680870808504e+00-1.745072689282e-09
    -5.682379551060e-10 0.000000000000e+00 1.005000000000e+03 0.000000000000e+00
     2.000000000000e+00 0.000000000000e+00 6.600000000000e-09 6.600000000000e-09
     3.924000000000e+05 1.000000000000e+00                                      
C39 2025 04 10 14 00 00-1.113163307309e-05-7.727152251391e-14 0.000000000000e+00
     1.000000000000e+00-3.493593750000e+02 8.089622679541e-10 2.756484759134e+00
    -1.092767342925e-05 3.497908706777e-03 3.126217052341e-05 6.493012022018e+03
     3.960000000000e+05 6.053596735001e-08-5.557255284503e-01-3.259629011154e-09
     9.639083369827e-01-7.251406250000e+02-2.680802578005e+00-1.735429430459e-09
    -5.693094283086e-10 0.000000000000e+00 1.005000000000e+03 0.000000000000e+00
     2.000000000000e+00 0.000000000000e+00 6.600000000000e-09 6.600000000000e-09
     3.960000000000e+05 1.000000000000e+00                                      
C39 2025 04 10 15 00 00-1.113431062549e-05-3.641531520771e-13 0.000000000000e+00
     1.000000000000e+00-2.935312500000e+02 6.768139063016e-10 3.019058898596e+00
    -9.378418326378e-06 3.491563023999e-03 3.010407090187e-05 6.493027212143e+03
     3.996000000000e+05 5.960464477539e-08-5.557317838880e-01-6.984919309616e-09
     9.639062713424e-01-6.834843750000e+02-2.680810139829e+00-1.736858061396e-09
    -5.685951128402e-10 0.000000000000e+00 1.005000000000e+03 0.000000000000e+00
     2.000000000000e+00 0.000000000000e+00 6.600000000000e-09 6.600000000000e-09
     3.996000000000e+05 1.000000000000e+00                                      
C39 2025 04 10 16 00 00-1.113489270210e-05-3.019806626980e-13 0.000000000000e+00
     1.000000000000e+00-2.220156250000e+02 5.289506043444e-10-3.001089529116e+00
    -7.399357855320e-06 3.485187422484e-03 2.981675788760e-05 6.493042976379e+03
     4.032000000000e+05 3.911554813385e-08-5.557379076631e-01 2.793967723846e-08
     9.639043549197e-01-6.730312500000e+02-2.681282913990e+00-1.721857436559e-09
    -5.793098448660e-10 0.000000000000e+00 1.005000000000e+03 0.000000000000e+00
     2.000000000000e+00 0.000000000000e+00 6.600000000000e-09 6.600000000000e-09
     4.032000000000e+05 1.000000000000e+00                                      
C39 2025 04 10 17 00 00-1.113535836339e-05-2.549072064539e-13 0.000000000000e+00
     1.000000000000e+00-1.998281250000e+02 4.607334771129e-10-2.738246309281e+00
    -6.869900971651e-06 3.483313717879e-03 2.998625859618e-05 6.493048036575e+03
     4.068000000000e+05-3.352761268616e-08-5.557438266297e-01 4.284083843231e-08
     9.639024414228e-01-6.802500000000e+02-2.681565343492e+00-1.701499445710e-09
    -6.039537285256e-10 0.000000000000e+00 1.005000000000e+03 0.000000000000e+00
     2.000000000000e+00 0.000000000000e+00 6.600000000000e-09 6.600000000000e-09
     4.068000000000e+05 1.000000000000e+00                                      
C39 2025 04 10 18 00 00-1.113559119403e-05-2.140509991477e-13 0.000000000000e+00
     1.000000000000e+00-2.226718750000e+02 5.035924052165e-10-2.476424256005e+00
    -7.622875273228e-06 3.485810710117e-03 2.895062789321e-05 6.493039438248e+03
     4.104000000000e+05-9.126961231232e-08-5.557496607470e-01-1.396983861923e-09
     9.639003801713e-01-6.485000000000e+02-2.680828372177e+00-1.691141871418e-09
    -6.318120317929e-10 0.000000000000e+00 1.005000000000e+03 0.000000000000e+00
     2.000000000000e+00 0.000000000000e+00 6.600000000000e-09 6.600000000000e-09
     4.104000000000e+05 1.000000000000e+00                                      
C39 2025 04 10 19 00 00-1.113535836339e-05-1.394440118929e-13 0.000000000000e+00
     1.000000000000e+00-2.329375000000e+02 6.146684605515e-10-2.215573409171e+00
    -7.937196642160e-06 3.489289316349e-03 2.663722261786e-05 6.493022857666e+03
     4.140000000000e+05-1.019798219204e-07-5.557554890126e-01-6.193295121193e-08
     9.638981579987e-01-5.738906250000e+02-2.679119429312e+00-1.689356082747e-09
    -6.564559154524e-10 0.000000000000e+00 1.005000000000e+03 0.000000000000e+00
     2.000000000000e+00 0.000000000000e+00 6.600000000000e-09 6.600000000000e-09
     4.140000000000e+05 1.000000000000e+00                                      
C39 2025 04 10 20 00 00-1.113559119403e-05-1.172395514004e-13 0.000000000000e+00
     1.000000000000e+00-2.073125000000e+02 7.264588313548e-10-1.954794780752e+00
    -7.144641131163e-06 3.491048933938e-03 2.462882548571e-05 6.493007293701e+03
     4.176000000000e+05-7.031485438347e-08-5.557612748536e-01-1.220032572746e-07
     9.638957983118e-01-5.081718750000e+02-2.677335745963e+00-1.694713448760e-09
    -6.828855877829e-10 0.000000000000e+00 1.005000000000e+03 0.000000000000e+00
     2.000000000000e+00 0.000000000000e+00 6.600000000000e-09 6.600000000000e-09
     4.176000000000e+05 1.000000000000e+00                                      
C39 2025 04 10 21 00 00-1.113582402468e-05-1.030286966852e-13 0.000000000000e+00
     1.000000000000e+00-1.800000000000e+02 7.943188008521e-10-1.693166861093e+00
    -6.319954991341e-06 3.491135314107e-03 2.394570037723e-05 6.492999410629e+03
     4.212000000000e+05 1.164153218269e-08-5.557669846228e-01-1.457519829273e-07
     9.638932762411e-01-4.852343750000e+02-2.676398596253e+00-1.712571335470e-09
    -7.143154683922e-10 0.000000000000e+00 1.005000000000e+03 0.000000000000e+00
     2.000000000000e+00 0.000000000000e+00 6.600000000000e-09 6.600000000000e-09
     4.212000000000e+05 1.000000000000e+00                                      
C39 2025 04 10 22 00 00-1.113617327064e-05-1.021405182655e-13 0.000000000000e+00
     1.000000000000e+00-1.868750000000e+02 8.082479524857e-10-1.430428021926e+00
    -6.579328328371e-06 3.491338226013e-03 2.395408228040e-05 6.493000930786e+03
     4.248000000000e+05 8.568167686462e-08-5.557727148730e-01-8.987262845039e-08
     9.638905391213e-01-4.851562500000e+02-2.676570595920e+00-1.743644058345e-09
    -7.421737716595e-10 0.000000000000e+00 1.005000000000e+03 0.000000000000e+00
     2.000000000000e+00 0.000000000000e+00 6.600000000000e-09 6.600000000000e-09
     4.248000000000e+05 1.000000000000e+00                                      
C39 2025 04 10 23 00 00-1.113675534725e-05-1.181277298201e-13 0.000000000000e+00
     1.000000000000e+00-2.207968750000e+02 7.821754378894e-10-1.167016704187e+00
    -7.703900337219e-06 3.493039985187e-03 2.347351983190e-05 6.493009157181e+03
     4.284000000000e+05 8.149072527885e-08-5.557786733383e-01-1.257285475731e-08
     9.638876381548e-01-4.706875000000e+02-2.677414752317e+00-1.776145412157e-09
    -7.571743964957e-10 0.000000000000e+00 1.005000000000e+03 0.000000000000e+00
     2.000000000000e+00 0.000000000000e+00 6.600000000000e-09 6.600000000000e-09
     4.284000000000e+05 1.000000000000e+00                                      
C40 2025 04 10 00 00 00-1.326375640929e-04-2.454036973631e-12 0.000000000000e+00
     1.000000000000e+00-1.714687500000e+02 1.627210636997e-09-2.562876760413e+00
    -5.548354238272e-06 4.274661536328e-03-1.734122633934e-06 6.493547910690e+03
     3.456000000000e+05-1.997686922550e-07 1.589089056761e+00-1.108273863792e-07
     9.686094169158e-01 3.066562500000e+02 3.133934087265e+00-2.606537144163e-09
    -4.021596087048e-10 0.000000000000e+00 1.005000000000e+03 0.000000000000e+00
     2.000000000000e+00 0.000000000000e+00 9.000000000000e-10 9.000000000000e-10
     3.456000000000e+05 1.000000000000e+00                                      
C40 2025 04 10 01 00 00-1.326458295807e-04-2.418509836843e-12 0.000000000000e+00
     1.000000000000e+00-1.775468750000e+02 1.628282110200e-09-2.300490464022e+00
    -5.891080945730e-06 4.274999490008e-03-1.856591552496e-06 6.493546453476e+03
     3.492000000000e+05-1.289881765842e-07 1.589079379557e+00-1.424923539162e-07
     9.686077842993e-01 3.089687500000e+02 3.134051283096e+00-2.629752396886e-09
    -3.775157250453e-10 0.000000000000e+00 1.005000000000e+03 0.000000000000e+00
     2.000000000000e+00 0.000000000000e+00 9.000000000000e-10 9.000000000000e-10
     3.492000000000e+05 1.000000000000e+00                                      
C40 2025 04 10 02 00 00-1.326552592218e-04-2.467359649927e-12 0.000000000000e+00
     1.000000000000e+00-1.890625000000e+02 1.639711157694e-09-2.038340436215e+00
    -6.343703716993e-06 4.275552346371e-03-2.372078597546e-06 6.493542581558e+03
     3.528000000000e+05-8.987262845039e-08 1.589069752094e+00-1.336447894573e-07
     9.686063696575e-01 3.220937500000e+02 3.134404706549e+00-2.637967024772e-09
    -3.632294156774e-10 0.000000000000e+00 1.005000000000e+03 0.000000000000e+00
     2.000000000000e+00 0.000000000000e+00 9.000000000000e-10 9.000000000000e-10
     3.528000000000e+05 1.000000000000e+00                                      
C40 2025 04 10 03 00 00-1.326642232016e-04-2.472688720445e-12 0.000000000000e+00
     1.000000000000e+00-1.939218750000e+02 1.661497779480e-09-1.776343777814e+00
    -6.512273102999e-06 4.275757470168e-03-3.189779818058e-06 6.493537332535e+03
     3.564000000000e+05-8.754432201385e-08 1.589060292865e+00-1.443549990654e-07
     9.686050764379e-01 3.452500000000e+02 3.134911805157e+00-2.638681340241e-09
    -3.668009930194e-10 0.000000000000e+00 1.005000000000e+03 0.000000000000e+00
     2.000000000000e+00 0.000000000000e+00 9.000000000000e-10 9.000000000000e-10
     3.564000000000e+05 1.000000000000e+00                                      
C40 2025 04 10 04 00 00-1.326730707660e-04-2.469136006766e-12 0.000000000000e+00
     1.000000000000e+00-1.868281250000e+02 1.693284817824e-09-1.514332225444e+00
    -6.274785846472e-06 4.275408806279e-03-3.917608410120e-06 6.493532178879e+03
     3.600000000000e+05-5.587935447693e-08 1.589051099888e+00-2.053566277027e-07
     9.686037715150e-01 3.673593750000e+02 3.135404578872e+00-2.644038706254e-09
    -3.943021385525e-10 0.000000000000e+00 1.005000000000e+03 0.000000000000e+00
     2.000000000000e+00 0.000000000000e+00 9.000000000000e-10 9.000000000000e-10
     3.600000000000e+05 1.000000000000e+00                                      
C40 2025 04 10 05 00 00-1.326816854998e-04-2.459366044150e-12 0.000000000000e+00
     1.000000000000e+00-1.746093750000e+02 1.732929326319e-09-1.252153182120e+00
    -5.902722477913e-06 4.274782491848e-03-4.257075488567e-06 6.493528486252e+03
     3.636000000000e+05 5.448237061501e-08 1.589042120497e+00-2.416782081127e-07
     9.686022822644e-01 3.785937500000e+02 3.135730553593e+00-2.667611116711e-09
    -4.375182243902e-10 0.000000000000e+00 1.005000000000e+03 0.000000000000e+00
     2.000000000000e+00 0.000000000000e+00 9.000000000000e-10 9.000000000000e-10
     3.636000000000e+05 1.000000000000e+00                                      
C40 2025 04 10 06 00 00-1.326904166490e-04-2.448707903113e-12 0.000000000000e+00
     1.000000000000e+00-1.679843750000e+02 1.775788254423e-09-9.897619235112e-01
    -5.761627107859e-06 4.274391569197e-03-4.294794052839e-06 6.493526969910e+03
     3.672000000000e+05 1.704320311546e-07 1.589033132328e+00-1.774169504642e-07
     9.686004901897e-01 3.802500000000e+02 3.135844987434e+00-2.709398571611e-09
    -4.789485215569e-10 0.000000000000e+00 1.005000000000e+03 0.000000000000e+00
     2.000000000000e+00 0.000000000000e+00 9.000000000000e-10 9.000000000000e-10
     3.672000000000e+05 1.000000000000e+00                                      
C40 2025 04 10 07 00 00-1.326990313828e-04-2.423838907362e-12 0.000000000000e+00
     1.000000000000e+00-1.696875000000e+02 1.815789920653e-09-7.272331564543e-01
    -5.925074219704e-06 4.274542094208e-03-4.358589649200e-06 6.493527404785e+03
     3.708000000000e+05 1.988373696804e-07 1.589023870594e+00-6.239861249924e-08
     9.685984333269e-01 3.810781250000e+02 3.135822427774e+00-2.757972023462e-09
    -5.064496670900e-10 0.000000000000e+00 1.005000000000e+03 0.000000000000e+00
     2.000000000000e+00 0.000000000000e+00 9.000000000000e-10 9.000000000000e-10
     3.708000000000e+05 1.000000000000e+00                                      
C40 2025 04 10 08 00 00-1.327081117779e-04-2.450484259953e-12 0.000000000000e+00
     1.000000000000e+00-1.735625000000e+02 1.850434220870e-09-4.646821603572e-01
    -6.149522960186e-06 4.275069339201e-03-4.624482244253e-06 6.493528768539e+03
     3.744000000000e+05 1.536682248116e-07 1.589014194854e+00 7.916241884232e-09
     9.685962872261e-01 3.856562500000e+02 3.135777908251e+00-2.796902216490e-09
    -5.175215568501e-10 0.000000000000e+00 1.005000000000e+03 0.000000000000e+00
     2.000000000000e+00 0.000000000000e+00 9.000000000000e-10 9.000000000000e-10
     3.744000000000e+05 1.000000000000e+00                                      
C40 2025 04 10 09 00 00-1.327174250036e-04-2.483346861482e-12 0.000000000000e+00
     1.000000000000e+00-1.745156250000e+02 1.881149786011e-09-2.021656130550e-01
    -6.211921572685e-06 4.275532672182e-03-4.964880645275e-06 6.493529901505e+03
     3.780000000000e+05 1.117587089539e-07 1.589004187031e+00 1.862645149231e-08
     9.685942318262e-01 3.904843750000e+02 3.135767877022e+00-2.818331680541e-09
    -5.189501877869e-10 0.000000000000e+00 1.005000000000e+03 0.000000000000e+00
     2.000000000000e+00 0.000000000000e+00 9.000000000000e-10 9.000000000000e-10
     3.780000000000e+05 1.000000000000e+00                                      
C40 2025 04 10 10 00 00-1.327268546447e-04-2.515321284591e-12 0.000000000000e+00
     1.000000000000e+00-1.741250000000e+02 1.909365247012e-09 6.033615146003e-02
    -6.129499524832e-06 4.275668645278e-03-5.196779966354e-06 6.493530241013e+03
     3.816000000000e+05 1.005828380585e-07 1.588994037305e+00 1.676380634308e-08
     9.685923168664e-01 3.918125000000e+02 3.135772581766e+00-2.823331888820e-09
    -5.189501877869e-10 0.000000000000e+00 1.005000000000e+03 0.000000000000e+00
     2.000000000000e+00 0.000000000000e+00 9.000000000000e-10 9.000000000000e-10
     3.816000000000e+05 1.000000000000e+00                                      
C40 2025 04 10 11 00 00-1.327360514551e-04-2.525979425627e-12 0.000000000000e+00
     1.000000000000e+00-1.748593750000e+02 1.935080603874e-09 3.228503463900e-01
    -6.000045686960e-06 4.275602055714e-03-5.304347723722e-06 6.493530067444e+03
     3.852000000000e+05 9.639188647270e-08 1.588983890506e+00 2.747401595116e-08
     9.685904852930e-01 3.912343750000e+02 3.135764880965e+00-2.819760311478e-09
    -5.210931341921e-10 0.000000000000e+00 1.005000000000e+03 0.000000000000e+00
     2.000000000000e+00 0.000000000000e+00 9.000000000000e-10 9.000000000000e-10
     3.852000000000e+05 1.000000000000e+00                                      
C40 2025 04 10 12 00 00-1.327452482656e-04-2.538413923503e-12 0.000000000000e+00
     1.000000000000e+00-1.748125000000e+02 1.958295856597e-09 5.853542979675e-01
    -5.818903446198e-06 4.275609506294e-03-5.331821739674e-06 6.493530105591e+03
     3.888000000000e+05 8.614733815193e-08 1.588973755409e+00 2.933666110039e-08
     9.685886317758e-01 3.911562500000e+02 3.135767561031e+00-2.817974522807e-09
    -5.239503960657e-10 0.000000000000e+00 1.005000000000e+03 0.000000000000e+00
     2.000000000000e+00 0.000000000000e+00 9.000000000000e-10 9.000000000000e-10
     3.888000000000e+05 1.000000000000e+00                                      
C40 2025 04 10 13 00 00-1.327537465841e-04-2.501998608295e-12 0.000000000000e+00
     1.000000000000e+00-1.718593750000e+02 1.979725320649e-09 8.478008943788e-01
    -5.571637302637e-06 4.275777027942e-03-5.234032869339e-06 6.493530857086e+03
     3.924000000000e+05 1.057051122189e-07 1.588963525223e+00 1.816079020500e-08
     9.685866977981e-01 3.898906250000e+02 3.135827789369e+00-2.824760519757e-09
    -5.171643991159e-10 0.000000000000e+00 1.005000000000e+03 0.000000000000e+00
     2.000000000000e+00 0.000000000000e+00 9.000000000000e-10 9.000000000000e-10
     3.924000000000e+05 1.000000000000e+00                                      
C40 2025 04 10 14 00 00-1.327624777332e-04-2.478017790963e-12 0.000000000000e+00
     1.000000000000e+00-1.682656250000e+02 1.996868891890e-09 1.110186803097e+00
    -5.369540303946e-06 4.275952233002e-03-4.981178790331e-06 6.493532182693e+03
     3.960000000000e+05 1.634471118450e-07 1.588953085840e+00 5.029141902924e-08
     9.685847360249e-01 3.853125000000e+02 3.135948837062e+00-2.836189567251e-09
    -4.918061999880e-10 0.000000000000e+00 1.005000000000e+03 0.000000000000e+00
     2.000000000000e+00 0.000000000000e+00 9.000000000000e-10 9.000000000000e-10
     3.960000000000e+05 1.000000000000e+00                                      
C40 2025 04 10 15 00 00-1.327705103904e-04-2.428279799460e-12 0.000000000000e+00
     1.000000000000e+00-1.673906250000e+02 2.004726362043e-09 1.372575362622e+00
    -5.326233804226e-06 4.275990067981e-03-4.712492227554e-06 6.493533411026e+03
     3.996000000000e+05 1.867301762104e-07 1.588942412389e+00 1.559965312481e-07
     9.685828722673e-01 3.799687500000e+02 3.136067235411e+00-2.840475460061e-09
    -4.482329564161e-10 0.000000000000e+00 1.005000000000e+03 0.000000000000e+00
     2.000000000000e+00 0.000000000000e+00 9.000000000000e-10 9.000000000000e-10
     3.996000000000e+05 1.000000000000e+00                                      
C40 2025 04 10 16 00 00-1.327819190919e-04-2.552624778218e-12 0.000000000000e+00
     1.000000000000e+00-1.680156250000e+02 2.001154784701e-09 1.635036572122e+00
    -5.362555384636e-06 4.275959450752e-03-4.607718437910e-06 6.493533887863e+03
     4.032000000000e+05 1.140870153904e-07 1.588931594110e+00 2.668239176273e-07
     9.685812352620e-01 3.779687500000e+02 3.136112893084e+00-2.828332097099e-09
    -3.953736117551e-10 0.000000000000e+00 1.005000000000e+03 0.000000000000e+00
     2.000000000000e+00 0.000000000000e+00 9.000000000000e-10 9.000000000000e-10
     4.032000000000e+05 1.000000000000e+00                                      
C40 2025 04 10 17 00 00-1.327918143943e-04-2.603250948141e-12 0.000000000000e+00
     1.000000000000e+00-1.667500000000e+02 1.982939740257e-09 1.897571816980e+00
    -5.306676030159e-06 4.276027088054e-03-4.647299647331e-06 6.493533550262e+03
     4.068000000000e+05-2.747401595116e-08 1.588920739258e+00 2.994202077389e-07
     9.685799083953e-01 3.788125000000e+02 3.136084446642e+00-2.797616531958e-09
    -3.425142670940e-10 0.000000000000e+00 1.005000000000e+03 0.000000000000e+00
     2.000000000000e+00 0.000000000000e+00 9.000000000000e-10 9.000000000000e-10
     4.068000000000e+05 1.000000000000e+00                                      
C40 2025 04 10 18 00 00-1.328012440354e-04-2.628119943893e-12 0.000000000000e+00
     1.000000000000e+00-1.645312500000e+02 1.949724070976e-09 2.160115343417e+00
    -5.159527063370e-06 4.276167135686e-03-4.669651389122e-06 6.493533037186e+03
     4.104000000000e+05-1.532025635242e-07 1.588910007291e+00 2.263113856316e-07
     9.685789253143e-01 3.791250000000e+02 3.136047696677e+00-2.752257499715e-09
    -2.978695503195e-10 0.000000000000e+00 1.005000000000e+03 0.000000000000e+00
     2.000000000000e+00 0.000000000000e+00 9.000000000000e-10 9.000000000000e-10
     4.104000000000e+05 1.000000000000e+00                                      
C40 2025 04 10 19 00 00-1.328085782006e-04-2.449596081533e-12 0.000000000000e+00
     1.000000000000e+00-1.657343750000e+02 1.905079354202e-09 2.422608216316e+00
    -5.091074854136e-06 4.276072839275e-03-4.647299647331e-06 6.493533294678e+03
     4.140000000000e+05-1.867301762104e-07 1.588899610332e+00 1.080334186554e-07
     9.685781997069e-01 3.797500000000e+02 3.136061512476e+00-2.703326890130e-09
    -2.692969315838e-10 0.000000000000e+00 1.005000000000e+03 0.000000000000e+00
     2.000000000000e+00 0.000000000000e+00 9.000000000000e-10 9.000000000000e-10
     4.140000000000e+05 1.000000000000e+00                                      
C40 2025 04 10 20 00 00-1.328176585957e-04-2.461142400989e-12 0.000000000000e+00
     1.000000000000e+00-1.706875000000e+02 1.856863060085e-09 2.685060354261e+00
    -5.169771611691e-06 4.275377374142e-03-4.754401743412e-06 6.493535039902e+03
     4.176000000000e+05-1.504085958004e-07 1.588889656638e+00 4.051253199577e-08
     9.685775267646e-01 3.862500000000e+02 3.136115827698e+00-2.668325432179e-09
    -2.582250418238e-10 0.000000000000e+00 1.005000000000e+03 0.000000000000e+00
     2.000000000000e+00 0.000000000000e+00 9.000000000000e-10 9.000000000000e-10
     4.176000000000e+05 1.000000000000e+00                                      
C40 2025 04 10 21 00 00-1.328268554062e-04-2.480682326222e-12 0.000000000000e+00
     1.000000000000e+00-1.729531250000e+02 1.814004131982e-09 2.947543886428e+00
    -5.223322659731e-06 4.273948492482e-03-5.127862095833e-06 6.493538459778e+03
     4.212000000000e+05-1.350417733192e-07 1.588880027711e+00 3.352761268616e-08
     9.685766709575e-01 4.018906250000e+02 3.136138359562e+00-2.660467962027e-09
    -2.575107263554e-10 0.000000000000e+00 1.005000000000e+03 0.000000000000e+00
     2.000000000000e+00 0.000000000000e+00 9.000000000000e-10 9.000000000000e-10
     4.212000000000e+05 1.000000000000e+00                                      
C40 2025 04 10 22 00 00-1.328362850472e-04-2.512656749332e-12 0.000000000000e+00
     1.000000000000e+00-1.652031250000e+02 1.778288358562e-09-3.073049414672e+00
    -5.021691322327e-06 4.272018093616e-03-5.651265382767e-06 6.493543159485e+03
     4.248000000000e+05-1.676380634308e-07 1.588870435357e+00 9.313225746155e-09
     9.685755606027e-01 4.220781250000e+02 3.136051921585e+00-2.679397321939e-09
    -2.539391490134e-10 0.000000000000e+00 1.005000000000e+03 0.000000000000e+00
     2.000000000000e+00 0.000000000000e+00 9.000000000000e-10 9.000000000000e-10
     4.248000000000e+05 1.000000000000e+00                                      
C40 2025 04 10 23 00 00-1.328455982730e-04-2.544631172441e-12 0.000000000000e+00
     1.000000000000e+00-1.471562500000e+02 1.745072689282e-09-2.810329331577e+00
    -4.556030035019e-06 4.270097007975e-03-6.035435944796e-06 6.493548254013e+03
     4.284000000000e+05-1.820735633373e-07 1.588860649898e+00-6.007030606270e-08
     9.685743580841e-01 4.370000000000e+02 3.135836792166e+00-2.710470044814e-09
    -2.414386283166e-10 0.000000000000e+00 1.005000000000e+03 0.000000000000e+00
     2.000000000000e+00 0.000000000000e+00 9.000000000000e-10 9.000000000000e-10
     4.284000000000e+05 1.000000000000e+00                                      
C41 2025 04 10 00 00 00-8.918290259317e-04-2.635225371250e-12 0.000000000000e+00
     1.000000000000e+00 2.346875000000e+01 3.966950953716e-09-4.781520795134e-01
     1.282431185246e-06 1.792184426449e-03 3.180000931025e-06 5.282624517441e+03
     3.456000000000e+05 7.404014468193e-08-2.048846233184e+00 1.303851604462e-08
     9.801491092932e-01 3.069218750000e+02-1.199127633142e+00-7.106010279565e-09
     1.582208762489e-10 0.000000000000e+00 1.005000000000e+03 0.000000000000e+00
     2.000000000000e+00 0.000000000000e+00-2.330000000000e-08-2.330000000000e-08
     3.456000000000e+05 1.000000000000e+00                                      
C41 2025 04 10 01 00 00-8.918383391574e-04-2.616573624437e-12 0.000000000000e+00
     1.000000000000e+00 2.748437500000e+01 3.999809465262e-09 9.427147969981e-03
     1.406762748957e-06 1.791437971406e-03 3.074295818806e-06 5.282623071671e+03
     3.492000000000e+05 4.656612873077e-09-2.048872129760e+00 5.261972546577e-08
     9.801497602917e-01 3.108125000000e+02-1.199139051218e+00-7.082080711374e-09
     2.125088518467e-10 0.000000000000e+00 1.005000000000e+03 0.000000000000e+00
     2.000000000000e+00 0.000000000000e+00-2.330000000000e-08-2.330000000000e-08
     3.492000000000e+05 1.000000000000e+00                                      
C41 2025 04 10 02 00 00-8.918485837057e-04-2.692068790111e-12 0.000000000000e+00
     1.000000000000e+00 3.450000000000e+01 4.016595878769e-09 4.972410918816e-01
     1.707579940557e-06 1.790581969544e-03 3.114342689514e-06 5.282621194839e+03
     3.528000000000e+05-2.654269337654e-08-2.048897792269e+00 1.257285475731e-08
     9.801506614493e-01 3.099375000000e+02-1.199384704421e+00-7.048865042094e-09
     2.375098932404e-10 0.000000000000e+00 1.005000000000e+03 0.000000000000e+00
     2.000000000000e+00 0.000000000000e+00-2.330000000000e-08-2.330000000000e-08
     3.528000000000e+05 1.000000000000e+00                                      
C41 2025 04 10 03 00 00-8.918577805161e-04-2.628119943893e-12 0.000000000000e+00
     1.000000000000e+00 3.632812500000e+01 4.020167456111e-09 9.850302612756e-01
     1.794192939997e-06 1.790290698409e-03 3.263819962740e-06 5.282620231628e+03
     3.564000000000e+05-1.396983861923e-08-2.048923195841e+00-4.190951585770e-09
     9.801516035685e-01 3.068437500000e+02-1.199605076938e+00-7.031364313118e-09
     2.421529437849e-10 0.000000000000e+00 1.005000000000e+03 0.000000000000e+00
     2.000000000000e+00 0.000000000000e+00-2.330000000000e-08-2.330000000000e-08
     3.564000000000e+05 1.000000000000e+00                                      
C41 2025 04 10 04 00 00-8.918674429879e-04-2.647659869126e-12 0.000000000000e+00
     1.000000000000e+00 3.625000000000e+01 4.018381667440e-09 1.472617787893e+00
     1.780688762665e-06 1.790286274627e-03 3.292225301266e-06 5.282620170593e+03
     3.600000000000e+05-1.490116119385e-08-2.048948516027e+00-9.778887033463e-09
     9.801524593756e-01 3.066093750000e+02-1.199623572611e+00-7.034578732726e-09
     2.439387324559e-10 0.000000000000e+00 1.005000000000e+03 0.000000000000e+00
     2.000000000000e+00 0.000000000000e+00-2.330000000000e-08-2.330000000000e-08
     3.600000000000e+05 1.000000000000e+00                                      
C41 2025 04 10 05 00 00-8.918771054596e-04-2.663647080681e-12 0.000000000000e+00
     1.000000000000e+00 3.607812500000e+01 4.012667143693e-09 1.960198944966e+00
     1.705717295408e-06 1.790305366740e-03 3.291293978691e-06 5.282620121002e+03
     3.636000000000e+05 3.725290298462e-09-2.048973934229e+00-2.747401595116e-08
     9.801532742210e-01 3.067187500000e+02-1.199635654852e+00-7.050293673031e-09
     2.571535686212e-10 0.000000000000e+00 1.005000000000e+03 0.000000000000e+00
     2.000000000000e+00 0.000000000000e+00-2.330000000000e-08-2.330000000000e-08
     3.636000000000e+05 1.000000000000e+00                                      
C41 2025 04 10 06 00 00-8.918851381168e-04-2.560618383995e-12 0.000000000000e+00
     1.000000000000e+00 3.604687500000e+01 3.990523364173e-09 2.447773909506e+00
     1.626089215279e-06 1.790316542611e-03 3.191176801920e-06 5.282620080948e+03
     3.672000000000e+05 4.097819328308e-08-2.048999497259e+00-1.396983861923e-09
     9.801541651381e-01 3.067343750000e+02-1.199641487506e+00-7.063151351462e-09
     2.878691337620e-10 0.000000000000e+00 1.005000000000e+03 0.000000000000e+00
     2.000000000000e+00 0.000000000000e+00-2.330000000000e-08-2.330000000000e-08
     3.672180000000e+05 1.000000000000e+00                                      
C41 2025 04 10 07 00 00-8.918963139877e-04-2.825295553066e-12 0.000000000000e+00
     1.000000000000e+00 3.529687500000e+01 3.943378543259e-09 2.935305024539e+00
     1.631677150726e-06 1.790004083887e-03 3.163237124681e-06 5.282620693207e+03
     3.708000000000e+05 1.955777406693e-08-2.049025124658e+00 4.470348358154e-08
     9.801552242908e-01 3.044218750000e+02-1.199603537948e+00-7.056722512246e-09
     3.235849071817e-10 0.000000000000e+00 1.005000000000e+03 0.000000000000e+00
     2.000000000000e+00 0.000000000000e+00-2.330000000000e-08-2.330000000000e-08
     3.708140000000e+05 1.000000000000e+00                                      
C41 2025 04 10 08 00 00-8.919065585360e-04-2.835953694102e-12 0.000000000000e+00
     1.000000000000e+00 3.240625000000e+01 3.888376252193e-09-2.860258416947e+00
     1.616775989532e-06 1.789608038962e-03 3.175344318151e-06 5.282621480942e+03
     3.744000000000e+05-2.095475792885e-08-2.049050690615e+00 3.213062882423e-08
     9.801564692341e-01 3.033281250000e+02-1.199656720872e+00-7.034935890460e-09
     3.485859485754e-10 0.000000000000e+00 1.005000000000e+03 0.000000000000e+00
     2.000000000000e+00 0.000000000000e+00-2.330000000000e-08-2.330000000000e-08
     3.744140000000e+05 1.000000000000e+00                                      
C41 2025 04 10 09 00 00-8.919166866690e-04-2.828848266745e-12 0.000000000000e+00
     1.000000000000e+00 3.190625000000e+01 3.839802800342e-09-2.372681021037e+00
     1.700129359961e-06 1.789565896615e-03 3.256369382143e-06 5.282621549606e+03
     3.780000000000e+05-1.443549990654e-08-2.049076097113e+00 9.313225746155e-10
     9.801578429141e-01 3.033906250000e+02-1.199665893368e+00-7.009220533598e-09
     3.585863651329e-10 0.000000000000e+00 1.005000000000e+03 0.000000000000e+00
     2.000000000000e+00 0.000000000000e+00-2.330000000000e-08-2.330000000000e-08
     3.780180000000e+05 1.000000000000e+00                                      
C41 2025 04 10 10 00 00-8.919266983867e-04-2.816413768869e-12 0.000000000000e+00
     1.000000000000e+00 3.175000000000e+01 3.807658604264e-09-1.885246261103e+00
     1.686625182629e-06 1.789644942619e-03 3.462657332420e-06 5.282621049881e+03
     3.816000000000e+05 5.122274160385e-09-2.049101323672e+00 3.725290298462e-09
     9.801592224459e-01 3.016718750000e+02-1.199532652253e+00-6.991719804623e-09
     3.582292073987e-10 0.000000000000e+00 1.005000000000e+03 0.000000000000e+00
     2.000000000000e+00 0.000000000000e+00-2.330000000000e-08-2.330000000000e-08
     3.816000000000e+05 1.000000000000e+00                                      
C41 2025 04 10 11 00 00-8.919363608584e-04-2.802202914154e-12 0.000000000000e+00
     1.000000000000e+00 3.195312500000e+01 3.782300405137e-09-1.397675881348e+00
     1.635868102312e-06 1.789660193026e-03 3.508292138577e-06 5.282621065140e+03
     3.852000000000e+05 3.259629011154e-09-2.049126434661e+00 2.374872565269e-08
     9.801605771080e-01 3.015000000000e+02-1.199535016328e+00-6.977076337520e-09
     3.507288949806e-10 0.000000000000e+00 1.005000000000e+03 0.000000000000e+00
     2.000000000000e+00 0.000000000000e+00-2.330000000000e-08-2.330000000000e-08
     3.852000000000e+05 1.000000000000e+00                                      
C41 2025 04 10 12 00 00-8.919462561607e-04-2.778222096822e-12 0.000000000000e+00
     1.000000000000e+00 3.506250000000e+01 3.750870524527e-09-9.098951939528e-01
     1.749955117702e-06 1.789951231331e-03 3.569293767214e-06 5.282621999741e+03
     3.888000000000e+05-3.259629011154e-08-2.049151405210e+00 2.700835466385e-08
     9.801618937343e-01 2.998906250000e+02-1.199747853354e+00-6.960647081747e-09
     3.282279577262e-10 0.000000000000e+00 1.005000000000e+03 0.000000000000e+00
     2.000000000000e+00 0.000000000000e+00-2.330000000000e-08-2.330000000000e-08
     3.888000000000e+05 1.000000000000e+00                                      
C41 2025 04 10 13 00 00-8.919563842937e-04-2.789768416278e-12 0.000000000000e+00
     1.000000000000e+00 3.582812500000e+01 3.730869691412e-09-4.222218115989e-01
     1.779757440090e-06 1.790296519175e-03 3.673136234283e-06 5.282622764587e+03
     3.924000000000e+05-4.237517714500e-08-2.049176271891e+00-1.769512891769e-08
     9.801630786979e-01 2.971250000000e+02-1.199853818362e+00-6.957789819874e-09
     2.946551307118e-10 0.000000000000e+00 1.005000000000e+03 0.000000000000e+00
     2.000000000000e+00 0.000000000000e+00-2.330000000000e-08-2.330000000000e-08
     3.924000000000e+05 1.000000000000e+00                                      
C41 2025 04 10 14 00 00-8.919660467654e-04-2.766675777366e-12 0.000000000000e+00
     1.000000000000e+00 3.812500000000e+01 3.751941997730e-09 6.537248247772e-02
     1.880805939436e-06 1.789941219613e-03 3.607477992773e-06 5.282622074127e+03
     3.960000000000e+05 1.396983861923e-09-2.049201128332e+00-3.352761268616e-08
     9.801640822597e-01 2.985468750000e+02-1.199880971584e+00-6.973861917913e-09
     2.632252501025e-10 0.000000000000e+00 1.005000000000e+03 0.000000000000e+00
     2.000000000000e+00 0.000000000000e+00-2.330000000000e-08-2.330000000000e-08
     3.960000000000e+05 1.000000000000e+00                                      
C41 2025 04 10 15 00 00-8.919762913138e-04-2.793321129957e-12 0.000000000000e+00
     1.000000000000e+00 4.435937500000e+01 3.800515449581e-09 5.531907917369e-01
     2.123881131411e-06 1.789189758711e-03 3.668945282698e-06 5.282620368958e+03
     3.996000000000e+05 1.536682248116e-08-2.049226142769e+00-8.847564458847e-09
     9.801649483072e-01 2.969375000000e+02-1.200131764019e+00-6.992434120091e-09
     2.500104139373e-10 0.000000000000e+00 1.005000000000e+03 0.000000000000e+00
     2.000000000000e+00 0.000000000000e+00-2.330000000000e-08-2.330000000000e-08
     3.996000000000e+05 1.000000000000e+00                                      
C41 2025 04 10 16 00 00-8.919865358621e-04-2.811084698351e-12 0.000000000000e+00
     1.000000000000e+00 4.592187500000e+01 3.831231014721e-09 1.040992382768e+00
     2.174638211727e-06 1.788912923075e-03 3.770459443331e-06 5.282619390488e+03
     4.032000000000e+05 1.303851604462e-08-2.049251312274e+00-5.122274160385e-09
     9.801658348356e-01 2.935625000000e+02-1.200365118471e+00-6.994934224230e-09
     2.492960984689e-10 0.000000000000e+00 1.005000000000e+03 0.000000000000e+00
     2.000000000000e+00 0.000000000000e+00-2.330000000000e-08-2.330000000000e-08
     4.032000000000e+05 1.000000000000e+00                                      
C41 2025 04 10 17 00 00-8.919964311644e-04-2.787992059439e-12 0.000000000000e+00
     1.000000000000e+00 4.659375000000e+01 3.831588172456e-09 1.528487182323e+00
     2.233777195215e-06 1.788912340999e-03 3.701075911522e-06 5.282619655609e+03
     4.068000000000e+05 2.048909664154e-08-2.049276462762e+00 9.313225746155e-09
     9.801667959728e-01 2.942031250000e+02-1.200291346438e+00-6.981719388065e-09
     2.453673633927e-10 0.000000000000e+00 1.005000000000e+03 0.000000000000e+00
     2.000000000000e+00 0.000000000000e+00-2.330000000000e-08-2.330000000000e-08
     4.068000000000e+05 1.000000000000e+00                                      
C41 2025 04 10 18 00 00-8.920062100515e-04-2.768452134205e-12 0.000000000000e+00
     1.000000000000e+00 4.818750000000e+01 3.826945121911e-09 2.015939024752e+00
     2.352520823479e-06 1.788827590644e-03 3.699678927660e-06 5.282620103836e+03
     4.104000000000e+05 9.313225746155e-10-2.049301500605e+00 2.607703208923e-08
     9.801677366291e-01 2.942812500000e+02-1.200174753330e+00-6.966361605495e-09
     2.317953694933e-10 0.000000000000e+00 1.005000000000e+03 0.000000000000e+00
     2.000000000000e+00 0.000000000000e+00-2.330000000000e-08-2.330000000000e-08
     4.104000000000e+05 1.000000000000e+00                                      
C41 2025 04 10 19 00 00-8.920155232772e-04-2.716049607443e-12 0.000000000000e+00
     1.000000000000e+00 4.834375000000e+01 3.834445434329e-09 2.503494074588e+00
     2.385582774878e-06 1.788808847778e-03 3.742985427380e-06 5.282620161057e+03
     4.140000000000e+05-1.722946763039e-08-2.049326479931e+00 1.117587089539e-08
     9.801685851216e-01 2.942187500000e+02-1.200161497829e+00-6.960647081747e-09
     2.153661137202e-10 0.000000000000e+00 1.005000000000e+03 0.000000000000e+00
     2.000000000000e+00 0.000000000000e+00-2.330000000000e-08-2.330000000000e-08
     4.140000000000e+05 1.000000000000e+00                                      
C41 2025 04 10 20 00 00-8.920253021643e-04-2.706279644826e-12 0.000000000000e+00
     1.000000000000e+00 4.781250000000e+01 3.840517115810e-09 2.991047101209e+00
     2.342741936445e-06 1.788627239875e-03 3.840774297714e-06 5.282620525360e+03
     4.176000000000e+05-1.443549990654e-08-2.049351500219e+00 3.259629011154e-09
     9.801693531536e-01 2.930781250000e+02-1.200146166448e+00-6.961361397216e-09
     2.089372745047e-10 0.000000000000e+00 1.005000000000e+03 0.000000000000e+00
     2.000000000000e+00 0.000000000000e+00-2.330000000000e-08-2.330000000000e-08
     4.176000000000e+05 1.000000000000e+00                                      
C41 2025 04 10 21 00 00-8.920351974666e-04-2.718714142702e-12 0.000000000000e+00
     1.000000000000e+00 4.518750000000e+01 3.838374169405e-09-2.804507608119e+00
     2.170912921429e-06 1.788267982192e-03 3.879424184561e-06 5.282621265411e+03
     4.212000000000e+05-1.955777406693e-08-2.049376580486e+00 4.656612873077e-10
     9.801701153339e-01 2.924531250000e+02-1.200208472129e+00-6.957789819874e-09
     2.117945363783e-10 0.000000000000e+00 1.005000000000e+03 0.000000000000e+00
     2.000000000000e+00 0.000000000000e+00-2.330000000000e-08-2.330000000000e-08
     4.212000000000e+05 1.000000000000e+00                                      
C41 2025 04 10 22 00 00-8.920448599383e-04-2.713385072184e-12 0.000000000000e+00
     1.000000000000e+00 4.492187500000e+01 3.851589005571e-09-2.316939119917e+00
     2.115964889526e-06 1.788240391761e-03 3.842636942863e-06 5.282621303558e+03
     4.248000000000e+05-2.142041921616e-08-2.049401628570e+00-4.656612873077e-10
     9.801708804401e-01 2.923125000000e+02-1.200208899301e+00-6.957432662140e-09
     2.125088518467e-10 0.000000000000e+00 1.005000000000e+03 0.000000000000e+00
     2.000000000000e+00 0.000000000000e+00-2.330000000000e-08-2.330000000000e-08
     4.248000000000e+05 1.000000000000e+00                                      
C41 2025 04 10 23 00 00-8.920546388254e-04-2.710720536925e-12 0.000000000000e+00
     1.000000000000e+00 4.448437500000e+01 3.882661728446e-09-1.829532130557e+00
     2.105720341206e-06 1.788317807950e-03 3.887340426445e-06 5.282620727539e+03
     4.284000000000e+05-3.771856427193e-08-2.049426688356e+00-8.381903171539e-09
     9.801715709374e-01 2.901093750000e+02-1.200047758875e+00-6.972433286976e-09
     2.146517982518e-10 0.000000000000e+00 1.005000000000e+03 0.000000000000e+00
     2.000000000000e+00 0.000000000000e+00-2.330000000000e-08-2.330000000000e-08
     4.284000000000e+05 1.000000000000e+00                                      
C42 2025 04 10 00 00 00-6.619765190408e-04-1.461764043142e-11 0.000000000000e+00
     1.000000000000e+00 3.181250000000e+01 3.938021177246e-09 8.459385864976e-01
     1.479405909777e-06 1.591734588146e-03 3.069639205933e-06 5.282620811462e+03
     3.456000000000e+05-1.816079020500e-08-2.048254908530e+00 8.381903171539e-09
     9.801784115423e-01 3.081562500000e+02-9.581247956864e-01-7.028864208979e-09
     1.203621564241e-10 0.000000000000e+00 1.005000000000e+03 0.000000000000e+00
     2.000000000000e+00 0.000000000000e+00-3.190000000000e-08-3.190000000000e-08
     3.456000000000e+05 1.000000000000e+00                                      
C42 2025 04 10 01 00 00-6.620291387662e-04-1.461408771775e-11 0.000000000000e+00
     1.000000000000e+00 3.223437500000e+01 3.973022635197e-09 1.333444960661e+00
     1.565553247929e-06 1.591763226315e-03 2.971384674311e-06 5.282621025085e+03
     3.492000000000e+05-3.213062882423e-08-2.048280282844e+00-1.955777406693e-08
     9.801787260697e-01 3.086406250000e+02-9.580625660772e-01-7.054222408107e-09
     1.289339420448e-10 0.000000000000e+00 1.005000000000e+03 0.000000000000e+00
     2.000000000000e+00 0.000000000000e+00-3.190000000000e-08-3.190000000000e-08
     3.492180000000e+05 1.000000000000e+00                                      
C42 2025 04 10 02 00 00-6.620815256611e-04-1.459188325725e-11 0.000000000000e+00
     1.000000000000e+00 3.192187500000e+01 4.012309985959e-09 1.821030812237e+00
     1.643318682909e-06 1.591779990122e-03 2.974644303322e-06 5.282620977402e+03
     3.528000000000e+05 9.313225746155e-09-2.048305863429e+00-4.656612873077e-08
     9.801790859476e-01 3.088125000000e+02-9.580796851445e-01-7.082437869108e-09
     1.557207721095e-10 0.000000000000e+00 1.005000000000e+03 0.000000000000e+00
     2.000000000000e+00 0.000000000000e+00-3.190000000000e-08-3.190000000000e-08
     3.528180000000e+05 1.000000000000e+00                                      
C42 2025 04 10 03 00 00-6.621337961406e-04-1.457767240254e-11 0.000000000000e+00
     1.000000000000e+00 3.189062500000e+01 4.036596711884e-09 2.308589857303e+00
     1.676380634308e-06 1.591758104041e-03 3.044493496418e-06 5.282621032715e+03
     3.564000000000e+05 5.168840289116e-08-2.048331631269e+00 5.122274160385e-09
     9.801796125981e-01 3.087031250000e+02-9.580697753375e-01-7.096009863008e-09
     2.021512775550e-10 0.000000000000e+00 1.005000000000e+03 0.000000000000e+00
     2.000000000000e+00 0.000000000000e+00-3.190000000000e-08-3.190000000000e-08
     3.564140000000e+05 1.000000000000e+00                                      
C42 2025 04 10 04 00 00-6.621859502047e-04-1.454747433627e-11 0.000000000000e+00
     1.000000000000e+00 3.010937500000e+01 4.021238929314e-09 2.796049211816e+00
     1.577194780111e-06 1.591287320480e-03 3.226101398468e-06 5.282622014999e+03
     3.600000000000e+05-1.396983861923e-09-2.048357483957e+00 6.193295121193e-08
     9.801803937963e-01 3.055625000000e+02-9.579600974432e-01-7.079223449501e-09
     2.560820954186e-10 0.000000000000e+00 1.005000000000e+03 0.000000000000e+00
     2.000000000000e+00 0.000000000000e+00-3.190000000000e-08-3.190000000000e-08
     3.600140000000e+05 1.000000000000e+00                                      
C42 2025 04 10 05 00 00-6.622386863455e-04-1.456790243992e-11 0.000000000000e+00
     1.000000000000e+00 2.675000000000e+01 3.986951786831e-09-2.999543622620e+00
     1.412350684404e-06 1.590822008438e-03 3.257766366005e-06 5.282622926712e+03
     3.636000000000e+05-5.541369318962e-08-2.048383207908e+00 2.561137080193e-08
     9.801814631894e-01 3.049218750000e+02-9.579839371562e-01-7.041721887410e-09
     2.914407111040e-10 0.000000000000e+00 1.005000000000e+03 0.000000000000e+00
     2.000000000000e+00 0.000000000000e+00-3.190000000000e-08-3.190000000000e-08
     3.636000000000e+05 1.000000000000e+00                                      
C42 2025 04 10 06 00 00-6.622913060710e-04-1.458477782990e-11 0.000000000000e+00
     1.000000000000e+00 2.685937500000e+01 3.961593587703e-09-2.512010033792e+00
     1.437962055206e-06 1.590869622305e-03 3.308989107609e-06 5.282622781754e+03
     3.672000000000e+05-3.678724169731e-08-2.048408642202e+00-1.164153218269e-08
     9.801826774114e-01 3.043906250000e+02-9.579493376807e-01-7.007434744927e-09
     3.021554431299e-10 0.000000000000e+00 1.005000000000e+03 0.000000000000e+00
     2.000000000000e+00 0.000000000000e+00-3.190000000000e-08-3.190000000000e-08
     3.672000000000e+05 1.000000000000e+00                                      
C42 2025 04 10 07 00 00-6.623442750424e-04-1.463007492930e-11 0.000000000000e+00
     1.000000000000e+00 2.668750000000e+01 3.939806965917e-09-2.024519225078e+00
     1.406297087669e-06 1.590937259607e-03 3.432389348745e-06 5.282622505188e+03
     3.708000000000e+05-2.421438694000e-08-2.048433855595e+00-9.313225746155e-09
     9.801838228763e-01 3.034375000000e+02-9.578720385524e-01-6.995648539699e-09
     3.017982853957e-10 0.000000000000e+00 1.005000000000e+03 0.000000000000e+00
     2.000000000000e+00 0.000000000000e+00-3.190000000000e-08-3.190000000000e-08
     3.708000000000e+05 1.000000000000e+00                                      
C42 2025 04 10 08 00 00-6.623971275985e-04-1.464517396244e-11 0.000000000000e+00
     1.000000000000e+00 2.898437500000e+01 3.910520031713e-09-1.536755726970e+00
     1.410022377968e-06 1.590952742845e-03 3.440771251917e-06 5.282623111725e+03
     3.744000000000e+05-1.769512891769e-08-2.048459093858e+00-2.421438694000e-08
     9.801848630111e-01 3.039843750000e+02-9.580673951697e-01-7.007077587193e-09
     3.092985978138e-10 0.000000000000e+00 1.005000000000e+03 0.000000000000e+00
     2.000000000000e+00 0.000000000000e+00-3.190000000000e-08-3.190000000000e-08
     3.744000000000e+05 1.000000000000e+00                                      
C42 2025 04 10 09 00 00-6.624506786466e-04-1.471889277127e-11 0.000000000000e+00
     1.000000000000e+00 3.250000000000e+01 3.866946788141e-09-1.048864732626e+00
     1.466833055019e-06 1.591226900928e-03 3.478024154902e-06 5.282624238968e+03
     3.780000000000e+05 8.847564458847e-09-2.048484430136e+00-1.862645149231e-08
     9.801859455704e-01 3.014218750000e+02-9.583905186634e-01-7.017435161485e-09
     3.267993267894e-10 0.000000000000e+00 1.005000000000e+03 0.000000000000e+00
     2.000000000000e+00 0.000000000000e+00-3.190000000000e-08-3.190000000000e-08
     3.780000000000e+05 1.000000000000e+00                                      
C42 2025 04 10 10 00 00-6.625045789406e-04-1.478372979591e-11 0.000000000000e+00
     1.000000000000e+00 3.289062500000e+01 3.820516282696e-09-5.612170259475e-01
     1.494772732258e-06 1.591364271007e-03 3.376044332981e-06 5.282624589920e+03
     3.816000000000e+05 7.450580596924e-09-2.048509789821e+00 6.053596735001e-09
     9.801871276082e-01 2.999375000000e+02-9.584708577356e-01-7.017078003750e-09
     3.443000557650e-10 0.000000000000e+00 1.005000000000e+03 0.000000000000e+00
     2.000000000000e+00 0.000000000000e+00-3.190000000000e-08-3.190000000000e-08
     3.816000000000e+05 1.000000000000e+00                                      
C42 2025 04 10 11 00 00-6.625576643273e-04-1.478817068801e-11 0.000000000000e+00
     1.000000000000e+00 3.720312500000e+01 3.798015345441e-09-7.367001338319e-02
     1.837033778429e-06 1.590700354427e-03 3.195833414793e-06 5.282623287201e+03
     3.852000000000e+05-7.450580596924e-09-2.048535105618e+00 7.450580596924e-09
     9.801883871807e-01 3.019531250000e+02-9.584507718704e-01-7.010649164535e-09
     3.532289991199e-10 0.000000000000e+00 1.005000000000e+03 0.000000000000e+00
     2.000000000000e+00 0.000000000000e+00-3.190000000000e-08-3.190000000000e-08
     3.852000000000e+05 1.000000000000e+00                                      
C42 2025 04 10 12 00 00-6.626104004681e-04-1.474464994544e-11 0.000000000000e+00
     1.000000000000e+00 4.418750000000e+01 3.797301029973e-09 4.141546815134e-01
     2.271495759487e-06 1.589712454006e-03 3.398861736059e-06 5.282621189117e+03
     3.888000000000e+05-1.024454832077e-08-2.048560376065e+00-3.725290298462e-09
     9.801896964924e-01 2.986718750000e+02-9.587080435696e-01-7.002434536648e-09
     3.578720496645e-10 0.000000000000e+00 1.005000000000e+03 0.000000000000e+00
     2.000000000000e+00 0.000000000000e+00-3.190000000000e-08-3.190000000000e-08
     3.888000000000e+05 1.000000000000e+00                                      
C42 2025 04 10 13 00 00-6.626633694395e-04-1.472955091231e-11 0.000000000000e+00
     1.000000000000e+00 4.507812500000e+01 3.778371670060e-09 9.019623538953e-01
     2.328306436539e-06 1.589371240698e-03 3.670342266560e-06 5.282620180130e+03
     3.924000000000e+05 7.450580596924e-09-2.048585590921e+00-8.381903171539e-09
     9.801910672466e-01 2.951093750000e+02-9.589477149015e-01-6.986362438610e-09
     3.593006806013e-10 0.000000000000e+00 1.005000000000e+03 0.000000000000e+00
     2.000000000000e+00 0.000000000000e+00-3.190000000000e-08-3.190000000000e-08
     3.924000000000e+05 1.000000000000e+00                                      
C42 2025 04 10 14 00 00-6.627156399190e-04-1.468958288342e-11 0.000000000000e+00
     1.000000000000e+00 4.571875000000e+01 3.737655688362e-09 1.389470182199e+00
     2.294778823853e-06 1.589387073182e-03 3.711320459843e-06 5.282620370865e+03
     3.960000000000e+05 1.909211277962e-08-2.048610644856e+00 2.747401595116e-08
     9.801924994434e-01 2.955625000000e+02-9.588874324362e-01-6.956004031203e-09
     3.482287908412e-10 0.000000000000e+00 1.005000000000e+03 0.000000000000e+00
     2.000000000000e+00 0.000000000000e+00-3.190000000000e-08-3.190000000000e-08
     3.960000000000e+05 1.000000000000e+00                                      
C42 2025 04 10 15 00 00-6.627694237977e-04-1.476507804909e-11 0.000000000000e+00
     1.000000000000e+00 4.548437500000e+01 3.719797801652e-09 1.877057078299e+00
     2.279877662659e-06 1.589408959262e-03 3.705732524395e-06 5.282620306015e+03
     3.996000000000e+05-3.818422555923e-08-2.048635438392e+00 5.215406417847e-08
     9.801938701977e-01 2.957968750000e+02-9.589065162025e-01-6.922431204188e-09
     3.125130174216e-10 0.000000000000e+00 1.005000000000e+03 0.000000000000e+00
     2.000000000000e+00 0.000000000000e+00-3.190000000000e-08-3.190000000000e-08
     3.996000000000e+05 1.000000000000e+00                                      
C42 2025 04 10 16 00 00-6.628221599385e-04-1.473576816124e-11 0.000000000000e+00
     1.000000000000e+00 4.490625000000e+01 3.739798634767e-09 2.364714728432e+00
     2.282205969095e-06 1.589547726326e-03 3.720633685589e-06 5.282619922638e+03
     4.032000000000e+05-8.055940270424e-08-2.048660018341e+00-1.955777406693e-08
     9.801950244400e-01 2.972656250000e+02-9.589964227589e-01-6.909930683492e-09
     2.528676758108e-10 0.000000000000e+00 1.005000000000e+03 0.000000000000e+00
     2.000000000000e+00 0.000000000000e+00-3.190000000000e-08-3.190000000000e-08
     4.032000000000e+05 1.000000000000e+00                                      
C42 2025 04 10 17 00 00-6.628755945712e-04-1.476596622751e-11 0.000000000000e+00
     1.000000000000e+00 4.381250000000e+01 3.771585673111e-09 2.852243868526e+00
     2.166721969843e-06 1.589309540577e-03 3.873836249113e-06 5.282620414734e+03
     4.068000000000e+05-1.396983861923e-08-2.048684544163e+00-7.310882210732e-08
     9.801958597663e-01 2.960000000000e+02-9.589576393377e-01-6.931360147543e-09
     1.935794919343e-10 0.000000000000e+00 1.005000000000e+03 0.000000000000e+00
     2.000000000000e+00 0.000000000000e+00-3.190000000000e-08-3.190000000000e-08
     4.068000000000e+05 1.000000000000e+00                                      
C42 2025 04 10 18 00 00-6.629282142967e-04-1.471356370075e-11 0.000000000000e+00
     1.000000000000e+00 3.937500000000e+01 3.795872399036e-09-2.943306127280e+00
     1.860316842794e-06 1.588698476553e-03 3.874767571688e-06 5.282621631622e+03
     4.104000000000e+05 3.073364496231e-08-2.048709279182e+00-3.166496753693e-08
     9.801964039718e-01 2.959843750000e+02-9.590250096411e-01-6.968147394166e-09
     1.617924535908e-10 0.000000000000e+00 1.005000000000e+03 0.000000000000e+00
     2.000000000000e+00 0.000000000000e+00-3.190000000000e-08-3.190000000000e-08
     4.104000000000e+05 1.000000000000e+00                                      
C42 2025 04 10 19 00 00-6.629812996835e-04-1.473843269650e-11 0.000000000000e+00
     1.000000000000e+00 3.814062500000e+01 3.827659437379e-09-2.455653310629e+00
     1.742038875818e-06 1.588489161804e-03 3.719702363014e-06 5.282622117996e+03
     4.140000000000e+05 1.396983861923e-08-2.048734318488e+00-9.778887033463e-09
     9.801968764943e-01 2.972343750000e+02-9.591100549207e-01-6.991005489154e-09
     1.557207721095e-10 0.000000000000e+00 1.005000000000e+03 0.000000000000e+00
     2.000000000000e+00 0.000000000000e+00-3.190000000000e-08-3.190000000000e-08
     4.140000000000e+05 1.000000000000e+00                                      
C42 2025 04 10 20 00 00-6.630339194089e-04-1.469047106184e-11 0.000000000000e+00
     1.000000000000e+00 3.768750000000e+01 3.875875731496e-09-1.968165847608e+00
     1.777429133654e-06 1.588541199453e-03 3.631226718426e-06 5.282621862411e+03
     4.176000000000e+05 0.000000000000e+00-2.048759511400e+00-2.188608050346e-08
     9.801973621831e-01 2.961718750000e+02-9.590296924419e-01-7.006363271725e-09
     1.592923494515e-10 0.000000000000e+00 1.005000000000e+03 0.000000000000e+00
     2.000000000000e+00 0.000000000000e+00-3.190000000000e-08-3.190000000000e-08
     4.176000000000e+05 1.000000000000e+00                                      
C42 2025 04 10 21 00 00-6.630861898884e-04-1.464250942718e-11 0.000000000000e+00
     1.000000000000e+00 3.976562500000e+01 3.905876981168e-09-1.480409528039e+00
     1.999083906412e-06 1.588577288203e-03 3.594439476728e-06 5.282622467041e+03
     4.212000000000e+05 1.443549990654e-08-2.048784818420e+00-4.190951585770e-08
     9.801978698157e-01 2.963437500000e+02-9.592178924640e-01-7.022435369763e-09
     1.710785546799e-10 0.000000000000e+00 1.005000000000e+03 0.000000000000e+00
     2.000000000000e+00 0.000000000000e+00-3.190000000000e-08-3.190000000000e-08
     4.212000000000e+05 1.000000000000e+00                                      
C42 2025 04 10 22 00 00-6.631379947066e-04-1.456612608308e-11 0.000000000000e+00
     1.000000000000e+00 4.335937500000e+01 3.918377501865e-09-9.924732666210e-01
     2.241227775812e-06 1.588933635503e-03 3.820750862360e-06 5.282623809814e+03
     4.248000000000e+05 5.820766091347e-08-2.048810293675e+00-2.048909664154e-08
     9.801984359650e-01 2.930312500000e+02-9.595860723716e-01-7.037793152334e-09
     2.035799084918e-10 0.000000000000e+00 1.005000000000e+03 0.000000000000e+00
     2.000000000000e+00 0.000000000000e+00-3.190000000000e-08-3.190000000000e-08
     4.248000000000e+05 1.000000000000e+00                                      
C42 2025 04 10 23 00 00-6.631893338636e-04-1.447553188427e-11 0.000000000000e+00
     1.000000000000e+00 4.353125000000e+01 3.928735076157e-09-5.048029154334e-01
     2.233311533928e-06 1.589151564986e-03 4.000496119261e-06 5.282624345779e+03
     4.284000000000e+05 3.864988684654e-08-2.048835924000e+00 5.075708031654e-08
     9.801991908307e-01 2.911250000000e+02-9.596886360952e-01-7.032078628587e-09
     2.567964108870e-10 0.000000000000e+00 1.005000000000e+03 0.000000000000e+00
     2.000000000000e+00 0.000000000000e+00-3.190000000000e-08-3.190000000000e-08
     4.284000000000e+05 1.000000000000e+00                                      
C43 2025 04 10 00 00 00 1.065396936610e-04 1.093347634651e-12 0.000000000000e+00
     1.000000000000e+00-8.264062500000e+01 4.224818837805e-09 3.957169163865e-01
    -4.284549504519e-06 6.569678662345e-04 7.144641131163e-06 5.282658887863e+03
     3.456000000000e+05-1.536682248116e-08 2.102981706886e+00-7.450580596924e-09
     9.473691220694e-01 2.114062500000e+02 8.365922793807e-01-7.075294714424e-09
    -3.703725703613e-10 0.000000000000e+00 1.005000000000e+03 0.000000000000e+00
     2.000000000000e+00 0.000000000000e+00-3.200000000000e-09-3.200000000000e-09
     3.456000000000e+05 1.000000000000e+00                                      
C43 2025 04 10 01 00 00 1.065443502739e-04 1.156408302450e-12 0.000000000000e+00
     1.000000000000e+00-8.420312500000e+01 4.165530653929e-09 8.825668777444e-01
    -4.311092197895e-06 6.573264254257e-04 7.160939276218e-06 5.282660020828e+03
     3.492000000000e+05-3.259629011154e-09 2.102956360368e+00-3.352761268616e-08
     9.473677776477e-01 2.072500000000e+02 8.373013235895e-01-7.079223449501e-09
    -3.914448766789e-10 0.000000000000e+00 1.005000000000e+03 0.000000000000e+00
     2.000000000000e+00 0.000000000000e+00-3.200000000000e-09-3.200000000000e-09
     3.492000000000e+05 1.000000000000e+00                                      
C43 2025 04 10 02 00 00 1.065495889634e-04 1.247002501259e-12 0.000000000000e+00
     1.000000000000e+00-8.984375000000e+01 4.115528571141e-09 1.368919752705e+00
    -4.444736987352e-06 6.575278239325e-04 7.222872227430e-06 5.282661611557e+03
     3.528000000000e+05 2.328306436539e-08 2.102930988980e+00-2.700835466385e-08
     9.473663147296e-01 2.049218750000e+02 8.385068617136e-01-7.092795443400e-09
    -4.078741324519e-10 0.000000000000e+00 1.005000000000e+03 0.000000000000e+00
     2.000000000000e+00 0.000000000000e+00-3.200000000000e-09-3.200000000000e-09
     3.528180000000e+05 1.000000000000e+00                                      
C43 2025 04 10 03 00 00 1.065547112375e-04 1.306510455379e-12 0.000000000000e+00
     1.000000000000e+00-8.871875000000e+01 4.096242053495e-09 1.856850065898e+00
    -4.293397068977e-06 6.576345767826e-04 7.365364581347e-06 5.282661085129e+03
     3.564000000000e+05 2.374872565269e-08 2.102905465448e+00-2.142041921616e-08
     9.473648284049e-01 2.033750000000e+02 8.381344013077e-01-7.096724178476e-09
    -4.100170788571e-10 0.000000000000e+00 1.005000000000e+03 0.000000000000e+00
     2.000000000000e+00 0.000000000000e+00-3.200000000000e-09-3.200000000000e-09
     3.564180000000e+05 1.000000000000e+00                                      
C43 2025 04 10 04 00 00 1.065605320036e-04 1.397104654188e-12 0.000000000000e+00
     1.000000000000e+00-8.857812500000e+01 4.080527113190e-09 2.345043901840e+00
    -4.288274794817e-06 6.580000044778e-04 7.639639079571e-06 5.282660003662e+03
     3.600000000000e+05 4.656612873077e-08 2.102879924361e+00-1.816079020500e-08
     9.473634591136e-01 1.993437500000e+02 8.374985878521e-01-7.075651872159e-09
    -4.107313943255e-10 0.000000000000e+00 1.005000000000e+03 0.000000000000e+00
     2.000000000000e+00 0.000000000000e+00-3.200000000000e-09-3.200000000000e-09
     3.600000000000e+05 1.000000000000e+00                                      
C43 2025 04 10 05 00 00 1.065608812496e-04 1.092459456231e-12 0.000000000000e+00
     1.000000000000e+00-8.531250000000e+01 4.034810923213e-09 2.832413273725e+00
    -4.162546247244e-06 6.575392326340e-04 7.589813321829e-06 5.282660924911e+03
     3.636000000000e+05 4.842877388000e-08 2.102854608564e+00 3.306195139885e-08
     9.473621512648e-01 2.007968750000e+02 8.376873818190e-01-7.035650205929e-09
    -4.285892810353e-10 0.000000000000e+00 1.005000000000e+03 0.000000000000e+00
     2.000000000000e+00 0.000000000000e+00-3.200000000000e-09-3.200000000000e-09
     3.636000000000e+05 1.000000000000e+00                                      
C43 2025 04 10 06 00 00 1.065650722012e-04 1.119104808822e-12 0.000000000000e+00
     1.000000000000e+00-8.189062500000e+01 4.005881146743e-09-2.963151501942e+00
    -4.000496119261e-06 6.570557598025e-04 7.639173418283e-06 5.282661872864e+03
     3.672000000000e+05-5.122274160385e-09 2.102829507815e+00 4.237517714500e-08
     9.473606912726e-01 1.998437500000e+02 8.376244675641e-01-7.009220533598e-09
    -4.618049503155e-10 0.000000000000e+00 1.005000000000e+03 0.000000000000e+00
     2.000000000000e+00 0.000000000000e+00-3.200000000000e-09-3.200000000000e-09
     3.672000000000e+05 1.000000000000e+00                                      
C43 2025 04 10 07 00 00 1.065687974915e-04 1.098676705169e-12 0.000000000000e+00
     1.000000000000e+00-8.231250000000e+01 4.031953661340e-09-2.476355497392e+00
    -4.018656909466e-06 6.576535524800e-04 7.387250661850e-06 5.282660354614e+03
     3.708000000000e+05-1.955777406693e-08 2.102804484602e+00-4.656612873077e-09
     9.473590323234e-01 2.056250000000e+02 8.383857525775e-01-7.005291798522e-09
    -4.978778814693e-10 0.000000000000e+00 1.005000000000e+03 0.000000000000e+00
     2.000000000000e+00 0.000000000000e+00-3.200000000000e-09-3.200000000000e-09
     3.708000000000e+05 1.000000000000e+00                                      
C43 2025 04 10 08 00 00 1.065729884431e-04 1.117328451983e-12 0.000000000000e+00
     1.000000000000e+00-7.746875000000e+01 4.083027217330e-09-1.990100122995e+00
    -3.831926733255e-06 6.580834742635e-04 7.181428372860e-06 5.282658496857e+03
     3.744000000000e+05 2.095475792885e-08 2.102779451147e+00-2.095475792885e-08
     9.473571890467e-01 2.108437500000e+02 8.396882880219e-01-7.020292423358e-09
    -5.275219734076e-10 0.000000000000e+00 1.005000000000e+03 0.000000000000e+00
     2.000000000000e+00 0.000000000000e+00-3.200000000000e-09-3.200000000000e-09
     3.744000000000e+05 1.000000000000e+00                                      
C43 2025 04 10 09 00 00 1.065770629793e-04 1.117328451983e-12 0.000000000000e+00
     2.000000000000e+00-7.993750000000e+01 4.114814255673e-09-1.501972257345e+00
    -4.052650183439e-06 6.581497145817e-04 7.102265954018e-06 5.282659244537e+03
     3.780000000000e+05 4.051253199577e-08 2.102754337233e+00 2.048909664154e-08
     9.473551614422e-01 2.120781250000e+02 8.391190431906e-01-7.051722303967e-09
    -5.482371219910e-10 0.000000000000e+00 1.005000000000e+03 0.000000000000e+00
     2.000000000000e+00 0.000000000000e+00-3.200000000000e-09-3.200000000000e-09
     3.780000000000e+05 2.000000000000e+00                                      
C43 2025 04 10 10 00 00 1.065798569471e-04 1.031175145272e-12 0.000000000000e+00
     1.000000000000e+00-8.334375000000e+01 4.133743615585e-09-1.012821633481e+00
    -4.264060407877e-06 6.587678799406e-04 6.594229489565e-06 5.282661621094e+03
     3.816000000000e+05 9.313225746155e-10 2.102729002417e+00 4.470348358154e-08
     9.473529933976e-01 2.202031250000e+02 8.375269187236e-01-7.092438285666e-09
    -5.539516457381e-10 0.000000000000e+00 1.005000000000e+03 0.000000000000e+00
     2.000000000000e+00 0.000000000000e+00-3.200000000000e-09-3.200000000000e-09
     3.816000000000e+05 1.000000000000e+00                                      
C43 2025 04 10 11 00 00 1.065833494067e-04 1.008970684779e-12 0.000000000000e+00
     1.000000000000e+00-8.242187500000e+01 4.174102439550e-09-5.248881954945e-01
    -4.146248102188e-06 6.590769626200e-04 6.357207894325e-06 5.282662397385e+03
     3.852000000000e+05-2.514570951462e-08 2.102703389648e+00 1.257285475731e-08
     9.473508341305e-01 2.228906250000e+02 8.371514271515e-01-7.127796901351e-09
    -5.450227023832e-10 0.000000000000e+00 1.005000000000e+03 0.000000000000e+00
     2.000000000000e+00 0.000000000000e+00-3.200000000000e-09-3.200000000000e-09
     3.852000000000e+05 1.000000000000e+00                                      
C43 2025 04 10 12 00 00 1.065873075277e-04 1.031175145272e-12 0.000000000000e+00
     1.000000000000e+00-8.885937500000e+01 4.233390623426e-09-3.735800063639e-02
    -4.349742084742e-06 6.582143250853e-04 6.339047104120e-06 5.282660730362e+03
     3.888000000000e+05-9.778887033463e-09 2.102677632049e+00-6.519258022308e-09
     9.473488138407e-01 2.232656250000e+02 8.371791801704e-01-7.143868999390e-09
    -5.332364971548e-10 0.000000000000e+00 1.005000000000e+03 0.000000000000e+00
     2.000000000000e+00 0.000000000000e+00-3.200000000000e-09-3.200000000000e-09
     3.888000000000e+05 1.000000000000e+00                                      
C43 2025 04 10 13 00 00 1.065907999873e-04 1.016076112137e-12 0.000000000000e+00
     1.000000000000e+00-9.284375000000e+01 4.278749655669e-09 4.507335202775e-01
    -4.495494067669e-06 6.574025610462e-04 6.151851266623e-06 5.282659011841e+03
     3.924000000000e+05-5.587935447693e-09 2.102651894931e+00-3.725290298462e-09
     9.473468930292e-01 2.284843750000e+02 8.366463064083e-01-7.145654788061e-09
    -5.300220775470e-10 0.000000000000e+00 1.005000000000e+03 0.000000000000e+00
     2.000000000000e+00 0.000000000000e+00-3.200000000000e-09-3.200000000000e-09
     3.924000000000e+05 1.000000000000e+00                                      
C43 2025 04 10 14 00 00 1.065952237695e-04 1.078248601516e-12 0.000000000000e+00
     1.000000000000e+00-9.387500000000e+01 4.290178703163e-09 9.379782793374e-01
    -4.569999873638e-06 6.575183942914e-04 6.286427378654e-06 5.282659475327e+03
     3.960000000000e+05-3.259629011154e-09 2.102626194386e+00-7.450580596924e-09
     9.473449824582e-01 2.271718750000e+02 8.369607942966e-01-7.146369103529e-09
    -5.335936548889e-10 0.000000000000e+00 1.005000000000e+03 0.000000000000e+00
     2.000000000000e+00 0.000000000000e+00-3.200000000000e-09-3.200000000000e-09
     3.960000000000e+05 1.000000000000e+00                                      
C43 2025 04 10 15 00 00 1.065990654752e-04 1.086242207293e-12 0.000000000000e+00
     1.000000000000e+00-9.884375000000e+01 4.285535652619e-09 1.424471080950e+00
    -4.875008016825e-06 6.576494779438e-04 6.367452442646e-06 5.282660877228e+03
     3.996000000000e+05-1.862645149231e-09 2.102600470435e+00-8.381903171539e-09
     9.473430587209e-01 2.258125000000e+02 8.380270889520e-01-7.146369103529e-09
    -5.343079703573e-10 0.000000000000e+00 1.005000000000e+03 0.000000000000e+00
     2.000000000000e+00 0.000000000000e+00-3.200000000000e-09-3.200000000000e-09
     3.996000000000e+05 1.000000000000e+00                                      
C43 2025 04 10 16 00 00 1.066036056727e-04 1.141309269315e-12 0.000000000000e+00
     1.000000000000e+00-9.789062500000e+01 4.303393539329e-09 1.912372306943e+00
    -4.868023097515e-06 6.577684544027e-04 6.411690264940e-06 5.282660387039e+03
     4.032000000000e+05-9.313225746155e-10 2.102574733317e+00-1.210719347000e-08
     9.473411510758e-01 2.240781250000e+02 8.376845496096e-01-7.142797526187e-09
    -5.328793394206e-10 0.000000000000e+00 1.005000000000e+03 0.000000000000e+00
     2.000000000000e+00 0.000000000000e+00-3.200000000000e-09-3.200000000000e-09
     4.032000000000e+05 1.000000000000e+00                                      
C43 2025 04 10 17 00 00 1.066072145477e-04 1.099564883589e-12 0.000000000000e+00
     1.000000000000e+00-9.851562500000e+01 4.331251842596e-09 2.400698298515e+00
    -4.897825419903e-06 6.582834757864e-04 6.644055247307e-06 5.282658992767e+03
     4.068000000000e+05-4.656612873077e-09 2.102549018143e+00-1.490116119385e-08
     9.473392185610e-01 2.187812500000e+02 8.369175211798e-01-7.146369103529e-09
    -5.321650239522e-10 0.000000000000e+00 1.005000000000e+03 0.000000000000e+00
     2.000000000000e+00 0.000000000000e+00-3.200000000000e-09-3.200000000000e-09
     4.068000000000e+05 1.000000000000e+00                                      
C43 2025 04 10 18 00 00 1.066116383299e-04 1.132427485118e-12 0.000000000000e+00
     1.000000000000e+00-9.679687500000e+01 4.333751946735e-09 2.888213785194e+00
    -4.829838871956e-06 6.580572808161e-04 6.636604666710e-06 5.282659427643e+03
     4.104000000000e+05 3.725290298462e-09 2.102523193250e+00-4.516914486885e-08
     9.473372070486e-01 2.190468750000e+02 8.369615433106e-01-7.168512883050e-09
    -5.193073455211e-10 0.000000000000e+00 1.005000000000e+03 0.000000000000e+00
     2.000000000000e+00 0.000000000000e+00-3.200000000000e-09-3.200000000000e-09
     4.104000000000e+05 1.000000000000e+00                                      
C43 2025 04 10 19 00 00 1.066155964509e-04 1.120881165662e-12 0.000000000000e+00
     1.000000000000e+00-9.385937500000e+01 4.338037839546e-09-2.907313677284e+00
    -4.691537469625e-06 6.576253799722e-04 6.699003279209e-06 5.282660282135e+03
     4.140000000000e+05 6.845220923424e-08 2.102497118198e+00-4.190951585770e-08
     9.473352525901e-01 2.178125000000e+02 8.368631064789e-01-7.196728344051e-09
    -4.785913638228e-10 0.000000000000e+00 1.005000000000e+03 0.000000000000e+00
     2.000000000000e+00 0.000000000000e+00-3.200000000000e-09-3.200000000000e-09
     4.140000000000e+05 1.000000000000e+00                                      
C43 2025 04 10 20 00 00 1.066207187250e-04 1.209699007632e-12 0.000000000000e+00
     1.000000000000e+00-9.359375000000e+01 4.366967616016e-09-2.420533011430e+00
    -4.678964614868e-06 6.581669440493e-04 6.459187716246e-06 5.282658832550e+03
     4.176000000000e+05 7.497146725655e-08 2.102470889540e+00 3.632158041000e-08
     9.473335321984e-01 2.233593750000e+02 8.376416729436e-01-7.198871290456e-09
    -4.221604418198e-10 0.000000000000e+00 1.005000000000e+03 0.000000000000e+00
     2.000000000000e+00 0.000000000000e+00-3.200000000000e-09-3.200000000000e-09
     4.176000000000e+05 1.000000000000e+00                                      
C43 2025 04 10 21 00 00 1.066211843863e-04 9.503509090791e-13 0.000000000000e+00
     1.000000000000e+00-8.828125000000e+01 4.374110770699e-09-1.934299574953e+00
    -4.409346729517e-06 6.585434312001e-04 6.235670298338e-06 5.282656982422e+03
     4.212000000000e+05 5.122274160385e-09 2.102444685752e+00 5.355104804039e-08
     9.473321043904e-01 2.279062500000e+02 8.389680510269e-01-7.171370144923e-09
    -3.757299363743e-10 0.000000000000e+00 1.005000000000e+03 0.000000000000e+00
     2.000000000000e+00 0.000000000000e+00-3.200000000000e-09-3.200000000000e-09
     4.212000000000e+05 1.000000000000e+00                                      
C43 2025 04 10 22 00 00 1.066250260919e-04 9.858780458671e-13 0.000000000000e+00
     1.000000000000e+00-9.100000000000e+01 4.329108896191e-09-1.446126636796e+00
    -4.472211003304e-06 6.586337694898e-04 6.183516234159e-06 5.282657781601e+03
     4.248000000000e+05-1.071020960808e-08 2.102418748214e+00 1.909211277962e-08
     9.473308667617e-01 2.295156250000e+02 8.383553589915e-01-7.144583314858e-09
    -3.589435228671e-10 0.000000000000e+00 1.005000000000e+03 0.000000000000e+00
     2.000000000000e+00 0.000000000000e+00-3.200000000000e-09-3.200000000000e-09
     4.248000000000e+05 1.000000000000e+00                                      
C43 2025 04 10 23 00 00 1.066299155354e-04 1.107558489366e-12 0.000000000000e+00
     1.000000000000e+00-9.364062500000e+01 4.277678182466e-09-9.569430519249e-01
    -4.580710083246e-06 6.593519356102e-04 5.803070962429e-06 5.282660285950e+03
     4.284000000000e+05-1.257285475731e-08 2.102393027188e+00 1.536682248116e-08
     9.473295764679e-01 2.386250000000e+02 8.367314760360e-01-7.144583314858e-09
    -3.575148919303e-10 0.000000000000e+00 1.005000000000e+03 0.000000000000e+00
     2.000000000000e+00 0.000000000000e+00-3.200000000000e-09-3.200000000000e-09
     4.284000000000e+05 1.000000000000e+00                                      
C44 2025 04 10 00 00 00 7.921591168270e-04 1.100897151218e-11 0.000000000000e+00
     1.000000000000e+00-8.782812500000e+01 4.158387499245e-09 1.961662778832e+00
    -4.271510988474e-06 8.609513752162e-04 7.787719368935e-06 5.282620714188e+03
     3.456000000000e+05 2.328306436539e-09 2.103507994591e+00-2.188608050346e-08
     9.478326491258e-01 1.962031250000e+02 8.143841281735e-01-7.059936931854e-09
    -4.164459180726e-10 0.000000000000e+00 1.005000000000e+03 0.000000000000e+00
     2.000000000000e+00 0.000000000000e+00-1.200000000000e-09-1.200000000000e-09
     3.456000000000e+05 1.000000000000e+00                                      
C44 2025 04 10 01 00 00 7.921986980364e-04 1.100541879850e-11 0.000000000000e+00
     1.000000000000e+00-8.746875000000e+01 4.141958243472e-09 2.449344107756e+00
    -4.265457391739e-06 8.610128425062e-04 7.868278771639e-06 5.282620504379e+03
     3.492000000000e+05 2.048909664154e-08 2.103482595408e+00-1.722946763039e-08
     9.478312374098e-01 1.953125000000e+02 8.142722266438e-01-7.042436202878e-09
    -4.171602335410e-10 0.000000000000e+00 1.005000000000e+03 0.000000000000e+00
     2.000000000000e+00 0.000000000000e+00-1.200000000000e-09-1.200000000000e-09
     3.492000000000e+05 1.000000000000e+00                                      
C44 2025 04 10 02 00 00 7.922385120764e-04 1.102051783164e-11 0.000000000000e+00
     1.000000000000e+00-8.107812500000e+01 4.098384999900e-09 2.936692565764e+00
    -4.006549715996e-06 8.601088775322e-04 7.773749530315e-06 5.282622297287e+03
     3.528000000000e+05 2.095475792885e-08 2.103457285462e+00-5.587935447693e-09
     9.478297671772e-01 1.976875000000e+02 8.144931331254e-01-7.033864417258e-09
    -4.214461263514e-10 0.000000000000e+00 1.005000000000e+03 0.000000000000e+00
     2.000000000000e+00 0.000000000000e+00-1.200000000000e-09-1.200000000000e-09
     3.528000000000e+05 1.000000000000e+00                                      
C44 2025 04 10 03 00 00 7.922786753625e-04 1.105959768211e-11 0.000000000000e+00
     1.000000000000e+00-7.840625000000e+01 4.076241220380e-09-2.858873857149e+00
    -3.924593329430e-06 8.597434498370e-04 7.786788046360e-06 5.282623006821e+03
     3.564000000000e+05 2.281740307808e-08 2.103431955035e+00-4.190951585770e-09
     9.478282486682e-01 1.968750000000e+02 8.144429067590e-01-7.034578732726e-09
    -4.200174954146e-10 0.000000000000e+00 1.005000000000e+03 0.000000000000e+00
     2.000000000000e+00 0.000000000000e+00-1.200000000000e-09-1.200000000000e-09
     3.564000000000e+05 1.000000000000e+00                                      
C44 2025 04 10 04 00 00 7.923186058179e-04 1.107380853682e-11 0.000000000000e+00
     1.000000000000e+00-7.800000000000e+01 4.094099107090e-09-2.372178246814e+00
    -3.907363861799e-06 8.605003822595e-04 7.359310984612e-06 5.282620923996e+03
     3.600000000000e+05 2.235174179077e-08 2.103406598276e+00 5.122274160385e-09
     9.478267374738e-01 2.046875000000e+02 8.153157553681e-01-7.034578732726e-09
    -4.139458139333e-10 0.000000000000e+00 1.005000000000e+03 0.000000000000e+00
     2.000000000000e+00 0.000000000000e+00-1.200000000000e-09-1.200000000000e-09
     3.600000000000e+05 1.000000000000e+00                                      
C44 2025 04 10 05 00 00 7.923579541966e-04 1.103028779426e-11 0.000000000000e+00
     1.000000000000e+00-7.251562500000e+01 4.111242678331e-09-1.885650518033e+00
    -3.608874976635e-06 8.608476491645e-04 7.124152034521e-06 5.282619056702e+03
     3.636000000000e+05 2.281740307808e-08 2.103381281016e+00 6.519258022308e-09
     9.478252467603e-01 2.091093750000e+02 8.163571891937e-01-7.034935890460e-09
    -4.143029716675e-10 0.000000000000e+00 1.005000000000e+03 0.000000000000e+00
     2.000000000000e+00 0.000000000000e+00-1.200000000000e-09-1.200000000000e-09
     3.636000000000e+05 1.000000000000e+00                                      
C44 2025 04 10 06 00 00 7.923974189907e-04 1.100541879850e-11 0.000000000000e+00
     1.000000000000e+00-7.489062500000e+01 4.101242261774e-09-1.397659432297e+00
    -3.693625330925e-06 8.609436918050e-04 7.064081728458e-06 5.282619783401e+03
     3.672000000000e+05 2.607703208923e-08 2.103356020810e+00 2.700835466385e-08
     9.478236931413e-01 2.106406250000e+02 8.159357868635e-01-7.049936515297e-09
    -4.221604418198e-10 0.000000000000e+00 1.005000000000e+03 0.000000000000e+00
     2.000000000000e+00 0.000000000000e+00-1.200000000000e-09-1.200000000000e-09
     3.672000000000e+05 1.000000000000e+00                                      
C44 2025 04 10 07 00 00 7.924364181235e-04 1.095479262858e-11 0.000000000000e+00
     1.000000000000e+00-7.660937500000e+01 4.075169747177e-09-9.092492688074e-01
    -3.764405846596e-06 8.614630205557e-04 6.805174052715e-06 5.282621511459e+03
     3.708000000000e+05 6.053596735001e-09 2.103330655273e+00 3.445893526077e-08
     9.478220839314e-01 2.169843750000e+02 8.150950112704e-01-7.068151559741e-09
    -4.239462304908e-10 0.000000000000e+00 1.005000000000e+03 0.000000000000e+00
     2.000000000000e+00 0.000000000000e+00-1.200000000000e-09-1.200000000000e-09
     3.708000000000e+05 1.000000000000e+00                                      
C44 2025 04 10 08 00 00 7.924757665023e-04 1.093969359545e-11 0.000000000000e+00
     1.000000000000e+00-7.787500000000e+01 4.065883646088e-09-4.217010581132e-01
    -3.857538104057e-06 8.613044628873e-04 6.859656423330e-06 5.282621217728e+03
     3.744000000000e+05 4.656612873077e-09 2.103305216590e+00 3.911554813385e-08
     9.478205712741e-01 2.166875000000e+02 8.151155945277e-01-7.065651455601e-09
    -4.253748614275e-10 0.000000000000e+00 1.005000000000e+03 0.000000000000e+00
     2.000000000000e+00 0.000000000000e+00-1.200000000000e-09-1.200000000000e-09
     3.744000000000e+05 1.000000000000e+00                                      
C44 2025 04 10 09 00 00 7.925132522359e-04 1.077182787412e-11 0.000000000000e+00
     1.000000000000e+00-8.696875000000e+01 4.079812797722e-09 6.595555481074e-02
    -4.314351826906e-06 8.600428700447e-04 6.781425327063e-06 5.282618757248e+03
     3.780000000000e+05-4.377216100693e-08 2.103279992957e+00 6.332993507385e-08
     9.478191493177e-01 2.183281250000e+02 8.150277828700e-01-7.035293048194e-09
    -4.560904265684e-10 0.000000000000e+00 1.005000000000e+03 0.000000000000e+00
     2.000000000000e+00 0.000000000000e+00-1.200000000000e-09-1.200000000000e-09
     3.780000000000e+05 1.000000000000e+00                                      
C44 2025 04 10 10 00 00 7.925524841994e-04 1.083222400666e-11 0.000000000000e+00
     1.000000000000e+00-8.998437500000e+01 4.096956368963e-09 5.539503841541e-01
    -4.450324922800e-06 8.593471720815e-04 6.560236215591e-06 5.282617225647e+03
     3.816000000000e+05-1.015141606331e-07 2.103255069222e+00-1.350417733192e-08
     9.478175518112e-01 2.233125000000e+02 8.146024423643e-01-7.017435161485e-09
    -5.246647115340e-10 0.000000000000e+00 1.005000000000e+03 0.000000000000e+00
     2.000000000000e+00 0.000000000000e+00-1.200000000000e-09-1.200000000000e-09
     3.816000000000e+05 1.000000000000e+00                                      
C44 2025 04 10 11 00 00 7.925938116387e-04 1.109778935415e-11 0.000000000000e+00
     1.000000000000e+00-9.309375000000e+01 4.101242261774e-09 1.040785371083e+00
    -4.621688276529e-06 8.596885018051e-04 6.800983101130e-06 5.282618631363e+03
     3.852000000000e+05-2.840533852577e-08 2.103230237650e+00-8.754432201385e-08
     9.478155812605e-01 2.191406250000e+02 8.153373714456e-01-7.041007571942e-09
    -5.975248893100e-10 0.000000000000e+00 1.005000000000e+03 0.000000000000e+00
     2.000000000000e+00 0.000000000000e+00-1.200000000000e-09-1.200000000000e-09
     3.852000000000e+05 1.000000000000e+00                                      
C44 2025 04 10 12 00 00 7.926324615255e-04 1.097788526749e-11 0.000000000000e+00
     1.000000000000e+00-1.005312500000e+02 4.116242886610e-09 1.527158405055e+00
    -5.065929144621e-06 8.597753476351e-04 6.842426955700e-06 5.282620655060e+03
     3.888000000000e+05 2.887099981308e-08 2.103205148605e+00-4.703179001808e-08
     9.478132639983e-01 2.183281250000e+02 8.165338906798e-01-7.082437869108e-09
    -6.353836091348e-10 0.000000000000e+00 1.005000000000e+03 0.000000000000e+00
     2.000000000000e+00 0.000000000000e+00-1.200000000000e-09-1.200000000000e-09
     3.888000000000e+05 1.000000000000e+00                                      
C44 2025 04 10 13 00 00 7.926711114123e-04 1.090594281550e-11 0.000000000000e+00
     1.000000000000e+00-1.002968750000e+02 4.173745281815e-09 2.014849269279e+00
    -5.146954208612e-06 8.598633576185e-04 6.772112101316e-06 5.282620405197e+03
     3.924000000000e+05 1.164153218269e-08 2.103179718700e+00-1.583248376846e-08
     9.478108384801e-01 2.171250000000e+02 8.164121978393e-01-7.111724803312e-09
    -6.443125524897e-10 0.000000000000e+00 1.005000000000e+03 0.000000000000e+00
     2.000000000000e+00 0.000000000000e+00-1.200000000000e-09-1.200000000000e-09
     3.924000000000e+05 1.000000000000e+00                                      
C44 2025 04 10 14 00 00 7.927094120532e-04 1.080202594039e-11 0.000000000000e+00
     1.000000000000e+00-1.005312500000e+02 4.238390831705e-09 2.502629658239e+00
    -5.106441676617e-06 8.600535802543e-04 6.704591214657e-06 5.282619918823e+03
     3.960000000000e+05-1.396983861923e-08 2.103154083987e+00-2.887099981308e-08
     9.478083997957e-01 2.150000000000e+02 8.162014103620e-01-7.136725844706e-09
    -6.410981328820e-10 0.000000000000e+00 1.005000000000e+03 0.000000000000e+00
     2.000000000000e+00 0.000000000000e+00-1.200000000000e-09-1.200000000000e-09
     3.960000000000e+05 1.000000000000e+00                                      
C44 2025 04 10 15 00 00 7.927493425086e-04 1.089350831762e-11 0.000000000000e+00
     1.000000000000e+00-9.476562500000e+01 4.271606500985e-09 2.990062952330e+00
    -4.690140485764e-06 8.592380909249e-04 6.601214408875e-06 5.282621530533e+03
     3.996000000000e+05 1.071020960808e-08 2.103128200577e+00-7.869675755501e-08
     9.478059362416e-01 2.162968750000e+02 8.163381434632e-01-7.174941722265e-09
    -6.160970914882e-10 0.000000000000e+00 1.005000000000e+03 0.000000000000e+00
     2.000000000000e+00 0.000000000000e+00-1.200000000000e-09-1.200000000000e-09
     3.996000000000e+05 1.000000000000e+00                                      
C44 2025 04 10 16 00 00 7.927890401334e-04 1.093702906019e-11 0.000000000000e+00
     1.000000000000e+00-9.189062500000e+01 4.318394164165e-09-2.805447255030e+00
    -4.434492439032e-06 8.587965276092e-04 6.772112101316e-06 5.282622417450e+03
     4.032000000000e+05 1.071020960808e-07 2.103101951438e+00-4.936009645462e-08
     9.478036102019e-01 2.148906250000e+02 8.162327826402e-01-7.212086126622e-09
    -5.500229106620e-10 0.000000000000e+00 1.005000000000e+03 0.000000000000e+00
     2.000000000000e+00 0.000000000000e+00-1.200000000000e-09-1.200000000000e-09
     4.032000000000e+05 1.000000000000e+00                                      
C44 2025 04 10 17 00 00 7.928287377581e-04 1.096989166172e-11 0.000000000000e+00
     1.000000000000e+00-9.051562500000e+01 4.382325398586e-09-2.318796164219e+00
    -4.382804036140e-06 8.595015387982e-04 6.550457328558e-06 5.282620367050e+03
     4.068000000000e+05 8.987262845039e-08 2.103075500416e+00 6.845220923424e-08
     9.478016557433e-01 2.227343750000e+02 8.171514527694e-01-7.207085918343e-09
    -4.643050544549e-10 0.000000000000e+00 1.005000000000e+03 0.000000000000e+00
     2.000000000000e+00 0.000000000000e+00-1.200000000000e-09-1.200000000000e-09
     4.068000000000e+05 1.000000000000e+00                                      
C44 2025 04 10 18 00 00 7.928711129352e-04 1.116795544931e-11 0.000000000000e+00
     1.000000000000e+00-8.392187500000e+01 4.402326231701e-09-1.832386966912e+00
    -4.121102392673e-06 8.598220301792e-04 6.392132490873e-06 5.282618335724e+03
     4.104000000000e+05-6.984919309616e-09 2.103049170817e+00 6.984919309616e-08
     9.478001372344e-01 2.268281250000e+02 8.183128458775e-01-7.163869832505e-09
    -4.035882396416e-10 0.000000000000e+00 1.005000000000e+03 0.000000000000e+00
     2.000000000000e+00 0.000000000000e+00-1.200000000000e-09-1.200000000000e-09
     4.104000000000e+05 1.000000000000e+00                                      
C44 2025 04 10 19 00 00 7.929109269753e-04 1.113598102620e-11 0.000000000000e+00
     1.000000000000e+00-8.589062500000e+01 4.366610458281e-09-1.344438850006e+00
    -4.193279892206e-06 8.599309949204e-04 6.328336894512e-06 5.282618995667e+03
     4.140000000000e+05-1.676380634308e-08 2.103023253760e+00 2.700835466385e-08
     9.477988293856e-01 2.285156250000e+02 8.179357772797e-01-7.131368478693e-09
    -3.860875106660e-10 0.000000000000e+00 1.005000000000e+03 0.000000000000e+00
     2.000000000000e+00 0.000000000000e+00-1.200000000000e-09-1.200000000000e-09
     4.140000000000e+05 1.000000000000e+00                                      
C44 2025 04 10 20 00 00 7.929495768622e-04 1.099742519273e-11 0.000000000000e+00
     1.000000000000e+00-8.687500000000e+01 4.329108896191e-09-8.560376088539e-01
    -4.232861101627e-06 8.605066686869e-04 6.067566573620e-06 5.282620788574e+03
     4.176000000000e+05-2.281740307808e-08 2.102997582473e+00 2.374872565269e-08
     9.477974205955e-01 2.351718750000e+02 8.171051060617e-01-7.136011529238e-09
    -3.850160374634e-10 0.000000000000e+00 1.005000000000e+03 0.000000000000e+00
     2.000000000000e+00 0.000000000000e+00-1.200000000000e-09-1.200000000000e-09
     4.176000000000e+05 1.000000000000e+00                                      
C44 2025 04 10 21 00 00 7.929885759950e-04 1.094502266596e-11 0.000000000000e+00
     1.000000000000e+00-8.740625000000e+01 4.323394372444e-09-3.684304557273e-01
    -4.323199391365e-06 8.604628965259e-04 6.104353815317e-06 5.282620719910e+03
     4.212000000000e+05-2.980232238770e-08 2.102971810246e+00-6.519258022308e-09
     9.477959225674e-01 2.356093750000e+02 8.170679216100e-01-7.161012570631e-09
    -3.750156209059e-10 0.000000000000e+00 1.005000000000e+03 0.000000000000e+00
     2.000000000000e+00 0.000000000000e+00-1.200000000000e-09-1.200000000000e-09
     4.212000000000e+05 1.000000000000e+00                                      
C44 2025 04 10 22 00 00 7.930276915431e-04 1.096012169910e-11 0.000000000000e+00
     1.000000000000e+00-9.465625000000e+01 4.327323107520e-09 1.192860944132e-01
    -4.817731678486e-06 8.594173705205e-04 5.955342203379e-06 5.282618661880e+03
     4.248000000000e+05-4.190951585770e-09 2.102945913670e+00-1.862645149231e-08
     9.477945210919e-01 2.378750000000e+02 8.169214206048e-01-7.176727510936e-09
    -3.589435228671e-10 0.000000000000e+00 1.005000000000e+03 0.000000000000e+00
     2.000000000000e+00 0.000000000000e+00-1.200000000000e-09-1.200000000000e-09
     4.248000000000e+05 1.000000000000e+00                                      
C44 2025 04 10 23 00 00 7.930669235066e-04 1.093169998967e-11 0.000000000000e+00
     1.000000000000e+00-9.687500000000e+01 4.306250801202e-09 6.073440267280e-01
    -4.985369741917e-06 8.587425108999e-04 5.522277206182e-06 5.282617097855e+03
     4.284000000000e+05 2.328306436539e-09 2.102920041964e+00-1.117587089539e-08
     9.477932293352e-01 2.431250000000e+02 8.164341269813e-01-7.178870457341e-09
    -3.528718413857e-10 0.000000000000e+00 1.005000000000e+03 0.000000000000e+00
     2.000000000000e+00 0.000000000000e+00-1.200000000000e-09-1.200000000000e-09
     4.284000000000e+05 1.000000000000e+00                                      
C45 2025 04 10 00 00 00-2.821430098265e-04-1.108801939154e-11 0.000000000000e+00
     1.000000000000e+00 5.606250000000e+01 3.844803008621e-09-9.103473058593e-01
     2.678018063307e-06 4.682879662141e-04 1.229252666235e-05 5.282652194977e+03
     3.456000000000e+05 7.450580596924e-09 4.856149542121e-02 1.406297087669e-07
     9.502379951238e-01 1.069687500000e+02 3.259166885154e-01-6.863500178046e-09
     2.192948487964e-10 0.000000000000e+00 1.005000000000e+03 0.000000000000e+00
     2.000000000000e+00 0.000000000000e+00 1.910000000000e-08 1.910000000000e-08
     3.456000000000e+05 1.000000000000e+00                                      
C45 2025 04 10 01 00 00-2.821829402819e-04-1.109334846205e-11 0.000000000000e+00
     1.000000000000e+00 5.414062500000e+01 3.753727786401e-09-4.222159540749e-01
     2.587679773569e-06 4.686577012762e-04 1.209555193782e-05 5.282653079987e+03
     3.492000000000e+05 1.727603375912e-07 4.853667262724e-02 9.918585419655e-08
     9.502395692237e-01 1.097812500000e+02 3.253448133574e-01-6.703850670860e-09
     2.303667385565e-10 0.000000000000e+00 1.005000000000e+03 0.000000000000e+00
     2.000000000000e+00 0.000000000000e+00 1.910000000000e-08 1.910000000000e-08
     3.492000000000e+05 1.000000000000e+00                                      
C45 2025 04 10 02 00 00-2.822233363986e-04-1.112265834990e-11 0.000000000000e+00
     1.000000000000e+00 5.935937500000e+01 3.785514824744e-09 6.508162364228e-02
     2.854038029909e-06 4.695315146819e-04 1.187762245536e-05 5.282654792786e+03
     3.528000000000e+05 3.166496753693e-08 4.851230041204e-02 6.053596735001e-08
     9.502400461350e-01 1.136562500000e+02 3.256064460154e-01-6.788139896131e-09
     2.289381076197e-10 0.000000000000e+00 1.005000000000e+03 0.000000000000e+00
     2.000000000000e+00 0.000000000000e+00 1.910000000000e-08 1.910000000000e-08
     3.528000000000e+05 1.000000000000e+00                                      
C45 2025 04 10 03 00 00-2.822636161000e-04-1.115374459459e-11 0.000000000000e+00
     1.000000000000e+00 5.746875000000e+01 3.783371878339e-09 5.530960838834e-01
     2.788379788399e-06 4.693331429735e-04 1.181382685900e-05 5.282654254913e+03
     3.564000000000e+05-1.164153218269e-08 4.848806278530e-02 8.568167686462e-08
     9.502409736250e-01 1.151718750000e+02 3.251503754525e-01-6.759567277395e-09
     2.010798043524e-10 0.000000000000e+00 1.005000000000e+03 0.000000000000e+00
     2.000000000000e+00 0.000000000000e+00 1.910000000000e-08 1.910000000000e-08
     3.564000000000e+05 1.000000000000e+00                                      
C45 2025 04 10 04 00 00-2.823034301400e-04-1.112177017148e-11 0.000000000000e+00
     1.000000000000e+00 5.328125000000e+01 3.817301863088e-09 1.042992019158e+00
     2.596992999315e-06 4.686560714617e-04 1.142499968410e-05 5.282651739120e+03
     3.600000000000e+05-5.494803190231e-08 4.846401387499e-02 3.492459654808e-08
     9.502417255649e-01 1.236718750000e+02 3.228130712373e-01-6.745638125761e-09
     1.535778257043e-10 0.000000000000e+00 1.005000000000e+03 0.000000000000e+00
     2.000000000000e+00 0.000000000000e+00 1.910000000000e-08 1.910000000000e-08
     3.600000000000e+05 1.000000000000e+00                                      
C45 2025 04 10 05 00 00-2.823433605954e-04-1.111022385203e-11 0.000000000000e+00
     1.000000000000e+00 5.339062500000e+01 3.829088068316e-09 1.530919871723e+00
     2.594664692879e-06 4.686006577685e-04 1.137144863605e-05 5.282651403427e+03
     3.636000000000e+05-4.144385457039e-08 4.843983769082e-02 1.164153218269e-08
     9.502422507525e-01 1.251406250000e+02 3.224447903884e-01-6.749924018572e-09
     1.342913080577e-10 0.000000000000e+00 1.005000000000e+03 0.000000000000e+00
     2.000000000000e+00 0.000000000000e+00 1.910000000000e-08 1.910000000000e-08
     3.636000000000e+05 1.000000000000e+00                                      
C45 2025 04 10 06 00 00-2.823822433129e-04-1.100541879850e-11 0.000000000000e+00
     1.000000000000e+00 4.775000000000e+01 3.844803008621e-09 2.016981510416e+00
     2.273824065924e-06 4.682707367465e-04 1.138867810369e-05 5.282652923584e+03
     3.672000000000e+05-1.862645149231e-09 4.841580926136e-02 7.310882210732e-08
     9.502425828349e-01 1.248750000000e+02 3.239426926906e-01-6.794925893080e-09
     1.025042697143e-10 0.000000000000e+00 1.005000000000e+03 0.000000000000e+00
     2.000000000000e+00 0.000000000000e+00 1.910000000000e-08 1.910000000000e-08
     3.672000000000e+05 1.000000000000e+00                                      
C45 2025 04 10 07 00 00-2.824226394296e-04-1.107114400156e-11 0.000000000000e+00
     1.000000000000e+00 4.739062500000e+01 3.809087235201e-09 2.504516857671e+00
     2.249609678984e-06 4.683368606493e-04 1.140451058745e-05 5.282652830124e+03
     3.708000000000e+05-4.563480615616e-08 4.839118688717e-02-5.681067705154e-08
     9.502433113681e-01 1.241406250000e+02 3.239667123425e-01-6.724922977178e-09
     1.492919328940e-10 0.000000000000e+00 1.005000000000e+03 0.000000000000e+00
     2.000000000000e+00 0.000000000000e+00 1.910000000000e-08 1.910000000000e-08
     3.708000000000e+05 1.000000000000e+00                                      
C45 2025 04 10 08 00 00-2.824624534696e-04-1.106403857420e-11 0.000000000000e+00
     1.000000000000e+00 4.500000000000e+01 3.821587755898e-09 2.992347342798e+00
     2.165790647268e-06 4.692331422120e-04 1.162942498922e-05 5.282651082993e+03
     3.744000000000e+05-3.585591912270e-08 4.836705166470e-02 5.960464477539e-08
     9.502441393797e-01 1.178437500000e+02 3.236954097960e-01-6.667063424238e-09
     1.178620522847e-10 0.000000000000e+00 1.005000000000e+03 0.000000000000e+00
     2.000000000000e+00 0.000000000000e+00 1.910000000000e-08 1.910000000000e-08
     3.744000000000e+05 1.000000000000e+00                                      
C45 2025 04 10 09 00 00-2.825022675097e-04-1.108180214260e-11 0.000000000000e+00
     1.000000000000e+00 4.114062500000e+01 3.909448558510e-09-2.803554386791e+00
     2.035871148109e-06 4.697951953858e-04 1.170672476292e-05 5.282649967194e+03
     3.780000000000e+05-9.313225746155e-09 4.834255949022e-02-7.683411240578e-08
     9.502441744898e-01 1.158906250000e+02 3.239719715330e-01-6.767067589813e-09
     1.721500278825e-10 0.000000000000e+00 1.005000000000e+03 0.000000000000e+00
     2.000000000000e+00 0.000000000000e+00 1.910000000000e-08 1.910000000000e-08
     3.780000000000e+05 1.000000000000e+00                                      
C45 2025 04 10 10 00 00-2.825408009812e-04-1.096189805594e-11 0.000000000000e+00
     1.000000000000e+00 4.684375000000e+01 3.925163498815e-09-2.314221947079e+00
     2.404209226370e-06 4.690636415035e-04 1.205271109939e-05 5.282652132034e+03
     3.816000000000e+05 6.938353180885e-08 4.831785665553e-02-5.448237061501e-08
     9.502447069920e-01 1.102968750000e+02 3.222001612271e-01-6.797783154954e-09
     2.257236880119e-10 0.000000000000e+00 1.005000000000e+03 0.000000000000e+00
     2.000000000000e+00 0.000000000000e+00 1.910000000000e-08 1.910000000000e-08
     3.816000000000e+05 1.000000000000e+00                                      
C45 2025 04 10 11 00 00-2.825864357874e-04-1.137934191320e-11 0.000000000000e+00
     1.000000000000e+00 4.635937500000e+01 3.907662769839e-09-1.823476236339e+00
     2.369750291109e-06 4.686062457040e-04 1.271069049835e-05 5.282655181885e+03
     3.852000000000e+05 6.286427378654e-08 4.829309969287e-02 1.583248376846e-08
     9.502455379294e-01 9.900000000000e+01 3.190143864697e-01-6.795640208549e-09
     2.764400862678e-10 0.000000000000e+00 1.005000000000e+03 0.000000000000e+00
     2.000000000000e+00 0.000000000000e+00 1.910000000000e-08 1.910000000000e-08
     3.852000000000e+05 1.000000000000e+00                                      
C45 2025 04 10 12 00 00-2.826286945492e-04-1.151612138983e-11 0.000000000000e+00
     1.000000000000e+00 4.920312500000e+01 3.918734659599e-09-1.336562124560e+00
     2.460088580847e-06 4.684433806688e-04 1.273723319173e-05 5.282654550552e+03
     3.888000000000e+05 2.700835466385e-08 4.826848463327e-02 1.164153218269e-08
     9.502465897675e-01 9.893750000000e+01 3.196591880940e-01-6.778139479573e-09
     2.985838657879e-10 0.000000000000e+00 1.005000000000e+03 0.000000000000e+00
     2.000000000000e+00 0.000000000000e+00 1.910000000000e-08 1.910000000000e-08
     3.888000000000e+05 1.000000000000e+00                                      
C45 2025 04 10 13 00 00-2.826679265127e-04-1.128697135755e-11 0.000000000000e+00
     1.000000000000e+00 5.467187500000e+01 3.993380626046e-09-8.503471091475e-01
     2.732966095209e-06 4.680816782638e-04 1.279218122363e-05 5.282653148651e+03
     3.924000000000e+05-5.168840289116e-08 4.824448107343e-02 1.448206603527e-07
     9.502472670986e-01 9.831250000000e+01 3.210033025960e-01-6.881000907022e-09
     2.721541934574e-10 0.000000000000e+00 1.005000000000e+03 0.000000000000e+00
     2.000000000000e+00 0.000000000000e+00 1.910000000000e-08 1.910000000000e-08
     3.924000000000e+05 1.000000000000e+00                                      
C45 2025 04 10 14 00 00-2.827086718753e-04-1.129585314175e-11 0.000000000000e+00
     1.000000000000e+00 5.323437500000e+01 3.870518365483e-09-3.623673405457e-01
     2.685468643904e-06 4.683613078669e-04 1.271907240152e-05 5.282653799057e+03
     3.960000000000e+05 1.313164830208e-07 4.821965389071e-02 7.310882210732e-08
     9.502491323191e-01 1.006093750000e+02 3.205832549279e-01-6.702422039924e-09
     2.903692379014e-10 0.000000000000e+00 1.005000000000e+03 0.000000000000e+00
     2.000000000000e+00 0.000000000000e+00 1.910000000000e-08 1.910000000000e-08
     3.960000000000e+05 1.000000000000e+00                                      
C45 2025 04 10 15 00 00-2.827480202541e-04-1.119104808822e-11 0.000000000000e+00
     1.000000000000e+00 6.032812500000e+01 3.845517324089e-09 1.248302116108e-01
     2.938788384199e-06 4.695481620729e-04 1.253141090274e-05 5.282656127930e+03
     3.996000000000e+05 1.443549990654e-08 4.819532556305e-02 4.097819328308e-08
     9.502499339983e-01 1.059531250000e+02 3.209450389577e-01-6.762781697003e-09
     2.864405028253e-10 0.000000000000e+00 1.005000000000e+03 0.000000000000e+00
     2.000000000000e+00 0.000000000000e+00 1.910000000000e-08 1.910000000000e-08
     3.996000000000e+05 1.000000000000e+00                                      
C45 2025 04 10 16 00 00-2.827892312780e-04-1.128164228703e-11 0.000000000000e+00
     1.000000000000e+00 5.654687500000e+01 3.820159124961e-09 6.132264861560e-01
     2.597458660603e-06 4.691018257290e-04 1.238798722625e-05 5.282654970169e+03
     4.032000000000e+05 9.313225746155e-10 4.817102795667e-02 4.190951585770e-08
     9.502509887622e-01 1.081093750000e+02 3.201071028886e-01-6.757067173256e-09
     2.782258749387e-10 0.000000000000e+00 1.005000000000e+03 0.000000000000e+00
     2.000000000000e+00 0.000000000000e+00 1.910000000000e-08 1.910000000000e-08
     4.032000000000e+05 1.000000000000e+00                                      
C45 2025 04 10 17 00 00-2.828303258866e-04-1.133670934905e-11 0.000000000000e+00
     1.000000000000e+00 5.295312500000e+01 3.809444392935e-09 1.103483636386e+00
     2.356711775064e-06 4.684178857133e-04 1.172581687570e-05 5.282652145386e+03
     4.068000000000e+05-1.629814505577e-08 4.814684299498e-02 1.396983861923e-08
     9.502519981757e-01 1.178437500000e+02 3.174086027366e-01-6.751709807243e-09
     2.542963067476e-10 0.000000000000e+00 1.005000000000e+03 0.000000000000e+00
     2.000000000000e+00 0.000000000000e+00 1.910000000000e-08 1.910000000000e-08
     4.068000000000e+05 1.000000000000e+00                                      
C45 2025 04 10 18 00 00-2.828702563420e-04-1.127187232441e-11 0.000000000000e+00
     1.000000000000e+00 5.326562500000e+01 3.773371461782e-09 1.591514054137e+00
     2.480577677488e-06 4.683698061854e-04 1.150369644165e-05 5.282651708603e+03
     4.104000000000e+05-1.117587089539e-08 4.812257610988e-02 5.122274160385e-09
     9.502529007961e-01 1.194531250000e+02 3.169376528340e-01-6.753138438180e-09
     2.471531520637e-10 0.000000000000e+00 1.005000000000e+03 0.000000000000e+00
     2.000000000000e+00 0.000000000000e+00 1.910000000000e-08 1.910000000000e-08
     4.104180000000e+05 1.000000000000e+00                                      
C45 2025 04 10 19 00 00-2.829101867974e-04-1.120348258610e-11 0.000000000000e+00
     1.000000000000e+00 4.704687500000e+01 3.726583798602e-09 2.077515762928e+00
     2.336222678423e-06 4.679702688009e-04 1.149484887719e-05 5.282653322220e+03
     4.140000000000e+05 2.281740307808e-08 4.809840285154e-02 3.259629011154e-08
     9.502536951606e-01 1.198437500000e+02 3.184952743780e-01-6.777068006371e-09
     2.260808457461e-10 0.000000000000e+00 1.005000000000e+03 0.000000000000e+00
     2.000000000000e+00 0.000000000000e+00 1.910000000000e-08 1.910000000000e-08
     4.140180000000e+05 1.000000000000e+00                                      
C45 2025 04 10 20 00 00-2.829503500834e-04-1.118660719612e-11 0.000000000000e+00
     1.000000000000e+00 4.648437500000e+01 3.679081819954e-09 2.565021067698e+00
     2.409331500530e-06 4.680120619014e-04 1.165922731161e-05 5.282653263092e+03
     4.176000000000e+05-4.842877388000e-08 4.807399113755e-02-5.122274160385e-08
     9.502545729115e-01 1.195000000000e+02 3.185487147755e-01-6.768496220750e-09
     2.550106222160e-10 0.000000000000e+00 1.005000000000e+03 0.000000000000e+00
     2.000000000000e+00 0.000000000000e+00 1.910000000000e-08 1.910000000000e-08
     4.176180000000e+05 1.000000000000e+00                                      
C45 2025 04 10 21 00 00-2.829915611073e-04-1.125854964812e-11 0.000000000000e+00
     1.000000000000e+00 4.281250000000e+01 3.618722162875e-09 3.052755213817e+00
     2.223532646894e-06 4.690936766565e-04 1.204060390592e-05 5.282651147842e+03
     4.212000000000e+05 3.771856427193e-08 4.804985884092e-02 9.685754776001e-08
     9.502561645663e-01 1.125156250000e+02 3.183730519612e-01-6.629919019882e-09
     2.146517982518e-10 0.000000000000e+00 1.005000000000e+03 0.000000000000e+00
     2.000000000000e+00 0.000000000000e+00 1.910000000000e-08 1.910000000000e-08
     4.212000000000e+05 1.000000000000e+00                                      
C45 2025 04 10 22 00 00-2.830316079780e-04-1.122835158185e-11 0.000000000000e+00
     1.000000000000e+00 3.862500000000e+01 3.645866150674e-09-2.743226753902e+00
     2.010259777308e-06 4.696736577898e-04 1.212395727634e-05 5.282649986267e+03
     4.248000000000e+05 1.257285475731e-08 4.802587868776e-02 5.774199962616e-08
     9.502568755445e-01 1.108593750000e+02 3.187288892290e-01-6.652062799402e-09
     2.171519023912e-10 0.000000000000e+00 1.005000000000e+03 0.000000000000e+00
     2.000000000000e+00 0.000000000000e+00 1.910000000000e-08 1.910000000000e-08
     4.248000000000e+05 1.000000000000e+00                                      
C45 2025 04 10 23 00 00-2.830713056028e-04-1.115818548669e-11 0.000000000000e+00
     1.000000000000e+00 4.557812500000e+01 3.595506910152e-09-2.253171625345e+00
     2.365093678236e-06 4.687559558079e-04 1.254212111235e-05 5.282652881622e+03
     4.284000000000e+05-5.867332220078e-08 4.800225987537e-02 2.654269337654e-08
     9.502577284258e-01 1.025156250000e+02 3.162330485815e-01-6.625990284806e-09
     1.646497154644e-10 0.000000000000e+00 1.005000000000e+03 0.000000000000e+00
     2.000000000000e+00 0.000000000000e+00 1.910000000000e-08 1.910000000000e-08
     4.284000000000e+05 1.000000000000e+00                                      
C47 2025 04 10 00 00 00-2.163924509659e-04-2.094324713653e-11 0.000000000000e+00
     1.800000000000e+01-7.084375000000e+01 3.994809256983e-09-1.305238571763e+00
    -3.723893314600e-06 2.603364409879e-04 7.978174835443e-06 5.282640560150e+03
     3.456000000000e+05 5.587935447693e-08 2.142404821200e+00 2.421438694000e-08
     9.570591008274e-01 1.949375000000e+02-2.831716046968e-01-6.968504551900e-09
    -3.864446684002e-10 0.000000000000e+00 1.005000000000e+03 0.000000000000e+00
     2.000000000000e+00 1.000000000000e+00-3.200000000000e-09-3.200000000000e-09
     3.456000000000e+05 1.800000000000e+01                                      
C47 2025 04 10 01 00 00-2.164677716792e-04-2.094324713653e-11 0.000000000000e+00
     1.900000000000e+01-6.707812500000e+01 3.955164748487e-09-8.199261987487e-01
    -3.383029252291e-06 2.598685678095e-04 7.671769708395e-06 5.282639093399e+03
     3.492000000000e+05-1.862645149231e-09 2.142379496625e+00 3.958120942116e-08
     9.570577856640e-01 1.987343750000e+02-2.809204648935e-01-6.946003614645e-09
    -3.478716331070e-10 0.000000000000e+00 1.005000000000e+03 0.000000000000e+00
     2.000000000000e+00 1.000000000000e+00-3.200000000000e-09-3.200000000000e-09
     3.492000000000e+05 1.900000000000e+01                                      
C47 2025 04 10 02 00 00-2.165432088077e-04-2.094324713653e-11 0.000000000000e+00
     2.000000000000e+01-7.193750000000e+01 3.880875939775e-09-3.315700622868e-01
    -3.449618816376e-06 2.605360932648e-04 7.623806595802e-06 5.282640443802e+03
     3.528000000000e+05-1.583248376846e-08 2.142354391488e+00 1.164153218269e-08
     9.570566255700e-01 2.008281250000e+02-2.817129524867e-01-6.924574150594e-09
    -3.339424814733e-10 0.000000000000e+00 1.005000000000e+03 0.000000000000e+00
     2.000000000000e+00 1.000000000000e+00-3.200000000000e-09-3.200000000000e-09
     3.528000000000e+05 2.000000000000e+01                                      
C47 2025 04 10 03 00 00-2.166186459363e-04-2.094324713653e-11 0.000000000000e+00
     2.100000000000e+01-7.431250000000e+01 3.816944705354e-09 1.555680441935e-01
    -3.523193299770e-06 2.615074627101e-04 7.419846951962e-06 5.282642335892e+03
     3.564000000000e+05-9.778887033463e-09 2.142329456050e+00 6.519258022308e-09
     9.570554596243e-01 2.077031250000e+02-2.812881883707e-01-6.917430995910e-09
    -3.321566928024e-10 0.000000000000e+00 1.005000000000e+03 0.000000000000e+00
     2.000000000000e+00 1.000000000000e+00-3.200000000000e-09-3.200000000000e-09
     3.564000000000e+05 2.100000000000e+01                                      
C47 2025 04 10 04 00 00-2.166938502342e-04-2.094147077969e-11 0.000000000000e+00
     1.000000000000e+00-7.568750000000e+01 3.795872399036e-09 6.436873517733e-01
    -3.649853169918e-06 2.613838296384e-04 7.521826773882e-06 5.282641973495e+03
     3.600000000000e+05-6.053596735001e-09 2.142304584979e+00 1.443549990654e-08
     9.570542907527e-01 2.072656250000e+02-2.818453582762e-01-6.912073629897e-09
    -3.346567969417e-10 0.000000000000e+00 1.005000000000e+03 0.000000000000e+00
     2.000000000000e+00 1.000000000000e+00-3.200000000000e-09-3.200000000000e-09
     3.600000000000e+05 2.100000000000e+01                                      
C47 2025 04 10 05 00 00-2.167671918869e-04-2.102673590798e-11 0.000000000000e+00
     1.000000000000e+00-8.481250000000e+01 3.810515866138e-09 1.135570898252e+00
    -4.119705408812e-06 2.608438953757e-04 7.475726306438e-06 5.282639541626e+03
     3.636000000000e+05-4.190951585770e-08 2.142279864590e+00 3.678724169731e-08
     9.570531760092e-01 2.082656250000e+02-2.861668212082e-01-6.887786903971e-09
    -3.578720496645e-10 0.000000000000e+00 1.005000000000e+03 0.000000000000e+00
     2.000000000000e+00 1.000000000000e+00-3.200000000000e-09-3.200000000000e-09
     3.636000000000e+05 1.000000000000e+00                                      
C47 2025 04 10 06 00 00-2.168428618461e-04-2.102495955114e-11 0.000000000000e+00
     1.000000000000e+00-8.806250000000e+01 3.835159749798e-09 1.626087690108e+00
    -4.249624907970e-06 2.608307404444e-04 7.300172001123e-06 5.282638040543e+03
     3.672000000000e+05-1.005828380585e-07 2.142255438246e+00-3.119930624962e-08
     9.570519369175e-01 2.129843750000e+02-2.891207878185e-01-6.869214701793e-09
    -4.210889686172e-10 0.000000000000e+00 1.005000000000e+03 0.000000000000e+00
     2.000000000000e+00 1.000000000000e+00-3.200000000000e-09-3.200000000000e-09
     3.672000000000e+05 1.000000000000e+00                                      
C47 2025 04 10 07 00 00-2.169182989746e-04-2.100097873381e-11 0.000000000000e+00
     1.000000000000e+00-9.039062500000e+01 3.857660687052e-09 2.111717415404e+00
    -4.406087100506e-06 2.605030313134e-04 7.565133273602e-06 5.282639221191e+03
     3.708000000000e+05-1.629814505577e-08 2.142231243044e+00-1.280568540096e-07
     9.570503350222e-01 2.093750000000e+02-2.871873616378e-01-6.896001531858e-09
    -5.118070331030e-10 0.000000000000e+00 1.005000000000e+03 0.000000000000e+00
     2.000000000000e+00 1.000000000000e+00-3.200000000000e-09-3.200000000000e-09
     3.708000000000e+05 1.000000000000e+00                                      
C47 2025 04 10 08 00 00-2.169936196879e-04-2.097877427332e-11 0.000000000000e+00
     1.000000000000e+00-9.610937500000e+01 3.895162249142e-09 2.597551949231e+00
    -4.770234227180e-06 2.598364371806e-04 7.630325853825e-06 5.282640808105e+03
     3.744000000000e+05 8.521601557732e-08 2.142206869366e+00-6.426125764847e-08
     9.570482284202e-01 2.082500000000e+02-2.854590380347e-01-6.964575816824e-09
    -5.778812139293e-10 0.000000000000e+00 1.005000000000e+03 0.000000000000e+00
     2.000000000000e+00 1.000000000000e+00-3.200000000000e-09-3.200000000000e-09
     3.744000000000e+05 1.000000000000e+00                                      
C47 2025 04 10 09 00 00-2.170687075704e-04-2.093347717391e-11 0.000000000000e+00
     1.000000000000e+00-9.532812500000e+01 3.950878855677e-09 3.085057046266e+00
    -4.787463694811e-06 2.600634470582e-04 7.641036063433e-06 5.282640373230e+03
     3.780000000000e+05 6.146728992462e-08 2.142181923687e+00-5.587935447693e-09
     9.570459067692e-01 2.066562500000e+02-2.854013683411e-01-7.016363688282e-09
    -5.953819429049e-10 0.000000000000e+00 1.005000000000e+03 0.000000000000e+00
     2.000000000000e+00 1.000000000000e+00-3.200000000000e-09-3.200000000000e-09
     3.780000000000e+05 1.000000000000e+00                                      
C47 2025 04 10 10 00 00-2.171440282837e-04-2.093170081707e-11 0.000000000000e+00
     1.000000000000e+00-9.546875000000e+01 3.989451890970e-09-2.710903723770e+00
    -4.768837243319e-06 2.603331813589e-04 7.643364369869e-06 5.282639841080e+03
     3.816000000000e+05 5.029141902924e-08 2.142156653240e+00-5.587935447693e-09
     9.570437211696e-01 2.044375000000e+02-2.850626574553e-01-7.024935473903e-09
    -5.950247851707e-10 0.000000000000e+00 1.005000000000e+03 0.000000000000e+00
     2.000000000000e+00 1.000000000000e+00-3.200000000000e-09-3.200000000000e-09
     3.816000000000e+05 1.000000000000e+00                                      
C47 2025 04 10 11 00 00-2.172193489969e-04-2.093170081707e-11 0.000000000000e+00
     2.000000000000e+00-9.003125000000e+01 3.981951578552e-09-2.220935938736e+00
    -4.433095455170e-06 2.598660066724e-04 7.538124918938e-06 5.282641365051e+03
     3.852000000000e+05 4.936009645462e-08 2.142131397422e+00 3.725290298462e-09
     9.570416087159e-01 2.060156250000e+02-2.874669603928e-01-7.017792319219e-09
    -5.985963625126e-10 0.000000000000e+00 1.005000000000e+03 0.000000000000e+00
     2.000000000000e+00 1.000000000000e+00-3.200000000000e-09-3.200000000000e-09
     3.852000000000e+05 2.000000000000e+00                                      
C47 2025 04 10 12 00 00-2.172969980165e-04-2.094413531495e-11 0.000000000000e+00
     9.000000000000e+00-8.673437500000e+01 3.977665685742e-09-1.731567944264e+00
    -4.245433956385e-06 2.597251441330e-04 7.633585482836e-06 5.282642330170e+03
     3.888000000000e+05 5.261972546577e-08 2.142106124050e+00 6.984919309616e-09
     9.570394509117e-01 2.045312500000e+02-2.892719833278e-01-7.018149476953e-09
    -5.960962583733e-10 0.000000000000e+00 1.005000000000e+03 0.000000000000e+00
     2.000000000000e+00 1.000000000000e+00-3.200000000000e-09-3.200000000000e-09
     3.888000000000e+05 2.500000000000e+01                                      
C47 2025 04 10 13 00 00-2.173724351451e-04-2.094413531495e-11 0.000000000000e+00
     1.000000000000e+01-8.590625000000e+01 4.013738616896e-09-1.247478207960e+00
    -4.209578037262e-06 2.594010438770e-04 7.335096597672e-06 5.282640462875e+03
     3.924000000000e+05 4.610046744347e-08 2.142080697071e+00 4.703179001808e-08
     9.570373077368e-01 2.115937500000e+02-2.857988973112e-01-7.016363688282e-09
    -5.671664819034e-10 0.000000000000e+00 1.005000000000e+03 0.000000000000e+00
     2.000000000000e+00 1.000000000000e+00-3.200000000000e-09-3.200000000000e-09
     3.924000000000e+05 2.500000000000e+01                                      
C47 2025 04 10 14 00 00-2.174477558583e-04-2.094413531495e-11 0.000000000000e+00
     1.100000000000e+01-8.050000000000e+01 4.036239554150e-09-7.624690188665e-01
    -3.987923264503e-06 2.587805502117e-04 7.171649485826e-06 5.282638706207e+03
     3.960000000000e+05-1.117587089539e-08 2.142055208649e+00 5.075708031654e-08
     9.570353488894e-01 2.155625000000e+02-2.832444843497e-01-6.991719804623e-09
    -5.307363930154e-10 0.000000000000e+00 1.005000000000e+03 0.000000000000e+00
     2.000000000000e+00 1.000000000000e+00-3.200000000000e-09-3.200000000000e-09
     3.960000000000e+05 2.500000000000e+01                                      
C47 2025 04 10 15 00 00-2.175231929868e-04-2.094413531495e-11 0.000000000000e+00
     1.200000000000e+01-8.339062500000e+01 4.019810298377e-09-2.745248415987e-01
    -4.170462489128e-06 2.592455130070e-04 7.061753422022e-06 5.282639633179e+03
     3.996000000000e+05-2.048909664154e-08 2.142029941128e+00 2.048909664154e-08
     9.570335392598e-01 2.175000000000e+02-2.836245943542e-01-6.968861709634e-09
    -5.175215568501e-10 0.000000000000e+00 1.005000000000e+03 0.000000000000e+00
     2.000000000000e+00 1.000000000000e+00-3.200000000000e-09-3.200000000000e-09
     3.996000000000e+05 2.500000000000e+01                                      
C47 2025 04 10 16 00 00-2.175986301154e-04-2.094502349337e-11 0.000000000000e+00
     1.300000000000e+01-8.485937500000e+01 4.013381459161e-09 2.124100158212e-01
    -4.249624907970e-06 2.601720625535e-04 6.678979843855e-06 5.282641466141e+03
     4.032000000000e+05-3.352761268616e-08 2.142004859397e+00 1.909211277962e-08
     9.570316257629e-01 2.241718750000e+02-2.829958497188e-01-6.979219283926e-09
    -5.171643991159e-10 0.000000000000e+00 1.005000000000e+03 0.000000000000e+00
     2.000000000000e+00 1.000000000000e+00-3.200000000000e-09-3.200000000000e-09
     4.032000000000e+05 2.500000000000e+01                                      
C47 2025 04 10 17 00 00-2.176740672439e-04-2.094502349337e-11 0.000000000000e+00
     1.400000000000e+01-8.604687500000e+01 4.058026175936e-09 7.004183391210e-01
    -4.251021891832e-06 2.601093146950e-04 6.636139005423e-06 5.282641239166e+03
     4.068000000000e+05-4.889443516731e-08 2.141979610894e+00-2.747401595116e-08
     9.570295835293e-01 2.240000000000e+02-2.834410434857e-01-7.018863792421e-09
    -5.025209320139e-10 0.000000000000e+00 1.005000000000e+03 0.000000000000e+00
     2.000000000000e+00 1.000000000000e+00-3.200000000000e-09-3.200000000000e-09
     4.068180000000e+05 2.500000000000e+01                                      
C47 2025 04 10 18 00 00-2.177493879572e-04-2.094502349337e-11 0.000000000000e+00
     1.500000000000e+01-9.450000000000e+01 4.125171829965e-09 1.192170734994e+00
    -4.591420292854e-06 2.596683334559e-04 6.555579602718e-06 5.282638961792e+03
     4.104000000000e+05-2.328306436539e-09 2.141954128324e+00-5.261972546577e-08
     9.570276729583e-01 2.259687500000e+02-2.876299601881e-01-7.048865042094e-09
    -4.728768400756e-10 0.000000000000e+00 1.005000000000e+03 0.000000000000e+00
     2.000000000000e+00 1.000000000000e+00-3.200000000000e-09-3.200000000000e-09
     4.104180000000e+05 2.500000000000e+01                                      
C47 2025 04 10 19 00 00-2.178248250857e-04-2.094502349337e-11 0.000000000000e+00
     1.600000000000e+01-9.709375000000e+01 4.162316234321e-09 1.682581952441e+00
    -4.695262759924e-06 2.597004640847e-04 6.364192813635e-06 5.282637523651e+03
     4.140000000000e+05 2.281740307808e-08 2.141928575534e+00-1.816079020500e-08
     9.570259569554e-01 2.308437500000e+02-2.904767885299e-01-7.057079669980e-09
    -4.428755904031e-10 0.000000000000e+00 1.005000000000e+03 0.000000000000e+00
     2.000000000000e+00 1.000000000000e+00-3.200000000000e-09-3.200000000000e-09
     4.140140000000e+05 2.500000000000e+01                                      
C47 2025 04 10 20 00 00-2.179002622142e-04-2.094502349337e-11 0.000000000000e+00
     1.700000000000e+01-1.000625000000e+02 4.148029924953e-09 2.168131868241e+00
    -4.850327968597e-06 2.593189710751e-04 6.563495844603e-06 5.282638788223e+03
     4.176000000000e+05 9.778887033463e-09 2.141903098816e+00-4.190951585770e-09
     9.570243784668e-01 2.272031250000e+02-2.884618822010e-01-7.052793777170e-09
    -4.300179119721e-10 0.000000000000e+00 1.005000000000e+03 0.000000000000e+00
     2.000000000000e+00 1.000000000000e+00-3.200000000000e-09-3.200000000000e-09
     4.176140000000e+05 2.500000000000e+01                                      
C47 2025 04 10 21 00 00-2.179755829275e-04-2.094502349337e-11 0.000000000000e+00
     1.800000000000e+01-1.068750000000e+02 4.125886145433e-09 2.653864623931e+00
    -5.199573934078e-06 2.585115144029e-04 6.585381925106e-06 5.282640619278e+03
     4.212000000000e+05 8.847564458847e-09 2.141877706947e+00-3.725290298462e-09
     9.570228306994e-01 2.267343750000e+02-2.866303453387e-01-7.052436619436e-09
    -4.296607542379e-10 0.000000000000e+00 1.005000000000e+03 0.000000000000e+00
     2.000000000000e+00 1.000000000000e+00-3.200000000000e-09-3.200000000000e-09
     4.212140000000e+05 2.500000000000e+01                                      
C47 2025 04 10 22 00 00-2.180510200560e-04-2.094591167179e-11 0.000000000000e+00
     1.900000000000e+01-1.069687500000e+02 4.131600669180e-09 3.141298614370e+00
    -5.209352821112e-06 2.585906768218e-04 6.612855941057e-06 5.282640460968e+03
     4.248000000000e+05 6.519258022308e-09 2.141852322392e+00-9.313225746155e-10
     9.570212712288e-01 2.259843750000e+02-2.865006210780e-01-7.055293881309e-09
    -4.303750697063e-10 0.000000000000e+00 1.005000000000e+03 0.000000000000e+00
     2.000000000000e+00 1.000000000000e+00-3.200000000000e-09-3.200000000000e-09
     4.248000000000e+05 2.500000000000e+01                                      
C47 2025 04 10 23 00 00-2.181264571846e-04-2.094591167179e-11 0.000000000000e+00
     2.000000000000e+01-1.072500000000e+02 4.131243511446e-09-2.654646527312e+00
    -5.240086466074e-06 2.588005736470e-04 6.725545972586e-06 5.282640029907e+03
     4.284000000000e+05 2.793967723846e-09 2.141826918820e+00-3.259629011154e-09
     9.570197088323e-01 2.243125000000e+02-2.861769255834e-01-7.058508300917e-09
    -4.296607542379e-10 0.000000000000e+00 1.005000000000e+03 0.000000000000e+00
     2.000000000000e+00 1.000000000000e+00-3.200000000000e-09-3.200000000000e-09
     4.284000000000e+05 2.500000000000e+01                                      
C48 2025 04 10 00 00 00 8.059224346653e-04-4.474642878449e-12 0.000000000000e+00
     1.000000000000e+00 2.682812500000e+01 4.223747364603e-09-2.619581372810e+00
     1.315027475357e-06 3.400846617296e-04 2.824701368809e-06 5.282620277405e+03
     3.456000000000e+05-5.634501576424e-08-2.052414805326e+00-2.235174179077e-08
     9.660109569538e-01 3.058750000000e+02-1.029482234022e+00-7.185299296557e-09
     1.721500278825e-10 0.000000000000e+00 1.005000000000e+03 0.000000000000e+00
     2.000000000000e+00 1.000000000000e+00 1.700000000000e-09 1.700000000000e-09
     3.456000000000e+05 1.000000000000e+00                                      
C48 2025 04 10 01 00 00 8.059073006734e-04-4.391154106997e-12 0.000000000000e+00
     1.000000000000e+00 2.725000000000e+01 4.219818629527e-09-2.133619215473e+00
     1.335050910711e-06 3.404458984733e-04 3.068707883358e-06 5.282619010925e+03
     3.492000000000e+05-1.955777406693e-08-2.052440672644e+00-3.166496753693e-08
     9.660117454667e-01 3.010625000000e+02-1.027874640659e+00-7.151369311808e-09
     1.746501320219e-10 0.000000000000e+00 1.005000000000e+03 0.000000000000e+00
     2.000000000000e+00 1.000000000000e+00 1.700000000000e-09 1.700000000000e-09
     3.492000000000e+05 1.000000000000e+00                                      
C48 2025 04 10 02 00 00 8.058921666816e-04-4.331646152878e-12 0.000000000000e+00
     1.000000000000e+00 2.670312500000e+01 4.217675683122e-09-1.646435223104e+00
     1.280102878809e-06 3.404814051464e-04 3.131572157145e-06 5.282618740082e+03
     3.528000000000e+05-1.583248376846e-08-2.052466424391e+00-4.144385457039e-08
     9.660123379485e-01 3.002343750000e+02-1.027488526839e+00-7.157440993290e-09
     1.782217093638e-10 0.000000000000e+00 1.005000000000e+03 0.000000000000e+00
     2.000000000000e+00 1.000000000000e+00 1.700000000000e-09 1.700000000000e-09
     3.528000000000e+05 1.000000000000e+00                                      
C48 2025 04 10 03 00 00 8.058765670285e-04-4.331646152878e-12 0.000000000000e+00
     2.000000000000e+00 2.909375000000e+01 4.221247260464e-09-1.157927263541e+00
     1.386739313602e-06 3.406155155972e-04 3.169290721416e-06 5.282619419098e+03
     3.564000000000e+05 3.306195139885e-08-2.052492394112e+00-5.494803190231e-08
     9.660128894686e-01 2.994531250000e+02-1.028426226606e+00-7.183513507886e-09
     2.082229590363e-10 0.000000000000e+00 1.005000000000e+03 0.000000000000e+00
     2.000000000000e+00 1.000000000000e+00 1.700000000000e-09 1.700000000000e-09
     3.564000000000e+05 2.000000000000e+00                                      
C48 2025 04 10 04 00 00 8.058568928391e-04-4.563460720419e-12 0.000000000000e+00
     3.000000000000e+00 2.964062500000e+01 4.229104730616e-09-6.701115714424e-01
     1.418404281139e-06 3.406795440242e-04 3.218185156584e-06 5.282619621277e+03
     3.600000000000e+05 6.100162863731e-08-2.052518520366e+00 4.190951585770e-09
     9.660136238535e-01 2.988906250000e+02-1.028671827145e+00-7.191728135772e-09
     2.550106222160e-10 0.000000000000e+00 1.005000000000e+03 0.000000000000e+00
     2.000000000000e+00 1.000000000000e+00 1.700000000000e-09 1.700000000000e-09
     3.600000000000e+05 3.000000000000e+00                                      
C48 2025 04 10 05 00 00 8.058404782787e-04-4.563460720419e-12 0.000000000000e+00
     4.000000000000e+00 3.193750000000e+01 4.231247677021e-09-1.827412603641e-01
     1.533422619104e-06 3.402462461963e-04 3.102701157331e-06 5.282618770599e+03
     3.636000000000e+05 1.722946763039e-08-2.052544620288e+00 3.445893526077e-08
     9.660145937682e-01 3.012031250000e+02-1.028472084699e+00-7.177084668670e-09
     2.910835533698e-10 0.000000000000e+00 1.005000000000e+03 0.000000000000e+00
     2.000000000000e+00 1.000000000000e+00 1.700000000000e-09 1.700000000000e-09
     3.636000000000e+05 4.000000000000e+00                                      
C48 2025 04 10 06 00 00 8.058242965490e-04-4.559019828321e-12 0.000000000000e+00
     4.000000000000e+00 3.575000000000e+01 4.221961575932e-09 3.052559667020e-01
     1.773703843355e-06 3.397387918085e-04 3.121793270111e-06 5.282617742538e+03
     3.672000000000e+05-1.862645149231e-09-2.052570556362e+00 1.490116119385e-08
     9.660157143634e-01 3.009531250000e+02-1.028899049044e+00-7.159583939695e-09
     3.046555472693e-10 0.000000000000e+00 1.005000000000e+03 0.000000000000e+00
     2.000000000000e+00 1.000000000000e+00 1.700000000000e-09 1.700000000000e-09
     3.672000000000e+05 4.000000000000e+00                                      
C48 2025 04 10 07 00 00 8.058078819886e-04-4.558131649901e-12 0.000000000000e+00
     5.000000000000e+00 3.634375000000e+01 4.214461263514e-09 7.930542778711e-01
     1.826323568821e-06 3.396415850148e-04 3.192573785782e-06 5.282617492676e+03
     3.708000000000e+05-6.053596735001e-09-2.052596327127e+00 1.350417733192e-08
     9.660168057003e-01 3.003125000000e+02-1.029126899998e+00-7.161012570631e-09
     3.053698627377e-10 0.000000000000e+00 1.005000000000e+03 0.000000000000e+00
     2.000000000000e+00 1.000000000000e+00 1.700000000000e-09 1.700000000000e-09
     3.708000000000e+05 5.000000000000e+00                                      
C48 2025 04 10 08 00 00 8.057944942266e-04-3.814726312612e-12 0.000000000000e+00
     1.000000000000e+00 3.735937500000e+01 4.211961159374e-09 1.279828065085e+00
     1.864507794380e-06 3.397254040465e-04 3.125518560410e-06 5.282618047714e+03
     3.744000000000e+05-2.235174179077e-08-2.052622141780e+00-2.328306436539e-09
     9.660178121880e-01 3.021406250000e+02-1.028330191886e+00-7.180299088278e-09
     3.096557555480e-10 0.000000000000e+00 1.005000000000e+03 0.000000000000e+00
     2.000000000000e+00 1.000000000000e+00 1.700000000000e-09 1.700000000000e-09
     3.744000000000e+05 1.000000000000e+00                                      
C48 2025 04 10 09 00 00 8.057755185291e-04-4.556355293062e-12 0.000000000000e+00
     1.000000000000e+00 4.021875000000e+01 4.193746114930e-09 1.766261502944e+00
     1.930166035891e-06 3.396659158170e-04 3.110617399216e-06 5.282618812561e+03
     3.780000000000e+05-7.450580596924e-09-2.052648092484e+00-2.421438694000e-08
     9.660188611002e-01 3.026093750000e+02-1.027193267546e+00-7.197442659519e-09
     3.225134339791e-10 0.000000000000e+00 1.005000000000e+03 0.000000000000e+00
     2.000000000000e+00 1.000000000000e+00 1.700000000000e-09 1.700000000000e-09
     3.780000000000e+05 1.000000000000e+00                                      
C48 2025 04 10 10 00 00 8.057587547228e-04-4.598987857207e-12 0.000000000000e+00
     1.000000000000e+00 4.153125000000e+01 4.161959076587e-09 2.253273340576e+00
     1.912936568260e-06 3.395306412131e-04 3.080815076828e-06 5.282619258881e+03
     3.816000000000e+05 6.519258022308e-09-2.052674069520e+00-1.769512891769e-08
     9.660200138797e-01 3.013906250000e+02-1.026635050191e+00-7.202800025532e-09
     3.325138505366e-10 0.000000000000e+00 1.005000000000e+03 0.000000000000e+00
     2.000000000000e+00 1.000000000000e+00 1.700000000000e-09 1.700000000000e-09
     3.816000000000e+05 1.000000000000e+00                                      
C48 2025 04 10 11 00 00 8.057421073318e-04-4.607869641404e-12 0.000000000000e+00
     1.000000000000e+00 4.129687500000e+01 4.133743615585e-09 2.740616036150e+00
     1.924578100443e-06 3.393740626052e-04 3.045890480280e-06 5.282619586945e+03
     3.852000000000e+05 4.656612873077e-09-2.052700014372e+00-1.210719347000e-08
     9.660212163983e-01 3.000937500000e+02-1.026407942399e+00-7.202442867798e-09
     3.360854278785e-10 0.000000000000e+00 1.005000000000e+03 0.000000000000e+00
     2.000000000000e+00 1.000000000000e+00 1.700000000000e-09 1.700000000000e-09
     3.852000000000e+05 1.000000000000e+00                                      
C48 2025 04 10 12 00 00 8.057256927714e-04-4.599876035627e-12 0.000000000000e+00
     1.000000000000e+00 3.995312500000e+01 4.103028050445e-09-3.054991396746e+00
     1.953914761543e-06 3.391791833565e-04 3.043562173843e-06 5.282619962692e+03
     3.888000000000e+05 9.313225746155e-10-2.052725956298e+00-1.303851604462e-08
     9.660224350091e-01 2.994687500000e+02-1.026416219590e+00-7.200299921393e-09
     3.382283742837e-10 0.000000000000e+00 1.005000000000e+03 0.000000000000e+00
     2.000000000000e+00 1.000000000000e+00 1.700000000000e-09 1.700000000000e-09
     3.888000000000e+05 1.000000000000e+00                                      
C48 2025 04 10 13 00 00 8.057090453804e-04-4.599876035627e-12 0.000000000000e+00
     2.000000000000e+00 4.040625000000e+01 4.066597961557e-09-2.567655076569e+00
     2.088025212288e-06 3.392725484446e-04 3.156252205372e-06 5.282619714737e+03
     3.924000000000e+05 5.587935447693e-09-2.052751914317e+00-2.561137080193e-08
     9.660237018961e-01 2.987968750000e+02-1.026183146018e+00-7.189228031633e-09
     3.421571093598e-10 0.000000000000e+00 1.005000000000e+03 0.000000000000e+00
     2.000000000000e+00 1.000000000000e+00 1.700000000000e-09 1.700000000000e-09
     3.924180000000e+05 2.000000000000e+00                                      
C48 2025 04 10 14 00 00 8.056935621426e-04-4.538591724668e-12 0.000000000000e+00
     3.000000000000e+00 4.020312500000e+01 4.029096399466e-09-2.081361416143e+00
     2.078711986542e-06 3.395169042051e-04 3.442633897066e-06 5.282618736267e+03
     3.960000000000e+05 5.215406417847e-08-2.052777784560e+00-2.048909664154e-08
     9.660251414075e-01 2.952656250000e+02-1.024907481453e+00-7.147440576732e-09
     3.410856361573e-10 0.000000000000e+00 1.005000000000e+03 0.000000000000e+00
     2.000000000000e+00 1.000000000000e+00 1.700000000000e-09 1.700000000000e-09
     3.960000000000e+05 3.000000000000e+00                                      
C48 2025 04 10 15 00 00 8.056772639975e-04-4.537703546248e-12 0.000000000000e+00
     4.000000000000e+00 3.831250000000e+01 3.998023676591e-09-1.594763202506e+00
     1.961365342140e-06 3.395450767130e-04 3.534834831953e-06 5.282618095398e+03
     3.996000000000e+05 5.494803190231e-08-2.052803293463e+00 5.448237061501e-08
     9.660266204177e-01 2.937812500000e+02-1.023936326212e+00-7.089938181526e-09
     3.146559638267e-10 0.000000000000e+00 1.005000000000e+03 0.000000000000e+00
     2.000000000000e+00 1.000000000000e+00 1.700000000000e-09 1.700000000000e-09
     3.996000000000e+05 4.000000000000e+00                                      
C48 2025 04 10 16 00 00 8.056608494371e-04-4.535927189409e-12 0.000000000000e+00
     5.000000000000e+00 3.989062500000e+01 3.971594004260e-09-1.106531986082e+00
     2.047047019005e-06 3.396683605388e-04 3.584194928408e-06 5.282618598938e+03
     4.032000000000e+05-2.468004822731e-08-2.052828483449e+00 6.938353180885e-08
     9.660278785273e-01 2.928281250000e+02-1.024598181073e+00-7.050650830765e-09
     2.653681965077e-10 0.000000000000e+00 1.005000000000e+03 0.000000000000e+00
     2.000000000000e+00 1.000000000000e+00 1.700000000000e-09 1.700000000000e-09
     4.032000000000e+05 5.000000000000e+00                                      
C48 2025 04 10 17 00 00 8.056445512921e-04-4.535039010989e-12 0.000000000000e+00
     6.000000000000e+00 4.070312500000e+01 3.958736325829e-09-6.181522074006e-01
     2.087093889713e-06 3.400149289519e-04 3.746245056391e-06 5.282619461060e+03
     4.068000000000e+05-4.610046744347e-08-2.052853568105e+00 9.313225746155e-10
     9.660288411274e-01 2.897500000000e+02-1.025408855663e+00-7.044221991549e-09
     2.132231673151e-10 0.000000000000e+00 1.005000000000e+03 0.000000000000e+00
     2.000000000000e+00 1.000000000000e+00 1.700000000000e-09 1.700000000000e-09
     4.068000000000e+05 6.000000000000e+00                                      
C48 2025 04 10 18 00 00 8.056282531470e-04-4.534150832569e-12 0.000000000000e+00
     7.000000000000e+00 4.171875000000e+01 3.985523155894e-09-1.305574481160e-01
     2.092216163874e-06 3.398871049285e-04 3.764405846596e-06 5.282619226456e+03
     4.104000000000e+05 1.862645149231e-09-2.052878708353e+00-2.095475792885e-08
     9.660295462539e-01 2.901406250000e+02-1.025434755165e+00-7.061722720525e-09
     1.771502361613e-10 0.000000000000e+00 1.005000000000e+03 0.000000000000e+00
     2.000000000000e+00 1.000000000000e+00 1.700000000000e-09 1.700000000000e-09
     4.104000000000e+05 7.000000000000e+00                                      
C48 2025 04 10 19 00 00 8.056119550020e-04-4.532374475730e-12 0.000000000000e+00
     8.000000000000e+00 4.612500000000e+01 4.043382708834e-09 3.576079808821e-01
     2.181623131037e-06 3.393229562789e-04 3.783032298088e-06 5.282618068695e+03
     4.140000000000e+05 1.816079020500e-08-2.052904021224e+00 6.519258022308e-09
     9.660300948481e-01 2.892031250000e+02-1.026031055203e+00-7.082795026843e-09
     1.621496113250e-10 0.000000000000e+00 1.005000000000e+03 0.000000000000e+00
     2.000000000000e+00 1.000000000000e+00 1.700000000000e-09 1.700000000000e-09
     4.140000000000e+05 8.000000000000e+00                                      
C48 2025 04 10 20 00 00 8.055955404416e-04-4.531486297310e-12 0.000000000000e+00
     9.000000000000e+00 4.745312500000e+01 4.113028467002e-09 8.459591170900e-01
     2.177432179451e-06 3.390589263290e-04 3.741122782230e-06 5.282617345810e+03
     4.176000000000e+05-1.117587089539e-08-2.052929480387e+00 2.514570951462e-08
     9.660305322607e-01 2.866406250000e+02-1.026812472895e+00-7.112796276515e-09
     1.575065607805e-10 0.000000000000e+00 1.005000000000e+03 0.000000000000e+00
     2.000000000000e+00 1.000000000000e+00 1.700000000000e-09 1.700000000000e-09
     4.176000000000e+05 9.000000000000e+00                                      
C48 2025 04 10 21 00 00 8.055792422965e-04-4.530598118890e-12 0.000000000000e+00
     1.000000000000e+01 4.817187500000e+01 4.179459805563e-09 1.333051839463e+00
     2.318993210793e-06 3.390910569578e-04 3.537628799677e-06 5.282617685318e+03
     4.212000000000e+05-4.284083843231e-08-2.052955182395e+00-1.350417733192e-08
     9.660309009160e-01 2.873906250000e+02-1.026334966194e+00-7.154940889150e-09
     1.682212928064e-10 0.000000000000e+00 1.005000000000e+03 0.000000000000e+00
     2.000000000000e+00 1.000000000000e+00 1.700000000000e-09 1.700000000000e-09
     4.212000000000e+05 1.000000000000e+01                                      
C48 2025 04 10 22 00 00 8.055629441515e-04-4.528821762051e-12 0.000000000000e+00
     1.100000000000e+01 5.075000000000e+01 4.232676307958e-09 1.819534179748e+00
     2.613291144371e-06 3.390118945390e-04 3.526918590069e-06 5.282618440628e+03
     4.248000000000e+05 2.328306436539e-09-2.052981188690e+00-6.053596735001e-08
     9.660313544206e-01 2.875156250000e+02-1.025246871133e+00-7.195656870849e-09
     2.017941198208e-10 0.000000000000e+00 1.005000000000e+03 0.000000000000e+00
     2.000000000000e+00 1.000000000000e+00 1.700000000000e-09 1.700000000000e-09
     4.248140000000e+05 1.100000000000e+01                                      
C48 2025 04 10 23 00 00 8.055466460064e-04-4.527933583631e-12 0.000000000000e+00
     1.200000000000e+01 5.139062500000e+01 4.274820920593e-09 2.306791303391e+00
     2.727378159761e-06 3.389396006241e-04 3.669410943985e-06 5.282618698120e+03
     4.284000000000e+05 5.913898348808e-08-2.053007389553e+00-1.722946763039e-08
     9.660320332146e-01 2.870312500000e+02-1.024933556505e+00-7.214943388495e-09
     2.507247294057e-10 0.000000000000e+00 1.005000000000e+03 0.000000000000e+00
     2.000000000000e+00 1.000000000000e+00 1.700000000000e-09 1.700000000000e-09
     4.284140000000e+05 1.200000000000e+01                                      
C49 2025 04 10 00 00 00-2.658867742866e-05-5.571543226779e-12 0.000000000000e+00
     1.000000000000e+00-7.964062500000e+01 4.022667560250e-09-1.460293019066e-01
    -4.006084054708e-06 4.058786435053e-04 7.790513336658e-06 5.282638185501e+03
     3.456000000000e+05-1.024454832077e-08 2.142135448243e+00-6.519258022308e-09
     9.569809532065e-01 2.055937500000e+02 9.114576796994e-01-6.956718346671e-09
    -3.618007847406e-10 0.000000000000e+00 1.005000000000e+03 0.000000000000e+00
     2.000000000000e+00 1.000000000000e+00-3.200000000000e-09-3.200000000000e-09
     3.456000000000e+05 1.000000000000e+00                                      
C49 2025 04 10 01 00 00-2.660823520273e-05-5.510258915820e-12 0.000000000000e+00
     1.000000000000e+00-8.242187500000e+01 3.992666310578e-09 3.418498003763e-01
    -4.254281520844e-06 4.053715383634e-04 7.519964128733e-06 5.282637151718e+03
     3.492000000000e+05-1.816079020500e-08 2.142110445510e+00-1.303851604462e-08
     9.569796555982e-01 2.081562500000e+02 9.111426534573e-01-6.954575400266e-09
    -3.696582548929e-10 0.000000000000e+00 1.005000000000e+03 0.000000000000e+00
     2.000000000000e+00 1.000000000000e+00-3.200000000000e-09-3.200000000000e-09
     3.492000000000e+05 1.000000000000e+00                                      
C49 2025 04 10 02 00 00-2.662756014615e-05-5.468514530094e-12 0.000000000000e+00
     1.000000000000e+00-8.435937500000e+01 3.935878230841e-09 8.281006090057e-01
    -4.298053681850e-06 4.058444174007e-04 7.600057870150e-06 5.282638536453e+03
     3.528000000000e+05-1.396983861923e-09 2.142085571514e+00-4.423782229424e-08
     9.569783097135e-01 2.031718750000e+02 9.124560013293e-01-6.959932766279e-09
    -3.953736117551e-10 0.000000000000e+00 1.005000000000e+03 0.000000000000e+00
     2.000000000000e+00 1.000000000000e+00-3.200000000000e-09-3.200000000000e-09
     3.528000000000e+05 1.000000000000e+00                                      
C49 2025 04 10 03 00 00-2.664723433554e-05-5.468514530094e-12 0.000000000000e+00
     2.000000000000e+00-8.948437500000e+01 3.893733618206e-09 1.313936168338e+00
    -4.418194293976e-06 4.060745704919e-04 7.657334208488e-06 5.282639972687e+03
     3.564000000000e+05 3.259629011154e-08 2.142060658019e+00-3.306195139885e-08
     9.569768160742e-01 2.011250000000e+02 9.141839474994e-01-6.978147810723e-09
    -4.168030758068e-10 0.000000000000e+00 1.005000000000e+03 0.000000000000e+00
     2.000000000000e+00 1.000000000000e+00-3.200000000000e-09-3.200000000000e-09
     3.564180000000e+05 2.000000000000e+00                                      
C49 2025 04 10 04 00 00-2.666772343218e-05-5.526246127374e-12 0.000000000000e+00
     3.000000000000e+00-8.740625000000e+01 3.883376043914e-09 1.802541912272e+00
    -4.224944859743e-06 4.062028601766e-04 7.843598723412e-06 5.282639102936e+03
     3.600000000000e+05 3.073364496231e-08 2.142035566048e+00-2.002343535423e-08
     9.569752697698e-01 1.987500000000e+02 9.131412467868e-01-6.988505385015e-09
    -4.210889686172e-10 0.000000000000e+00 1.005000000000e+03 0.000000000000e+00
     2.000000000000e+00 1.000000000000e+00-3.200000000000e-09-3.200000000000e-09
     3.600180000000e+05 3.000000000000e+00                                      
C49 2025 04 10 05 00 00-2.668763045222e-05-5.524469770535e-12 0.000000000000e+00
     4.000000000000e+00-8.731250000000e+01 3.867661103609e-09 2.291210156454e+00
    -4.227273166180e-06 4.065458197147e-04 8.123926818371e-06 5.282638002396e+03
     3.636000000000e+05 5.355104804039e-08 2.142010418486e+00-1.303851604462e-08
     9.569738580538e-01 1.946406250000e+02 9.120363530378e-01-6.967433078697e-09
    -4.225175995540e-10 0.000000000000e+00 1.005000000000e+03 0.000000000000e+00
     2.000000000000e+00 1.000000000000e+00-3.200000000000e-09-3.200000000000e-09
     3.636000000000e+05 4.000000000000e+00                                      
C49 2025 04 10 06 00 00-2.670753747225e-05-5.522693413695e-12 0.000000000000e+00
     5.000000000000e+00-8.378125000000e+01 3.818730494025e-09 2.778361789075e+00
    -4.087574779987e-06 4.060561768711e-04 8.069910109043e-06 5.282639003754e+03
     3.672000000000e+05 5.122274160385e-08 2.141985515232e+00 4.470348358154e-08
     9.569725267984e-01 1.961562500000e+02 9.124481937355e-01-6.923145519657e-09
    -4.439470636057e-10 0.000000000000e+00 1.005000000000e+03 0.000000000000e+00
     2.000000000000e+00 1.000000000000e+00-3.200000000000e-09-3.200000000000e-09
     3.672000000000e+05 5.000000000000e+00                                      
C49 2025 04 10 07 00 00-2.672744449228e-05-5.520917056856e-12 0.000000000000e+00
     6.000000000000e+00-8.131250000000e+01 3.794800925833e-09-3.017272734138e+00
    -3.965105861425e-06 4.057124024257e-04 8.103437721729e-06 5.282639673233e+03
     3.708000000000e+05-9.313225746155e-09 2.141960843118e+00 5.029141902924e-08
     9.569710156040e-01 1.955937500000e+02 9.124603052342e-01-6.894930058655e-09
    -4.814486256963e-10 0.000000000000e+00 1.005000000000e+03 0.000000000000e+00
     2.000000000000e+00 1.000000000000e+00-3.200000000000e-09-3.200000000000e-09
     3.708000000000e+05 6.000000000000e+00                                      
C49 2025 04 10 08 00 00-2.674735151231e-05-5.519140700017e-12 0.000000000000e+00
     7.000000000000e+00-8.168750000000e+01 3.826587964177e-09-2.531068775460e+00
    -3.982800990343e-06 4.064703825861e-04 7.800292223692e-06 5.282637845993e+03
     3.744000000000e+05-2.235174179077e-08 2.141936255854e+00-4.190951585770e-09
     9.569692835090e-01 2.025312500000e+02 9.138190196587e-01-6.891358481313e-09
    -5.221646073947e-10 0.000000000000e+00 1.005000000000e+03 0.000000000000e+00
     2.000000000000e+00 1.000000000000e+00-3.200000000000e-09-3.200000000000e-09
     3.744000000000e+05 7.000000000000e+00                                      
C49 2025 04 10 09 00 00-2.676714211702e-05-5.516476164757e-12 0.000000000000e+00
     8.000000000000e+00-7.703125000000e+01 3.877304362433e-09-2.045414000618e+00
    -3.810506314039e-06 4.069249844179e-04 7.615890353918e-06 5.282636104584e+03
     3.780000000000e+05 1.909211277962e-08 2.141911630554e+00-1.816079020500e-08
     9.569673495313e-01 2.073281250000e+02 9.157276581555e-01-6.907073421618e-09
    -5.518086993329e-10 0.000000000000e+00 1.005000000000e+03 0.000000000000e+00
     2.000000000000e+00 1.000000000000e+00-3.200000000000e-09-3.200000000000e-09
     3.780000000000e+05 8.000000000000e+00                                      
C49 2025 04 10 10 00 00-2.678704913706e-05-5.514699807918e-12 0.000000000000e+00
     9.000000000000e+00-8.075000000000e+01 3.905162665700e-09-1.556469847160e+00
    -4.101078957319e-06 4.069692222401e-04 7.508788257837e-06 5.282637210846e+03
     3.816000000000e+05 3.492459654808e-08 2.141886905776e+00 2.048909664154e-08
     9.569652400034e-01 2.090000000000e+02 9.143475924416e-01-6.936360355822e-09
    -5.703809015111e-10 0.000000000000e+00 1.005000000000e+03 0.000000000000e+00
     2.000000000000e+00 1.000000000000e+00-3.200000000000e-09-3.200000000000e-09
     3.816000000000e+05 9.000000000000e+00                                      
C49 2025 04 10 11 00 00-2.680683974177e-05-5.512923451079e-12 0.000000000000e+00
     1.000000000000e+01-8.401562500000e+01 3.926949287486e-09-1.066146969484e+00
    -4.307366907597e-06 4.075461765751e-04 6.957445293665e-06 5.282639678955e+03
     3.852000000000e+05-4.656612873077e-09 2.141861980577e+00 4.190951585770e-08
     9.569629988129e-01 2.175156250000e+02 9.115885552766e-01-6.974933391115e-09
    -5.753811097899e-10 0.000000000000e+00 1.005000000000e+03 0.000000000000e+00
     2.000000000000e+00 1.000000000000e+00-3.200000000000e-09-3.200000000000e-09
     3.852000000000e+05 1.000000000000e+01                                      
C49 2025 04 10 12 00 00-2.682674676180e-05-5.511147094239e-12 0.000000000000e+00
     1.100000000000e+01-8.353125000000e+01 3.981594420818e-09-5.780962347257e-01
    -4.186760634184e-06 4.077436169609e-04 6.732996553183e-06 5.282640230179e+03
     3.888000000000e+05-3.259629011154e-08 2.141836768647e+00 1.862645149231e-09
     9.569607356786e-01 2.194531250000e+02 9.111011109726e-01-7.016006530548e-09
    -5.643092200298e-10 0.000000000000e+00 1.005000000000e+03 0.000000000000e+00
     2.000000000000e+00 1.000000000000e+00-3.200000000000e-09-3.200000000000e-09
     3.888000000000e+05 1.100000000000e+01                                      
C49 2025 04 10 13 00 00-2.684653736651e-05-5.509370737400e-12 0.000000000000e+00
     1.200000000000e+01-9.045312500000e+01 4.053740283126e-09-9.072089413510e-02
    -4.386063665152e-06 4.068159032613e-04 6.708782166243e-06 5.282638431549e+03
     3.924000000000e+05-6.984919309616e-09 2.141811362149e+00-2.468004822731e-08
     9.569586217620e-01 2.200312500000e+02 9.112891998130e-01-7.039578941005e-09
    -5.453798601174e-10 0.000000000000e+00 1.005000000000e+03 0.000000000000e+00
     2.000000000000e+00 1.000000000000e+00-3.200000000000e-09-3.200000000000e-09
     3.924140000000e+05 1.200000000000e+01                                      
C49 2025 04 10 14 00 00-2.686644438654e-05-5.507594380560e-12 0.000000000000e+00
     1.300000000000e+01-9.395312500000e+01 4.104813839116e-09 3.975051347816e-01
    -4.496891051531e-06 4.060695646331e-04 6.564427167177e-06 5.282636892319e+03
     3.960000000000e+05 1.117587089539e-08 2.141785923466e+00-9.778887033463e-09
     9.569566453597e-01 2.248593750000e+02 9.106273946919e-01-7.045650622486e-09
    -5.293077620786e-10 0.000000000000e+00 1.005000000000e+03 0.000000000000e+00
     2.000000000000e+00 1.000000000000e+00-3.200000000000e-09-3.200000000000e-09
     3.960140000000e+05 1.300000000000e+01                                      
C49 2025 04 10 15 00 00-2.688623499125e-05-5.505818023721e-12 0.000000000000e+00
     1.400000000000e+01-9.535937500000e+01 4.117314359812e-09 8.843473397478e-01
    -4.602130502462e-06 4.062793450430e-04 6.758142262697e-06 5.282637599945e+03
     3.996000000000e+05 6.053596735001e-09 2.141760524283e+00-1.396983861923e-09
     9.569547464920e-01 2.227343750000e+02 9.113499621154e-01-7.044221991549e-09
    -5.228789228631e-10 0.000000000000e+00 1.005000000000e+03 0.000000000000e+00
     2.000000000000e+00 1.000000000000e+00-3.200000000000e-09-3.200000000000e-09
     3.996140000000e+05 1.400000000000e+01                                      
C49 2025 04 10 16 00 00-2.690602559596e-05-5.503153488462e-12 0.000000000000e+00
     1.500000000000e+01-1.001562500000e+02 4.113385624736e-09 1.370271314923e+00
    -4.910863935947e-06 4.064491949975e-04 6.832182407379e-06 5.282638954163e+03
     4.032000000000e+05-9.313225746155e-10 2.141735135339e+00-5.587935447693e-09
     9.569528783456e-01 2.215156250000e+02 9.129905281887e-01-7.039578941005e-09
    -5.185930300527e-10 0.000000000000e+00 1.005000000000e+03 0.000000000000e+00
     2.000000000000e+00 1.000000000000e+00-3.200000000000e-09-3.200000000000e-09
     4.032000000000e+05 1.500000000000e+01                                      
C49 2025 04 10 17 00 00-2.692581620067e-05-5.501377131623e-12 0.000000000000e+00
     1.600000000000e+01-9.862500000000e+01 4.130529195978e-09 1.858703537754e+00
    -4.868954420090e-06 4.065891262144e-04 6.915070116520e-06 5.282638217926e+03
     4.068000000000e+05 1.862645149231e-09 2.141709774192e+00-1.303851604462e-08
     9.569510423835e-01 2.191093750000e+02 9.121224501555e-01-7.032792944055e-09
    -5.164500836475e-10 0.000000000000e+00 1.005000000000e+03 0.000000000000e+00
     2.000000000000e+00 1.000000000000e+00-3.200000000000e-09-3.200000000000e-09
     4.068000000000e+05 1.600000000000e+01                                      
C49 2025 04 10 18 00 00-2.694572322071e-05-5.499600774783e-12 0.000000000000e+00
     1.700000000000e+01-9.937500000000e+01 4.150172871358e-09 2.347575598609e+00
    -4.909932613373e-06 4.070686409250e-04 7.170718163252e-06 5.282636829376e+03
     4.104000000000e+05 4.656612873077e-10 2.141684455468e+00-1.490116119385e-08
     9.569491815517e-01 2.138750000000e+02 9.108148764212e-01-7.033864417258e-09
    -5.157357681791e-10 0.000000000000e+00 1.005000000000e+03 0.000000000000e+00
     2.000000000000e+00 1.000000000000e+00-3.200000000000e-09-3.200000000000e-09
     4.104000000000e+05 1.700000000000e+01                                      
C49 2025 04 10 19 00 00-2.696551382542e-05-5.497824417944e-12 0.000000000000e+00
     1.800000000000e+01-9.692187500000e+01 4.136958035193e-09 2.834955342584e+00
    -4.847068339586e-06 4.067466361448e-04 7.166527211666e-06 5.282637462616e+03
     4.140000000000e+05 9.778887033463e-09 2.141659051896e+00-3.911554813385e-08
     9.569472475740e-01 2.144062500000e+02 9.110001111084e-01-7.051722303967e-09
    -5.046638784191e-10 0.000000000000e+00 1.005000000000e+03 0.000000000000e+00
     2.000000000000e+00 1.000000000000e+00-3.200000000000e-09-3.200000000000e-09
     4.140140000000e+05 1.800000000000e+01                                      
C49 2025 04 10 20 00 00-2.698530443013e-05-5.496048061104e-12 0.000000000000e+00
     1.900000000000e+01-9.412500000000e+01 4.126243303167e-09-2.960587388371e+00
    -4.761386662722e-06 4.063377855346e-04 7.197260856628e-06 5.282638259888e+03
     4.176000000000e+05 6.519258022308e-08 2.141633434737e+00-3.306195139885e-08
     9.569453604096e-01 2.132031250000e+02 9.109222838666e-01-7.074937556690e-09
    -4.693052627337e-10 0.000000000000e+00 1.005000000000e+03 0.000000000000e+00
     2.000000000000e+00 1.000000000000e+00-3.200000000000e-09-3.200000000000e-09
     4.176000000000e+05 1.900000000000e+01                                      
C49 2025 04 10 21 00 00-2.700509503484e-05-5.494271704265e-12 0.000000000000e+00
     2.000000000000e+01-9.367187500000e+01 4.141243928004e-09-2.474322259237e+00
    -4.742294549942e-06 4.069709684700e-04 6.869435310364e-06 5.282636650085e+03
     4.212000000000e+05 6.565824151039e-08 2.141607680065e+00 3.678724169731e-08
     9.569436751280e-01 2.192500000000e+02 9.122217018326e-01-7.075294714424e-09
    -4.189460222120e-10 0.000000000000e+00 1.005000000000e+03 0.000000000000e+00
     2.000000000000e+00 1.000000000000e+00-3.200000000000e-09-3.200000000000e-09
     4.212000000000e+05 2.000000000000e+01                                      
C49 2025 04 10 22 00 00-2.702488563955e-05-5.492495347426e-12 0.000000000000e+00
     2.100000000000e+01-8.881250000000e+01 4.133386457851e-09-1.988644861829e+00
    -4.450324922800e-06 4.073622403666e-04 6.641261279583e-06 5.282634971619e+03
     4.248000000000e+05-9.313225746155e-10 2.141581940021e+00 4.889443516731e-08
     9.569422575604e-01 2.232343750000e+02 9.141094352300e-01-7.048507884360e-09
    -3.757299363743e-10 0.000000000000e+00 1.005000000000e+03 0.000000000000e+00
     2.000000000000e+00 1.000000000000e+00-3.200000000000e-09-3.200000000000e-09
     4.248000000000e+05 2.100000000000e+01                                      
C49 2025 04 10 23 00 00-2.704455982894e-05-5.489830812166e-12 0.000000000000e+00
     2.200000000000e+01-9.262500000000e+01 4.077669851317e-09-1.499665226756e+00
    -4.541594535112e-06 4.074386088178e-04 6.574206054211e-06 5.282636095047e+03
     4.284000000000e+05-1.396983861923e-08 2.141556450136e+00 1.396983861923e-08
     9.569410199317e-01 2.254062500000e+02 9.126952659699e-01-7.022078212029e-09
    -3.596578383355e-10 0.000000000000e+00 1.005000000000e+03 0.000000000000e+00
     2.000000000000e+00 1.000000000000e+00-3.200000000000e-09-3.200000000000e-09
     4.284000000000e+05 2.200000000000e+01                                      
C50 2025 04 10 00 00 00-6.428420310840e-04 8.892442338038e-12 0.000000000000e+00
     8.000000000000e+00 3.204687500000e+01 4.226961784211e-09 8.697098744501e-01
     1.544598490000e-06 3.377173561603e-04 2.714805305004e-06 5.282614519119e+03
     3.456000000000e+05-5.587935447693e-08-2.052168324111e+00-6.053596735001e-09
     9.659752836965e-01 3.062187500000e+02-5.791175417244e-01-7.212800442090e-09
     1.017899542459e-10 0.000000000000e+00 1.005000000000e+03 0.000000000000e+00
     2.000000000000e+00 1.000000000000e+00 3.190000000000e-08 3.190000000000e-08
     3.456180000000e+05 8.000000000000e+00                                      
C50 2025 04 10 01 00 00-6.428100168705e-04 8.892442338038e-12 0.000000000000e+00
     9.000000000000e+00 3.214062500000e+01 4.278749655669e-09 1.357200051184e+00
     1.672655344009e-06 3.377358661965e-04 2.701766788960e-06 5.282614595413e+03
     3.492000000000e+05-1.490116119385e-08-2.052194527899e+00-5.355104804039e-08
     9.659755002083e-01 3.063593750000e+02-5.790362429780e-01-7.252802108320e-09
     1.332198348551e-10 0.000000000000e+00 1.005000000000e+03 0.000000000000e+00
     2.000000000000e+00 1.000000000000e+00 3.190000000000e-08 3.190000000000e-08
     3.492180000000e+05 9.000000000000e+00                                      
C50 2025 04 10 02 00 00-6.427780026570e-04 8.891554159618e-12 0.000000000000e+00
     1.000000000000e+01 3.201562500000e+01 4.316251217760e-09 1.844780291007e+00
     1.734588295221e-06 3.377333050594e-04 2.785585820675e-06 5.282614597321e+03
     3.528000000000e+05 4.004687070847e-08-2.052220911627e+00-1.676380634308e-08
     9.659759332321e-01 3.064531250000e+02-5.790447995858e-01-7.271374310498e-09
     1.782217093638e-10 0.000000000000e+00 1.005000000000e+03 0.000000000000e+00
     2.000000000000e+00 1.000000000000e+00 3.190000000000e-08 3.190000000000e-08
     3.528140000000e+05 1.000000000000e+01                                      
C50 2025 04 10 03 00 00-6.427459884435e-04 8.891554159618e-12 0.000000000000e+00
     1.100000000000e+01 3.092187500000e+01 4.316965533228e-09 2.331403962344e+00
     1.658219844103e-06 3.374298103154e-04 3.003515303135e-06 5.282615465164e+03
     3.564000000000e+05 6.053596735001e-09-2.052247372889e+00 4.563480615616e-08
     9.659766091003e-01 3.035312500000e+02-5.780966545832e-01-7.261373893941e-09
     2.285809498855e-10 0.000000000000e+00 1.005000000000e+03 0.000000000000e+00
     2.000000000000e+00 1.000000000000e+00 3.190000000000e-08 3.190000000000e-08
     3.564140000000e+05 1.100000000000e+01                                      
C50 2025 04 10 04 00 00-6.427139742300e-04 8.891554159618e-12 0.000000000000e+00
     1.200000000000e+01 2.737500000000e+01 4.292321649569e-09 2.818412370897e+00
     1.442618668079e-06 3.369458718225e-04 3.076624125242e-06 5.282616485596e+03
     3.600000000000e+05-5.820766091347e-08-2.052273778561e+00 2.095475792885e-08
     9.659775658487e-01 3.022968750000e+02-5.775335306011e-01-7.224586647318e-09
     2.682254583813e-10 0.000000000000e+00 1.005000000000e+03 0.000000000000e+00
     2.000000000000e+00 1.000000000000e+00 3.190000000000e-08 3.190000000000e-08
     3.600000000000e+05 1.200000000000e+01                                      
C50 2025 04 10 05 00 00-6.426819600165e-04 8.890665981198e-12 0.000000000000e+00
     1.300000000000e+01 2.742187500000e+01 4.269106396846e-09-2.977287493552e+00
     1.438427716494e-06 3.369888290763e-04 3.095716238022e-06 5.282616392136e+03
     3.636000000000e+05-4.470348358154e-08-2.052299925295e+00-3.352761268616e-08
     9.659787391090e-01 3.018281250000e+02-5.774478782105e-01-7.179227615075e-09
     2.857261873569e-10 0.000000000000e+00 1.005000000000e+03 0.000000000000e+00
     2.000000000000e+00 1.000000000000e+00 3.190000000000e-08 3.190000000000e-08
     3.636000000000e+05 1.300000000000e+01                                      
C50 2025 04 10 06 00 00-6.426499458030e-04 8.890665981198e-12 0.000000000000e+00
     1.400000000000e+01 2.729687500000e+01 4.244462513186e-09-2.490131697466e+00
     1.424457877874e-06 3.371818456799e-04 3.228895366192e-06 5.282615922928e+03
     3.672000000000e+05-7.450580596924e-09-2.052325753114e+00-3.119930624962e-08
     9.659799328501e-01 3.001250000000e+02-5.770326918192e-01-7.146369103529e-09
     2.853690296227e-10 0.000000000000e+00 1.005000000000e+03 0.000000000000e+00
     2.000000000000e+00 1.000000000000e+00 3.190000000000e-08 3.190000000000e-08
     3.672000000000e+05 1.400000000000e+01                                      
C50 2025 04 10 07 00 00-6.426179315895e-04 8.890665981198e-12 0.000000000000e+00
     1.500000000000e+01 2.906250000000e+01 4.210532528438e-09-2.001886475064e+00
     1.415610313416e-06 3.370867343619e-04 3.244262188673e-06 5.282616403580e+03
     3.708000000000e+05-3.259629011154e-09-2.052351466825e+00-2.747401595116e-08
     9.659809729849e-01 3.007968750000e+02-5.777068893194e-01-7.142797526187e-09
     2.850118718885e-10 0.000000000000e+00 1.005000000000e+03 0.000000000000e+00
     2.000000000000e+00 1.000000000000e+00 3.190000000000e-08 3.190000000000e-08
     3.708000000000e+05 1.500000000000e+01                                      
C50 2025 04 10 08 00 00-6.425859173760e-04 8.889777802779e-12 0.000000000000e+00
     1.600000000000e+01 3.314062500000e+01 4.166244969397e-09-1.512495591775e+00
     1.483131200075e-06 3.371065249667e-04 3.277324140072e-06 5.282617591858e+03
     3.744000000000e+05 2.514570951462e-08-2.052377294644e+00-2.654269337654e-08
     9.659819575287e-01 2.986718750000e+02-5.795269583668e-01-7.155298046884e-09
     3.025126008641e-10 0.000000000000e+00 1.005000000000e+03 0.000000000000e+00
     2.000000000000e+00 1.000000000000e+00 3.190000000000e-08 3.190000000000e-08
     3.744000000000e+05 1.600000000000e+01                                      
C50 2025 04 10 09 00 00-6.425539031625e-04 8.889777802779e-12 0.000000000000e+00
     1.700000000000e+01 3.381250000000e+01 4.114814255673e-09-1.024118608731e+00
     1.495704054832e-06 3.372313221917e-04 3.199558705091e-06 5.282618160248e+03
     3.780000000000e+05 3.166496753693e-08-2.052403230718e+00 1.722946763039e-08
     9.659830459398e-01 2.964218750000e+02-5.803336084699e-01-7.157083835555e-09
     3.342996392075e-10 0.000000000000e+00 1.005000000000e+03 0.000000000000e+00
     2.000000000000e+00 1.000000000000e+00 3.190000000000e-08 3.190000000000e-08
     3.780000000000e+05 1.700000000000e+01                                      
C50 2025 04 10 10 00 00-6.425218889490e-04 8.889777802779e-12 0.000000000000e+00
     1.800000000000e+01 3.681250000000e+01 4.074455431709e-09-5.372545053438e-01
     1.787673681974e-06 3.367901081219e-04 2.978835254908e-06 5.282617176056e+03
     3.816000000000e+05-3.725290298462e-09-2.052429141923e+00 2.840533852577e-08
     9.659842952718e-01 2.983437500000e+02-5.796277256271e-01-7.143511841656e-09
     3.585863651329e-10 0.000000000000e+00 1.005000000000e+03 0.000000000000e+00
     2.000000000000e+00 1.000000000000e+00 3.190000000000e-08 3.190000000000e-08
     3.816000000000e+05 1.800000000000e+01                                      
C50 2025 04 10 11 00 00-6.424898747355e-04 8.888889624359e-12 0.000000000000e+00
     1.900000000000e+01 4.375000000000e+01 4.058383333670e-09-4.988508079385e-02
     2.269633114338e-06 3.357878886163e-04 3.113411366940e-06 5.282615205765e+03
     3.852000000000e+05-1.303851604462e-08-2.052454921466e+00 1.164153218269e-08
     9.659856411565e-01 2.963593750000e+02-5.794270308216e-01-7.130297005491e-09
     3.671581507536e-10 0.000000000000e+00 1.005000000000e+03 0.000000000000e+00
     2.000000000000e+00 1.000000000000e+00 3.190000000000e-08 3.190000000000e-08
     3.852000000000e+05 1.900000000000e+01                                      
C50 2025 04 10 12 00 00-6.424576276913e-04 8.891554159618e-12 0.000000000000e+00
     1.800000000000e+01 4.545312500000e+01 4.043739866568e-09 4.383760303613e-01
     2.392102032900e-06 3.352378262207e-04 3.421679139137e-06 5.282614000320e+03
     3.888000000000e+05-1.117587089539e-08-2.052480602993e+00 8.847564458847e-09
     9.659869782636e-01 2.924531250000e+02-5.801173891778e-01-7.128154059085e-09
     3.685867816904e-10 0.000000000000e+00 1.005000000000e+03 0.000000000000e+00
     2.000000000000e+00 1.000000000000e+00 3.190000000000e-08 3.190000000000e-08
     3.888000000000e+05 1.900000000000e+01                                      
C50 2025 04 10 13 00 00-6.424216553569e-04 9.422684854599e-12 0.000000000000e+00
     1.000000000000e+00 4.595312500000e+01 4.010167039554e-09 9.257522574803e-01
     2.349261194468e-06 3.352737985551e-04 3.493390977383e-06 5.282614149094e+03
     3.924000000000e+05-6.053596735001e-09-2.052506240632e+00 1.862645149231e-08
     9.659883475549e-01 2.928437500000e+02-5.799228371654e-01-7.119225115731e-09
     3.660866775510e-10 0.000000000000e+00 1.005000000000e+03 0.000000000000e+00
     2.000000000000e+00 1.000000000000e+00 3.190000000000e-08 3.190000000000e-08
     3.924000000000e+05 1.000000000000e+00                                      
C50 2025 04 10 14 00 00-6.423880113289e-04 9.389822253070e-12 0.000000000000e+00
     1.000000000000e+00 4.618750000000e+01 3.989451890970e-09 1.413205802746e+00
     2.329703420401e-06 3.352888161317e-04 3.490131348372e-06 5.282614246368e+03
     3.960000000000e+05-3.771856427193e-08-2.052531720276e+00 4.097819328308e-08
     9.659897519563e-01 2.929843750000e+02-5.798059675658e-01-7.096367020742e-09
     3.453715289676e-10 0.000000000000e+00 1.005000000000e+03 0.000000000000e+00
     2.000000000000e+00 1.000000000000e+00 3.190000000000e-08 3.190000000000e-08
     3.960000000000e+05 1.000000000000e+00                                      
C50 2025 04 10 15 00 00-6.423573940992e-04 9.074518914076e-12 0.000000000000e+00
     1.000000000000e+00 4.532812500000e+01 4.004809673541e-09 1.901426259407e+00
     2.324115484953e-06 3.353598294780e-04 3.484543412924e-06 5.282613803864e+03
     3.996000000000e+05-9.080395102501e-08-2.052556945373e+00-1.396983861923e-08
     9.659910363983e-01 2.945312500000e+02-5.804560108256e-01-7.079580607235e-09
     2.914407111040e-10 0.000000000000e+00 1.005000000000e+03 0.000000000000e+00
     2.000000000000e+00 1.000000000000e+00 3.190000000000e-08 3.190000000000e-08
     3.996000000000e+05 1.000000000000e+00                                      
C50 2025 04 10 16 00 00-6.423267768696e-04 8.909317728012e-12 0.000000000000e+00
     1.000000000000e+00 4.493750000000e+01 4.041239762429e-09 2.388813162902e+00
     2.253800630569e-06 3.352804342285e-04 3.618653863668e-06 5.282614011765e+03
     4.032000000000e+05-3.306195139885e-08-2.052582040269e+00-8.987262845039e-08
     9.659920238681e-01 2.940625000000e+02-5.802723663304e-01-7.097438493945e-09
     2.235807416067e-10 0.000000000000e+00 1.005000000000e+03 0.000000000000e+00
     2.000000000000e+00 1.000000000000e+00 3.190000000000e-08 3.190000000000e-08
     4.032000000000e+05 1.000000000000e+00                                      
C50 2025 04 10 17 00 00-6.422954611480e-04 8.808953566586e-12 0.000000000000e+00
     1.000000000000e+00 4.121875000000e+01 4.074812589443e-09 2.875941432722e+00
     1.972541213036e-06 3.347705351189e-04 3.666151314974e-06 5.282615056992e+03
     4.068000000000e+05 3.399327397346e-08-2.052607307790e+00-5.355104804039e-08
     9.659926631633e-01 2.934531250000e+02-5.798299799032e-01-7.139940264314e-09
     1.810789712374e-10 0.000000000000e+00 1.005000000000e+03 0.000000000000e+00
     2.000000000000e+00 1.000000000000e+00 3.190000000000e-08 3.190000000000e-08
     4.068000000000e+05 1.000000000000e+00                                      
C50 2025 04 10 18 00 00-6.422632141039e-04 8.864020628607e-12 0.000000000000e+00
     1.000000000000e+00 3.957812500000e+01 4.100170788571e-09-2.919551601443e+00
     1.829117536545e-06 3.344817087054e-04 3.531575202942e-06 5.282615631104e+03
     4.104000000000e+05 2.793967723846e-08-2.052632957133e+00-2.793967723846e-08
     9.659932190721e-01 2.947656250000e+02-5.799516581144e-01-7.159941097429e-09
     1.732215010851e-10 0.000000000000e+00 1.005000000000e+03 0.000000000000e+00
     2.000000000000e+00 1.000000000000e+00 3.190000000000e-08 3.190000000000e-08
     4.104000000000e+05 1.000000000000e+00                                      
C50 2025 04 10 19 00 00-6.422307342291e-04 8.919975869048e-12 0.000000000000e+00
     1.000000000000e+00 3.918750000000e+01 4.132314984649e-09-2.432313400645e+00
     1.841690391302e-06 3.346026642248e-04 3.461726009846e-06 5.282615322113e+03
     4.140000000000e+05 3.585591912270e-08-2.052658729361e+00-2.468004822731e-08
     9.659938832369e-01 2.935000000000e+02-5.796192816639e-01-7.152440785011e-09
     1.725071856167e-10 0.000000000000e+00 1.005000000000e+03 0.000000000000e+00
     2.000000000000e+00 1.000000000000e+00 3.190000000000e-08 3.190000000000e-08
     4.140000000000e+05 1.000000000000e+00                                      
C50 2025 04 10 20 00 00-6.421984871849e-04 8.923528582727e-12 0.000000000000e+00
     1.000000000000e+00 4.018750000000e+01 4.154101606435e-09-1.944312876161e+00
     2.003740519285e-06 3.345618024468e-04 3.409571945667e-06 5.282615629196e+03
     4.176000000000e+05 3.585591912270e-08-2.052684450387e+00-1.676380634308e-08
     9.659945313096e-01 2.935781250000e+02-5.800490109239e-01-7.146369103529e-09
     1.700070814773e-10 0.000000000000e+00 1.005000000000e+03 0.000000000000e+00
     2.000000000000e+00 1.000000000000e+00 3.190000000000e-08 3.190000000000e-08
     4.176000000000e+05 1.000000000000e+00                                      
C50 2025 04 10 21 00 00-6.421663565561e-04 8.923528582727e-12 0.000000000000e+00
     2.000000000000e+00 4.429687500000e+01 4.156958868308e-09-1.454670482144e+00
     2.265907824039e-06 3.346296725795e-04 3.589317202568e-06 5.282616994858e+03
     4.212000000000e+05 5.355104804039e-08-2.052710247484e+00-1.024454832077e-08
     9.659951194027e-01 2.907343750000e+02-5.821205906992e-01-7.152797942745e-09
     1.821504444400e-10 0.000000000000e+00 1.005000000000e+03 0.000000000000e+00
     2.000000000000e+00 1.000000000000e+00 3.190000000000e-08 3.190000000000e-08
     4.212000000000e+05 2.000000000000e+00                                      
C50 2025 04 10 22 00 00-6.421341095120e-04 8.933298545344e-12 0.000000000000e+00
     3.000000000000e+00 4.473437500000e+01 4.159458972448e-09-9.659722627706e-01
     2.285465598106e-06 3.348441096023e-04 3.801193088293e-06 5.282617843628e+03
     4.248000000000e+05 4.982575774193e-08-2.052736234761e+00 4.889443516731e-08
     9.659957777158e-01 2.876718750000e+02-5.832483088960e-01-7.151726469542e-09
     2.242950570751e-10 0.000000000000e+00 1.005000000000e+03 0.000000000000e+00
     2.000000000000e+00 1.000000000000e+00 3.190000000000e-08 3.190000000000e-08
     4.248000000000e+05 3.000000000000e+00                                      
C50 2025 04 10 23 00 00-6.421019788831e-04 8.933298545344e-12 0.000000000000e+00
     4.000000000000e+00 4.731250000000e+01 4.165173496195e-09-4.788486128468e-01
     2.367887645960e-06 3.345040604472e-04 3.772787749767e-06 5.282617130280e+03
     4.284000000000e+05-1.862645149231e-08-2.052762254222e+00 5.727633833885e-08
     9.659966832621e-01 2.888281250000e+02-5.828016448964e-01-7.123153850807e-09
     2.682254583813e-10 0.000000000000e+00 1.005000000000e+03 0.000000000000e+00
     2.000000000000e+00 1.000000000000e+00 3.190000000000e-08 3.190000000000e-08
     4.284000000000e+05 4.000000000000e+00                                      
C59 2025 04 10 00 00 00 8.448259904981e-07 1.190159082398e-13 0.000000000000e+00
     1.000000000000e+00 6.589375000000e+02 2.140089143303e-09-2.027123868794e+00
     2.170400694013e-05 3.266950370744e-04-7.059425115585e-07 6.493501577377e+03
     3.456000000000e+05-5.122274160385e-09-2.580861689489e+00 2.887099981308e-08
     1.071477774207e-01 1.940625000000e+01 8.397213499705e-01-1.238980179926e-09
     2.571535686212e-10 0.000000000000e+00 1.005000000000e+03 0.000000000000e+00
     2.000000000000e+00 0.000000000000e+00 4.200000000000e-08 4.200000000000e-08
     3.456000000000e+05 1.000000000000e+00                                      
C59 2025 04 10 01 00 00 8.454080671072e-07 1.314504061156e-13 0.000000000000e+00
     1.000000000000e+00 6.289531250000e+02 2.337597370313e-09-1.770904886851e+00
     2.065161243081e-05 3.268177388236e-04-8.707400411367e-06 6.493496612549e+03
     3.492000000000e+05-3.864988684654e-08-2.397430278503e+00 7.450580596924e-09
     1.171631852312e-01 2.628281250000e+02 6.624197295835e-01-1.405772841796e-09
     2.453673633927e-10 0.000000000000e+00 1.005000000000e+03 0.000000000000e+00
     2.000000000000e+00 0.000000000000e+00 4.200000000000e-08 4.200000000000e-08
     3.492000000000e+05 1.000000000000e+00                                      
C59 2025 04 10 02 00 00 8.447095751762e-07-1.065814103640e-14 0.000000000000e+00
     1.000000000000e+00 5.436875000000e+02 2.563678216059e-09-1.520900647160e+00
     1.776078715920e-05 3.260759403929e-04-1.561408862472e-05 6.493486616135e+03
     3.528000000000e+05-4.284083843231e-08-2.221685104937e+00-3.259629011154e-09
     1.254344070180e-01 4.736875000000e+02 4.988788476893e-01-1.569351084058e-09
     2.189376910622e-10 0.000000000000e+00 1.005000000000e+03 0.000000000000e+00
     2.000000000000e+00 0.000000000000e+00 4.200000000000e-08 4.200000000000e-08
     3.528000000000e+05 1.000000000000e+00                                      
C59 2025 04 10 03 00 00 8.445931598544e-07-1.953992523340e-14 0.000000000000e+00
     1.000000000000e+00 4.022343750000e+02 2.776544225640e-09-1.271068497836e+00
     1.302501186728e-05 3.242169041187e-04-2.075545489788e-05 6.493475717545e+03
     3.564000000000e+05-3.166496753693e-08-2.050944840371e+00-7.916241884232e-09
     1.317670970399e-01 6.314843750000e+02 3.403960825889e-01-1.713285650939e-09
     1.835790753768e-10 0.000000000000e+00 1.005000000000e+03 0.000000000000e+00
     2.000000000000e+00 0.000000000000e+00 4.200000000000e-08 4.200000000000e-08
     3.564000000000e+05 1.000000000000e+00                                      
C59 2025 04 10 04 00 00 8.444767445326e-07-2.486899575160e-14 0.000000000000e+00
     1.000000000000e+00 2.011718750000e+02 2.957980354612e-09-1.015264254631e+00
     6.366055458784e-06 3.225170075893e-04-2.378690987825e-05 6.493469076157e+03
     3.600000000000e+05-2.328306436539e-08-1.883337480703e+00-4.656612873077e-10
     1.360204816162e-01 7.255937500000e+02 1.789843828694e-01-1.851148536338e-09
     1.425059359442e-10 0.000000000000e+00 1.005000000000e+03 0.000000000000e+00
     2.000000000000e+00 0.000000000000e+00 4.200000000000e-08 4.200000000000e-08
     3.600000000000e+05 1.000000000000e+00                                      
C59 2025 04 10 05 00 00 8.444767445326e-07-1.509903313490e-14 0.000000000000e+00
     1.000000000000e+00-5.306250000000e+01 3.066556305808e-09-7.517442640232e-01
    -1.972541213036e-06 3.230597358197e-04-2.467259764671e-05 6.493470588684e+03
     3.636000000000e+05-2.188608050346e-08-1.717436863670e+00 9.778887033463e-09
     1.381030508321e-01 7.549687500000e+02 1.150857025815e-02-1.968296273155e-09
     9.964700784071e-11 0.000000000000e+00 1.005000000000e+03 0.000000000000e+00
     2.000000000000e+00 0.000000000000e+00 4.200000000000e-08 4.200000000000e-08
     3.636000000000e+05 1.000000000000e+00                                      
C59 2025 04 10 06 00 00 8.449424058199e-07 4.796163466381e-14 0.000000000000e+00
     1.000000000000e+00-3.366718750000e+02 3.065484832605e-09-4.845541747578e-01
    -1.119030639529e-05 3.271325258538e-04-2.345396205783e-05 6.493481073380e+03
     3.672000000000e+05-2.048909664154e-08-1.552039108636e+00 6.519258022308e-09
     1.379707664648e-01 7.209218750000e+02-1.591518219065e-01-2.034013296247e-09
     5.643092200298e-11 0.000000000000e+00 1.005000000000e+03 0.000000000000e+00
     2.000000000000e+00 0.000000000000e+00 4.200000000000e-08 4.200000000000e-08
     3.672000000000e+05 1.000000000000e+00                                      
C59 2025 04 10 07 00 00 8.447095751762e-07-8.881784197001e-16 0.000000000000e+00
     1.000000000000e+00-6.071406250000e+02 2.987981604284e-09-2.200825296065e-01
    -1.991447061300e-05 3.336019581184e-04-1.996289938688e-05 6.493496749878e+03
     3.708000000000e+05-1.071020960808e-08-1.386002526534e+00-2.793967723846e-09
     1.356264007440e-01 6.177031250000e+02-3.277113437500e-01-2.058300022172e-09
     1.285767843106e-11 0.000000000000e+00 1.005000000000e+03 0.000000000000e+00
     2.000000000000e+00 0.000000000000e+00 4.200000000000e-08 4.200000000000e-08
     3.708000000000e+05 1.000000000000e+00                                      
C59 2025 04 10 08 00 00 8.450588211417e-07 4.618527782441e-14 0.000000000000e+00
     1.000000000000e+00-8.157187500000e+02 2.911192691432e-09 3.984135088933e-02
    -2.659624442458e-05 3.391796490178e-04-1.375749707222e-05 6.493510362625e+03
     3.744000000000e+05 9.313225746155e-10-1.218105359869e+00-6.984919309616e-09
     1.311195699992e-01 4.301093750000e+02-4.935250810034e-01-2.069729069666e-09
    -3.285851154604e-11 0.000000000000e+00 1.005000000000e+03 0.000000000000e+00
     2.000000000000e+00 0.000000000000e+00 4.200000000000e-08 4.200000000000e-08
     3.744000000000e+05 1.000000000000e+00                                      
C59 2025 04 10 09 00 00 8.447095751762e-07-2.486899575160e-14 0.000000000000e+00
     1.000000000000e+00-9.235781250000e+02 2.913692795572e-09 3.002751036862e-01
    -3.001606091857e-05 3.409144701436e-04-4.575122147799e-06 6.493514877319e+03
     3.780000000000e+05 9.313225746155e-10-1.046881542361e+00-4.656612873077e-09
     1.245474631932e-01 1.478281250000e+02-6.630825236372e-01-2.096873057465e-09
    -7.893185925733e-11 0.000000000000e+00 1.005000000000e+03 0.000000000000e+00
     2.000000000000e+00 0.000000000000e+00 4.200000000000e-08 4.200000000000e-08
     3.780000000000e+05 1.000000000000e+00                                      
C59 2025 04 10 10 00 00 8.438946679235e-07-1.145750161413e-13 0.000000000000e+00
     1.000000000000e+00-9.100156250000e+02 2.982624238271e-09 5.677139914294e-01
    -2.952245995402e-05 3.389492630959e-04 6.874557584524e-06 6.493508655548e+03
     3.816000000000e+05-9.313225746155e-09-8.703857382139e-01-9.778887033463e-09
     1.160569119505e-01-2.081875000000e+02-8.447952223919e-01-2.112587997770e-09
    -1.225051028293e-10 0.000000000000e+00 1.005000000000e+03 0.000000000000e+00
     2.000000000000e+00 0.000000000000e+00 4.200000000000e-08 4.200000000000e-08
     3.816000000000e+05 1.000000000000e+00                                      
C59 2025 04 10 11 00 00 8.434290066361e-07-1.207922650792e-13 0.000000000000e+00
     1.000000000000e+00-7.658437500000e+02 2.983338553740e-09 8.409968463000e-01
    -2.482580021024e-05 3.363834694028e-04 1.846952363849e-05 6.493497932434e+03
     3.852000000000e+05-7.916241884232e-09-6.858041781082e-01-2.700835466385e-08
     1.058492313539e-01-5.705937500000e+02-1.040294455274e+00-2.026155826094e-09
    -1.621496113250e-10 0.000000000000e+00 1.005000000000e+03 0.000000000000e+00
     2.000000000000e+00 0.000000000000e+00 4.200000000000e-08 4.200000000000e-08
     3.852000000000e+05 1.000000000000e+00                                      
C59 2025 04 10 12 00 00 8.434290066361e-07-6.306066779871e-14 0.000000000000e+00
     1.000000000000e+00-4.862500000000e+02 2.607251459631e-09 1.109646345567e+00
    -1.578172668815e-05 3.355906810611e-04 2.727471292019e-05 6.493492616653e+03
     3.888000000000e+05 4.516914486885e-08-4.887469959885e-01-3.213062882423e-08
     9.419158535475e-02-8.449687500000e+02-1.243482017549e+00-1.602209595604e-09
    -1.992940156814e-10 0.000000000000e+00 1.005000000000e+03 0.000000000000e+00
     2.000000000000e+00 0.000000000000e+00 4.200000000000e-08 4.200000000000e-08
     3.888000000000e+05 1.000000000000e+00                                      
C59 2025 04 10 13 00 00 8.431961759925e-07-6.661338147751e-14 0.000000000000e+00
     1.000000000000e+00-8.342187500000e+01 1.768287942005e-09 1.365332383528e+00
    -2.780463546515e-06 3.357195528224e-04 3.061536699533e-05 6.493498146057e+03
     3.924000000000e+05 1.098960638046e-07-2.718681838297e-01-1.909211277962e-08
     8.144294186543e-02-9.462656250000e+02-1.453375252513e+00-7.964617472573e-10
    -2.314382117591e-10 0.000000000000e+00 1.005000000000e+03 0.000000000000e+00
     2.000000000000e+00 0.000000000000e+00 4.200000000000e-08 4.200000000000e-08
     3.924000000000e+05 1.000000000000e+00                                      
C59 2025 04 10 14 00 00 8.427305147052e-07-1.012523398458e-13 0.000000000000e+00
     1.000000000000e+00 3.850156250000e+02 6.318120317929e-10 1.612949234541e+00
     1.237448304892e-05 3.348488826305e-04 2.655480057001e-05 6.493510356903e+03
     3.960000000000e+05 1.173466444016e-07-2.206007756506e-02-3.213062882423e-08
     6.811728398687e-02-8.158593750000e+02-1.687989362870e+00 2.546534644818e-10
    -2.478674675321e-10 0.000000000000e+00 1.005000000000e+03 0.000000000000e+00
     2.000000000000e+00 0.000000000000e+00 4.200000000000e-08 4.200000000000e-08
     3.960000000000e+05 1.000000000000e+00                                      
C59 2025 04 10 15 00 00 8.422648534179e-07-1.145750161413e-13 0.000000000000e+00
     1.000000000000e+00 7.838125000000e+02-9.132523263394e-10 1.865279620772e+00
     2.539157867432e-05 3.333772765473e-04 1.337891444564e-05 6.493519273758e+03
     3.996000000000e+05 5.634501576424e-08 2.850766561184e-01-7.404014468193e-08
     5.503979992002e-02-4.050937500000e+02-1.984528938887e+00 1.735786588193e-09
    -2.360812623036e-10 0.000000000000e+00 1.005000000000e+03 0.000000000000e+00
     2.000000000000e+00 0.000000000000e+00 4.200000000000e-08 4.200000000000e-08
     3.996000000000e+05 1.000000000000e+00                                      
C59 2025 04 10 16 00 00 8.422648534179e-07-5.950795411991e-14 0.000000000000e+00
     1.000000000000e+00 8.337968750000e+02-3.243706541969e-09 2.129338379239e+00
     2.720952033997e-05 3.338814713061e-04-9.013339877129e-06 6.493517524719e+03
     4.032000000000e+05-5.913898348808e-08 6.923508257509e-01-8.568167686462e-08
     4.371797554345e-02 2.835937500000e+02-2.392846447065e+00 4.076955535848e-09
    -1.782217093638e-10 0.000000000000e+00 1.005000000000e+03 0.000000000000e+00
     2.000000000000e+00 0.000000000000e+00 4.200000000000e-08 4.200000000000e-08
     4.032000000000e+05 1.000000000000e+00                                      
C59 2025 04 10 17 00 00 8.427305147052e-07 3.375077994860e-14 0.000000000000e+00
     1.000000000000e+00 1.674531250000e+02-5.628448733196e-09 2.400399702305e+00
     5.614943802357e-06 3.379507688805e-04-2.722302451730e-05 6.493505506516e+03
     4.068000000000e+05-1.438893377781e-07 1.242023896378e+00 4.563480615616e-08
     3.690477983793e-02 8.354687500000e+02-2.950510873010e+00 6.543129690472e-09
    -5.107355599004e-11 0.000000000000e+00 1.005000000000e+03 0.000000000000e+00
     2.000000000000e+00 0.000000000000e+00 4.200000000000e-08 4.200000000000e-08
     4.068000000000e+05 1.000000000000e+00                                      
C59 2025 04 10 18 00 00 8.429633453488e-07 4.440892098501e-14 0.000000000000e+00
     1.000000000000e+00-6.669062500000e+02-5.804527496155e-09 2.669465504170e+00
    -2.179294824600e-05 3.440098371357e-04-1.408532261848e-05 6.493489940643e+03
     4.104000000000e+05-5.122274160385e-08 1.864264908608e+00 8.009374141693e-08
     3.766953928180e-02 4.277031250000e+02 2.704455333020e+00 6.824927142753e-09
     1.421487782100e-10 0.000000000000e+00 1.005000000000e+03 0.000000000000e+00
     2.000000000000e+00 0.000000000000e+00 4.200000000000e-08 4.200000000000e-08
     4.104000000000e+05 1.000000000000e+00                                      
C59 2025 04 10 19 00 00 8.429633453488e-07 2.486899575160e-14 0.000000000000e+00
     1.000000000000e+00-6.596093750000e+02-2.660467962027e-09 2.933283248347e+00
    -2.171890810132e-05 3.487942740321e-04 1.093465834856e-05 6.493478391647e+03
     4.140000000000e+05-2.607703208923e-08 2.387196366322e+00 6.984919309616e-08
     4.558966658118e-02-3.348125000000e+02 2.180772858514e+00 3.758727994680e-09
     2.903692379014e-10 0.000000000000e+00 1.005000000000e+03 0.000000000000e+00
     2.000000000000e+00 0.000000000000e+00 4.200000000000e-08 4.200000000000e-08
     4.140000000000e+05 1.000000000000e+00                                      
C59 2025 04 10 20 00 00 8.429633453488e-07 1.243449787580e-14 0.000000000000e+00
     1.000000000000e+00-2.322031250000e+02 9.928985010651e-11-3.087908166810e+00
    -7.729046046734e-06 3.500885795802e-04 2.262229099870e-05 6.493475275040e+03
     4.176000000000e+05 2.328306436539e-09 2.771746069755e+00 7.357448339462e-08
     5.740419006350e-02-6.881250000000e+02 1.797236445289e+00 1.020042488864e-09
     3.539433145883e-10 0.000000000000e+00 1.005000000000e+03 0.000000000000e+00
     2.000000000000e+00 0.000000000000e+00 4.200000000000e-08 4.200000000000e-08
     4.176000000000e+05 1.000000000000e+00                                      
C59 2025 04 10 21 00 00 8.431961759925e-07 3.819167204711e-14 0.000000000000e+00
     1.000000000000e+00 1.707187500000e+02 1.676498404316e-09-2.822591486048e+00
     5.546957254410e-06 3.480855375528e-04 2.367375418544e-05 6.493480661392e+03
     4.212000000000e+05 2.654269337654e-08 3.065563943740e+00 7.217749953270e-08
     7.061438566975e-02-7.187812500000e+02 1.501014195220e+00-5.918103655629e-10
     3.714440435639e-10 0.000000000000e+00 1.005000000000e+03 0.000000000000e+00
     2.000000000000e+00 0.000000000000e+00 4.200000000000e-08 4.200000000000e-08
     4.212000000000e+05 1.000000000000e+00                                      
C59 2025 04 10 22 00 00 8.433125913143e-07 4.085620730621e-14 0.000000000000e+00
     1.000000000000e+00 4.519687500000e+02 2.511533186867e-09-2.551880482122e+00
     1.484947279096e-05 3.447736380622e-04 1.944648101926e-05 6.493491172791e+03
     4.248000000000e+05 3.399327397346e-08-2.975363020430e+00 7.450580596924e-08
     8.388275860216e-02-5.902656250000e+02 1.250833328652e+00-1.494705117611e-09
     3.685867816904e-10 0.000000000000e+00 1.005000000000e+03 0.000000000000e+00
     2.000000000000e+00 0.000000000000e+00 4.200000000000e-08 4.200000000000e-08
     4.248000000000e+05 1.000000000000e+00                                      
C59 2025 04 10 23 00 00 8.427305147052e-07-6.217248937901e-14 0.000000000000e+00
     1.000000000000e+00 6.178281250000e+02 2.952265830865e-09-2.278633026943e+00
     2.034567296505e-05 3.422694280744e-04 1.260126009583e-05 6.493501907349e+03
     4.284000000000e+05 2.188608050346e-08-2.762948048242e+00 7.776543498039e-08
     9.646151634077e-02-3.828125000000e+02 1.027815333960e+00-2.004369204308e-09
     3.564434187277e-10 0.000000000000e+00 1.005000000000e+03 0.000000000000e+00
     2.000000000000e+00 0.000000000000e+00 4.200000000000e-08 4.200000000000e-08
     4.284000000000e+05 1.000000000000e+00                                      
C60 2025 04 10 00 00 00 1.931330189109e-07-1.127986593019e-13 0.000000000000e+00
     1.000000000000e+00 5.766406250000e+02 2.305810331970e-09-1.638057095653e+00
     1.893565058708e-05 3.000341821462e-04 1.185480505228e-05 6.493417583466e+03
     3.456000000000e+05 9.173527359962e-08-2.946307588989e+00-3.958120942116e-08
     1.330173243855e-01-3.569843750000e+02-2.322520477157e-01-1.236837233521e-09
     9.607543049875e-11 0.000000000000e+00 1.005000000000e+03 0.000000000000e+00
     2.000000000000e+00 0.000000000000e+00 4.800000000000e-08 4.800000000000e-08
     3.456000000000e+05 1.000000000000e+00                                      
C60 2025 04 10 01 00 00 1.939479261637e-07 4.440892098501e-14 0.000000000000e+00
     1.000000000000e+00 6.691406250000e+02 2.352955152884e-09-1.364045902147e+00
     2.201087772846e-05 3.012111410499e-04 6.068032234907e-06 6.493426376343e+03
     3.492000000000e+05 7.962808012962e-08-2.776340753119e+00-1.350417733192e-08
     1.348520138362e-01-1.827812500000e+02-4.142443583917e-01-1.342913080577e-09
     9.428964182777e-11 0.000000000000e+00 1.005000000000e+03 0.000000000000e+00
     2.000000000000e+00 0.000000000000e+00 4.800000000000e-08 4.800000000000e-08
     3.492000000000e+05 1.000000000000e+00                                      
C60 2025 04 10 02 00 00 1.940643414855e-07 3.730349362741e-14 0.000000000000e+00
     1.000000000000e+00 6.913437500000e+02 2.384027875759e-09-1.088771279923e+00
     2.275919541717e-05 3.038235008717e-04-2.840533852577e-08 6.493437602997e+03
     3.528000000000e+05 6.519258022308e-08-2.606828681427e+00 5.122274160385e-09
     1.345643631801e-01 2.343750000000e-01-5.970601939308e-01-1.447560296697e-09
     8.500354073867e-11 0.000000000000e+00 1.005000000000e+03 0.000000000000e+00
     2.000000000000e+00 0.000000000000e+00 4.800000000000e-08 4.800000000000e-08
     3.528000000000e+05 1.000000000000e+00                                      
C60 2025 04 10 03 00 00 1.932494342327e-07-9.237055564881e-14 0.000000000000e+00
     1.000000000000e+00 6.443906250000e+02 2.430101223470e-09-8.185653894255e-01
     2.121413126588e-05 3.065514611080e-04-6.442889571190e-06 6.493446268082e+03
     3.564000000000e+05 4.796311259270e-08-2.436521267988e+00 2.095475792885e-08
     1.321606497987e-01 1.933125000000e+02-7.755806693851e-01-1.550421724145e-09
     7.071723137082e-11 0.000000000000e+00 1.005000000000e+03 0.000000000000e+00
     2.000000000000e+00 0.000000000000e+00 4.800000000000e-08 4.800000000000e-08
     3.564000000000e+05 1.000000000000e+00                                      
C60 2025 04 10 04 00 00 1.927837729454e-07-9.858780458671e-14 0.000000000000e+00
     1.000000000000e+00 5.374062500000e+02 2.512961817804e-09-5.544858385037e-01
     1.766951754689e-05 3.074825508520e-04-1.291884109378e-05 6.493448783875e+03
     3.600000000000e+05 2.980232238770e-08-2.264071204751e+00 3.213062882423e-08
     1.276940419865e-01 3.893593750000e+02-9.500594649902e-01-1.651140205188e-09
     5.214502919263e-11 0.000000000000e+00 1.005000000000e+03 0.000000000000e+00
     2.000000000000e+00 0.000000000000e+00 4.800000000000e-08 4.800000000000e-08
     3.600000000000e+05 1.000000000000e+00                                      
C60 2025 04 10 05 00 00 1.922016963363e-07-1.332267629550e-13 0.000000000000e+00
     1.000000000000e+00 3.813125000000e+02 2.642252917583e-09-2.929277848866e-01
     1.248531043530e-05 3.055566921830e-04-1.880666241050e-05 6.493444095612e+03
     3.636000000000e+05 1.350417733192e-08-2.087856678788e+00 3.911554813385e-08
     1.212656639559e-01 5.688906250000e+02-1.125690665535e+00-1.751501528498e-09
     2.928693420408e-11 0.000000000000e+00 1.005000000000e+03 0.000000000000e+00
     2.000000000000e+00 0.000000000000e+00 4.800000000000e-08 4.800000000000e-08
     3.636000000000e+05 1.000000000000e+00                                      
C60 2025 04 10 06 00 00 1.913867890835e-07-1.731947918415e-13 0.000000000000e+00
     1.000000000000e+00 1.830468750000e+02 2.820117469212e-09-2.909513503773e-02
     5.901791155338e-06 3.013993846253e-04-2.311728894711e-05 6.493434024811e+03
     3.672000000000e+05 1.117587089539e-08-1.905728313805e+00 4.004687070847e-08
     1.130273402710e-01 7.017500000000e+02-1.309393145000e+00-1.866149161175e-09
     0.000000000000e+00 0.000000000000e+00 1.005000000000e+03 0.000000000000e+00
     2.000000000000e+00 0.000000000000e+00 4.800000000000e-08 4.800000000000e-08
     3.672000000000e+05 1.000000000000e+00                                      
C60 2025 04 10 07 00 00 1.917360350490e-07-5.595524044111e-14 0.000000000000e+00
     1.000000000000e+00-5.381250000000e+01 2.999410651779e-09 2.388993675290e-01
    -1.938547939062e-06 2.969823544845e-04-2.472568303347e-05 6.493422668457e+03
     3.708000000000e+05 8.847564458847e-09-1.714598548049e+00 3.958120942116e-08
     1.031878600628e-01 7.533281250000e+02-1.506123310801e+00-1.971867850497e-09
    -3.071556514086e-11 0.000000000000e+00 1.005000000000e+03 0.000000000000e+00
     2.000000000000e+00 0.000000000000e+00 4.800000000000e-08 4.800000000000e-08
     3.708000000000e+05 1.000000000000e+00                                      
C60 2025 04 10 08 00 00 1.923181116581e-07 4.263256414561e-14 0.000000000000e+00
     1.000000000000e+00-3.220781250000e+02 3.115129757658e-09 5.074907757821e-01
    -1.076376065612e-05 2.944329753518e-04-2.253288403153e-05 6.493415153503e+03
     3.744000000000e+05-1.862645149231e-09-1.509711883960e+00 3.818422555923e-08
     9.202684110446e-02 6.895156250000e+02-1.717063066157e+00-2.037227715854e-09
    -5.893102614235e-11 0.000000000000e+00 1.005000000000e+03 0.000000000000e+00
     2.000000000000e+00 0.000000000000e+00 4.800000000000e-08 4.800000000000e-08
     3.744000000000e+05 1.000000000000e+00                                      
C60 2025 04 10 09 00 00 1.905718818307e-07-1.927347170749e-13 0.000000000000e+00
     1.000000000000e+00-5.935781250000e+02 3.064056201668e-09 7.693878153136e-01
    -1.961039379239e-05 2.945057349280e-04-1.555401831865e-05 6.493415607452e+03
     3.780000000000e+05-2.700835466385e-08-1.283287845861e+00 2.654269337654e-08
     7.992544816430e-02 4.793906250000e+02-1.942703533149e+00-1.986511317599e-09
    -8.214627886510e-11 0.000000000000e+00 1.005000000000e+03 0.000000000000e+00
     2.000000000000e+00 0.000000000000e+00 4.800000000000e-08 4.800000000000e-08
     3.780000000000e+05 1.000000000000e+00                                      
C60 2025 04 10 10 00 00 1.891748979688e-07-2.859934511434e-13 0.000000000000e+00
     1.000000000000e+00-7.915312500000e+02 2.740828452221e-09 1.019527690918e+00
    -2.594292163849e-05 2.961067948490e-04-3.038905560970e-06 6.493425235748e+03
     3.816000000000e+05-6.100162863731e-08-1.021976109613e+00 8.381903171539e-09
     6.743567241787e-02 9.848437500000e+01-2.191344619922e+00-1.723643225230e-09
    -1.007184810433e-10 0.000000000000e+00 1.005000000000e+03 0.000000000000e+00
     2.000000000000e+00 0.000000000000e+00 4.800000000000e-08 4.800000000000e-08
     3.816000000000e+05 1.000000000000e+00                                      
C60 2025 04 10 11 00 00 1.878943294287e-07-3.188560526723e-13 0.000000000000e+00
     1.000000000000e+00-7.503750000000e+02 2.101158950276e-09 1.260855547809e+00
    -2.439226955175e-05 2.972267102450e-04 1.429719850421e-05 6.493440628052e+03
     3.852000000000e+05-7.450580596924e-08-7.026703025471e-01 9.778887033463e-09
     5.543706117612e-02-4.335781250000e+02-2.489059497010e+00-1.183620731126e-09
    -1.214336296267e-10 0.000000000000e+00 1.005000000000e+03 0.000000000000e+00
     2.000000000000e+00 0.000000000000e+00 4.800000000000e-08 4.800000000000e-08
     3.852000000000e+05 1.000000000000e+00                                      
C60 2025 04 10 12 00 00 1.866137608886e-07-3.383959779057e-13 0.000000000000e+00
     1.000000000000e+00-2.289062500000e+02 9.782550339631e-10 1.503742538901e+00
    -7.247552275658e-06 2.968872431666e-04 2.922164276242e-05 6.493454702377e+03
     3.888000000000e+05-3.492459654808e-08-2.904543488295e-01 2.933666110039e-08
     4.545227516684e-02-8.968593750000e+02-2.881164236055e+00-1.525063525017e-10
    -1.432202514126e-10 0.000000000000e+00 1.005000000000e+03 0.000000000000e+00
     2.000000000000e+00 0.000000000000e+00 4.800000000000e-08 4.800000000000e-08
     3.888000000000e+05 1.000000000000e+00                                      
C60 2025 04 10 13 00 00 1.855660229921e-07-3.126388037344e-13 0.000000000000e+00
     1.000000000000e+00 6.638437500000e+02-9.036090675161e-10 1.758927523032e+00
     2.172309905291e-05 2.962531289086e-04 2.158945426345e-05 6.493460151672e+03
     3.924000000000e+05 1.490116119385e-08 2.358764813851e-01 1.303851604462e-08
     3.992864613695e-02-6.684062500000e+02 2.883549522520e+00 1.698642183837e-09
    -1.353627812603e-10 0.000000000000e+00 1.005000000000e+03 0.000000000000e+00
     2.000000000000e+00 0.000000000000e+00 4.800000000000e-08 4.800000000000e-08
     3.924000000000e+05 1.000000000000e+00                                      
C60 2025 04 10 14 00 00 1.840526238084e-07-3.623767952377e-13 0.000000000000e+00
     1.000000000000e+00 8.732031250000e+02-2.258665511056e-09 2.027802275110e+00
     2.836529165506e-05 2.975439419970e-04-1.135328784585e-05 6.493454637527e+03
     3.960000000000e+05 2.980232238770e-08 8.065606529458e-01 6.984919309616e-09
     4.111723489216e-02 3.465781250000e+02 2.307045729715e+00 3.101557763759e-09
    -6.571702309208e-11 0.000000000000e+00 1.005000000000e+03 0.000000000000e+00
     2.000000000000e+00 0.000000000000e+00 4.800000000000e-08 4.800000000000e-08
     3.960000000000e+05 1.000000000000e+00                                      
C60 2025 04 10 15 00 00 1.827720552683e-07-3.552713678801e-13 0.000000000000e+00
     1.000000000000e+00 1.598281250000e+02-1.886149994290e-09 2.300372469438e+00
     5.251262336969e-06 3.009593347088e-04-3.069546073675e-05 6.493443681717e+03
     3.996000000000e+05 5.122274160385e-08 1.296008377917e+00-1.443549990654e-08
     4.845962658367e-02 9.462656250000e+02 1.808058640717e+00 2.816545891870e-09
     1.785788670980e-11 0.000000000000e+00 1.005000000000e+03 0.000000000000e+00
     2.000000000000e+00 0.000000000000e+00 4.800000000000e-08 4.800000000000e-08
     3.996000000000e+05 1.000000000000e+00                                      
C60 2025 04 10 16 00 00 1.814914867282e-07-3.561595462998e-13 0.000000000000e+00
     1.000000000000e+00-5.577343750000e+02-9.664688287346e-10 2.566954515822e+00
    -1.793866977096e-05 3.033560933545e-04-2.628378570080e-05 6.493437200546e+03
     4.032000000000e+05 3.492459654808e-08 1.672669912959e+00-5.029141902924e-08
     5.935102242546e-02 8.098750000000e+02 1.427787571826e+00 1.950081228711e-09
     7.536028191537e-11 0.000000000000e+00 1.005000000000e+03 0.000000000000e+00
     2.000000000000e+00 0.000000000000e+00 4.800000000000e-08 4.800000000000e-08
     4.032000000000e+05 1.000000000000e+00                                      
C60 2025 04 10 17 00 00 1.811422407627e-07-2.469136006766e-13 0.000000000000e+00
     1.000000000000e+00-8.970625000000e+02-9.357532635937e-11 2.828552189649e+00
    -2.899998798966e-05 3.016269765794e-04-1.158891245723e-05 6.493441419601e+03
     4.068000000000e+05 3.771856427193e-08 1.969049678343e+00-7.590278983116e-08
     7.164537426027e-02 3.537968750000e+02 1.132692570358e+00 1.048615107600e-09
     1.246480492344e-10 0.000000000000e+00 1.005000000000e+03 0.000000000000e+00
     2.000000000000e+00 0.000000000000e+00 4.800000000000e-08 4.800000000000e-08
     4.068000000000e+05 1.000000000000e+00                                      
C60 2025 04 10 18 00 00 1.807929947972e-07-1.776356839400e-13 0.000000000000e+00
     1.000000000000e+00-9.076718750000e+02 5.025209320139e-10 3.092260937652e+00
    -2.952432259917e-05 2.967729233205e-04 4.106201231480e-06 6.493453144073e+03
     4.104000000000e+05 2.468004822731e-08 2.216606943239e+00-9.313225746155e-08
     8.408235475615e-02-1.324062500000e+02 8.841918403335e-01 3.664438352852e-10
     1.560779298437e-10 0.000000000000e+00 1.005000000000e+03 0.000000000000e+00
     2.000000000000e+00 0.000000000000e+00 4.800000000000e-08 4.800000000000e-08
     4.104000000000e+05 1.000000000000e+00                                      
C60 2025 04 10 19 00 00 1.798616722226e-07-2.060573933704e-13 0.000000000000e+00
     1.000000000000e+00-7.275156250000e+02 9.750406143553e-10-2.924149751923e+00
    -2.385396510363e-05 2.930355258286e-04 1.669675111771e-05 6.493462640762e+03
     4.140000000000e+05 2.793967723846e-08 2.434623766687e+00-9.173527359962e-08
     9.591880591756e-02-5.201718750000e+02 6.620294859454e-01-1.785788670980e-10
     1.814361289716e-10 0.000000000000e+00 1.005000000000e+03 0.000000000000e+00
     2.000000000000e+00 0.000000000000e+00 4.800000000000e-08 4.800000000000e-08
     4.140000000000e+05 1.000000000000e+00                                      
C60 2025 04 10 20 00 00 1.791631802917e-07-2.033928581113e-13 0.000000000000e+00
     1.000000000000e+00-4.705625000000e+02 1.403629895391e-09-2.662494156780e+00
    -1.558475196362e-05 2.932809293270e-04 2.455152571201e-05 6.493461812973e+03
     4.176000000000e+05 3.073364496231e-08 2.634187082545e+00-9.080395102501e-08
     1.066720525534e-01-7.587968750000e+02 4.632952160025e-01-6.064538326650e-10
     1.953652806053e-10 0.000000000000e+00 1.005000000000e+03 0.000000000000e+00
     2.000000000000e+00 0.000000000000e+00 4.800000000000e-08 4.800000000000e-08
     4.176000000000e+05 1.000000000000e+00                                      
C60 2025 04 10 21 00 00 1.786975190043e-07-1.652011860642e-13 0.000000000000e+00
     1.000000000000e+00-1.985937500000e+02 1.839005173376e-09-2.412336797842e+00
    -6.708782166243e-06 2.963927108794e-04 2.749543637037e-05 6.493450267792e+03
     4.212000000000e+05 4.237517714500e-08 2.821847213309e+00-8.288770914078e-08
     1.160002297266e-01-8.441406250000e+02 2.878211460260e-01-9.668259864688e-10
     2.032227507576e-10 0.000000000000e+00 1.005000000000e+03 0.000000000000e+00
     2.000000000000e+00 0.000000000000e+00 4.800000000000e-08 4.800000000000e-08
     4.212000000000e+05 1.000000000000e+00                                      
C60 2025 04 10 22 00 00 1.779990270734e-07-1.811883976188e-13 0.000000000000e+00
     1.000000000000e+00 6.506250000000e+01 2.252593829575e-09-2.169695465805e+00
     1.965090632439e-06 2.993888920173e-04 2.638390287757e-05 6.493434289932e+03
     4.248000000000e+05 5.913898348808e-08 3.001686317769e+00-6.565824151039e-08
     1.236498386035e-01-8.048281250000e+02 1.275562380293e-01-1.276481742017e-09
     2.064371703653e-10 0.000000000000e+00 1.005000000000e+03 0.000000000000e+00
     2.000000000000e+00 0.000000000000e+00 4.800000000000e-08 4.800000000000e-08
     4.248000000000e+05 1.000000000000e+00                                      
C60 2025 04 10 23 00 00 1.768348738551e-07-2.513544927751e-13 0.000000000000e+00
     1.000000000000e+00 3.075781250000e+02 2.603322724555e-09-1.924315845170e+00
     9.974930435419e-06 3.006029874086e-04 2.256873995066e-05 6.493421566010e+03
     4.284000000000e+05 7.497146725655e-08-3.106770533669e+00-3.911554813385e-08
     1.294322680821e-01-6.843906250000e+02-3.044281174530e-02-1.546492989069e-09
     2.046513816944e-10 0.000000000000e+00 1.005000000000e+03 0.000000000000e+00
     2.000000000000e+00 0.000000000000e+00 4.800000000000e-08 4.800000000000e-08
     4.284000000000e+05 1.000000000000e+00                                      
C62 2025 04 10 00 00 00-5.909241735935e-07-3.117506253147e-13 0.000000000000e+00
     1.000000000000e+00 6.114062500000e+01 1.982225424788e-10-2.300252729593e+00
     2.144835889339e-06 2.270699478686e-04 2.274522557855e-05 6.493465461731e+03
     3.456000000000e+05 4.051253199577e-08 2.940874246874e+00 3.352761268616e-08
     9.117120080075e-02-6.919843750000e+02 2.218406127668e+00 7.707463903951e-10
    -9.571827276455e-11 0.000000000000e+00 1.005000000000e+03 0.000000000000e+00
     2.000000000000e+00 1.000000000000e+00 5.000000000000e-09 5.000000000000e-09
     3.456000000000e+05 1.000000000000e+00                                      
C62 2025 04 10 01 00 00-5.906913429499e-07-1.421085471520e-13 0.000000000000e+00
     1.000000000000e+00 3.805625000000e+02-1.110760553350e-10-2.056865085510e+00
     1.263292506337e-05 2.286863746122e-04 2.052541822195e-05 6.493454265594e+03
     3.492000000000e+05 6.146728992462e-08-3.091955581298e+00 3.445893526077e-08
     8.491357164252e-02-6.279843750000e+02 1.987202557729e+00 1.150762219580e-09
    -8.036049019412e-11 0.000000000000e+00 1.005000000000e+03 0.000000000000e+00
     2.000000000000e+00 1.000000000000e+00 5.000000000000e-09 5.000000000000e-09
     3.492000000000e+05 1.000000000000e+00                                      
C62 2025 04 10 02 00 00-5.910405889153e-07-1.163513729807e-13 0.000000000000e+00
     1.000000000000e+00 6.454531250000e+02-3.464430021702e-10-1.812520709094e+00
     2.126395702362e-05 2.291802084073e-04 1.257099211216e-05 6.493444175720e+03
     3.528000000000e+05 5.960464477539e-08-2.822401242329e+00 1.629814505577e-08
     7.859137659486e-02-3.890937500000e+02 1.735915628539e+00 1.450060400836e-09
    -5.643092200298e-11 0.000000000000e+00 1.005000000000e+03 0.000000000000e+00
     2.000000000000e+00 1.000000000000e+00 5.000000000000e-09 5.000000000000e-09
     3.528000000000e+05 1.000000000000e+00                                      
C62 2025 04 10 03 00 00-5.922047421336e-07-2.051692149507e-13 0.000000000000e+00
     1.000000000000e+00 7.534687500000e+02-4.735911555440e-10-1.557538421041e+00
     2.468004822731e-05 2.289895201102e-04-6.882473826408e-07 6.493439998627e+03
     3.564000000000e+05 2.933666110039e-08-2.529359617546e+00-2.002343535423e-08
     7.267627361280e-02 1.370312500000e+01 1.450569028925e+00 1.604709699743e-09
    -2.321525272275e-11 0.000000000000e+00 1.005000000000e+03 0.000000000000e+00
     2.000000000000e+00 1.000000000000e+00 5.000000000000e-09 5.000000000000e-09
     3.564000000000e+05 1.000000000000e+00                                      
C62 2025 04 10 04 00 00-5.931360647082e-07-2.273736754432e-13 0.000000000000e+00
     1.000000000000e+00 5.964531250000e+02-5.810956335370e-10-1.287409221099e+00
     1.938827335835e-05 2.297880128026e-04-1.591723412275e-05 6.493444627762e+03
     3.600000000000e+05-1.024454832077e-08-2.210084398635e+00-4.796311259270e-08
     6.772945708946e-02 4.807187500000e+02 1.123895556795e+00 1.682570085798e-09
     1.607209803882e-11 0.000000000000e+00 1.005000000000e+03 0.000000000000e+00
     2.000000000000e+00 1.000000000000e+00 5.000000000000e-09 5.000000000000e-09
     3.600000000000e+05 1.000000000000e+00                                      
C62 2025 04 10 05 00 00-5.930196493864e-07-1.083577672034e-13 0.000000000000e+00
     1.000000000000e+00 1.425156250000e+02-6.118111986779e-10-1.007257576710e+00
     4.460569471121e-06 2.330959541723e-04-2.634758129716e-05 6.493457296371e+03
     3.636000000000e+05-4.982575774193e-08-1.866124006847e+00-5.029141902924e-08
     6.434622057551e-02 8.055781250000e+02 7.625519516925e-01 1.630067898871e-09
     5.857386840816e-11 0.000000000000e+00 1.005000000000e+03 0.000000000000e+00
     2.000000000000e+00 1.000000000000e+00 5.000000000000e-09 5.000000000000e-09
     3.636000000000e+05 1.000000000000e+00                                      
C62 2025 04 10 06 00 00-5.931360647082e-07-8.348877145181e-14 0.000000000000e+00
     1.000000000000e+00-4.539062500000e+02-5.160929259133e-10-7.290029859691e-01
    -1.495098695159e-05 2.383159007877e-04-2.471730113029e-05 6.493472732544e+03
     3.672000000000e+05-6.286427378654e-08-1.506012263616e+00-2.887099981308e-08
     6.302277418008e-02 7.625937500000e+02 3.869726380951e-01 1.432202514126e-09
     9.928985010651e-11 0.000000000000e+00 1.005000000000e+03 0.000000000000e+00
     2.000000000000e+00 1.000000000000e+00 5.000000000000e-09 5.000000000000e-09
     3.672000000000e+05 1.000000000000e+00                                      
C62 2025 04 10 07 00 00-5.947658792138e-07-2.495781359357e-13 0.000000000000e+00
     1.000000000000e+00-8.740937500000e+02-1.696499237431e-10-4.601691502465e-01
    -2.847658470273e-05 2.424236154184e-04-9.841751307249e-06 6.493483289719e+03
     3.708000000000e+05-4.703179001808e-08-1.144558524188e+00-4.190951585770e-09
     6.397728580218e-02 3.095625000000e+02 1.947101538880e-02 1.016113753788e-09
     1.325055193867e-10 0.000000000000e+00 1.005000000000e+03 0.000000000000e+00
     2.000000000000e+00 1.000000000000e+00 5.000000000000e-09 5.000000000000e-09
     3.708000000000e+05 1.000000000000e+00                                      
C62 2025 04 10 08 00 00-5.943002179265e-07-7.194245199571e-14 0.000000000000e+00
     1.000000000000e+00-8.711875000000e+02 4.893060958486e-10-1.973851595756e-01
    -2.825073897839e-05 2.424699487165e-04 1.064082607627e-05 6.493483411789e+03
     3.744000000000e+05-2.328306436539e-08-7.971559373616e-01 1.629814505577e-08
     6.705068943321e-02-3.220000000000e+02-3.279491440096e-01 3.607293115380e-10
     1.510777215649e-10 0.000000000000e+00 1.005000000000e+03 0.000000000000e+00
     2.000000000000e+00 1.000000000000e+00 5.000000000000e-09 5.000000000000e-09
     3.744000000000e+05 1.000000000000e+00                                      
C62 2025 04 10 09 00 00-5.932524800301e-07 9.769962616701e-14 0.000000000000e+00
     1.000000000000e+00-4.686875000000e+02 1.271481533738e-09 6.817325376966e-02
    -1.518288627267e-05 2.387659624219e-04 2.624560147524e-05 6.493474308014e+03
     3.780000000000e+05-1.862645149231e-09-4.735581627183e-01 2.793967723846e-08
     7.178038111814e-02-8.070156250000e+02-6.543744379391e-01-3.518003681831e-10
     1.510777215649e-10 0.000000000000e+00 1.005000000000e+03 0.000000000000e+00
     2.000000000000e+00 1.000000000000e+00 5.000000000000e-09 5.000000000000e-09
     3.780000000000e+05 1.000000000000e+00                                      
C62 2025 04 10 10 00 00-5.945330485702e-07-1.127986593019e-13 0.000000000000e+00
     1.000000000000e+00 1.017343750000e+02 1.880435470542e-09 3.383462169066e-01
     3.234948962927e-06 2.350124996156e-04 3.095809370279e-05 6.493464263916e+03
     3.816000000000e+05 1.210719347000e-08-1.763197390306e-01 1.722946763039e-08
     7.757614363205e-02-9.552656250000e+02-9.591037892426e-01-8.846797076037e-10
     1.382200431339e-10 0.000000000000e+00 1.005000000000e+03 0.000000000000e+00
     2.000000000000e+00 1.000000000000e+00 5.000000000000e-09 5.000000000000e-09
     3.816000000000e+05 1.000000000000e+00                                      
C62 2025 04 10 11 00 00-5.960464477539e-07-2.611244553918e-13 0.000000000000e+00
     1.000000000000e+00 5.996875000000e+02 1.936152077077e-09 6.056246020556e-01
     1.926859840751e-05 2.336831530556e-04 2.500740811229e-05 6.493460086823e+03
     3.852000000000e+05 2.235174179077e-08 9.681303214853e-02-7.590278983116e-08
     8.386590724881e-02-7.726093750000e+02-1.236893091573e+00-8.986088592373e-10
     1.303625729816e-10 0.000000000000e+00 1.005000000000e+03 0.000000000000e+00
     2.000000000000e+00 1.000000000000e+00 5.000000000000e-09 5.000000000000e-09
     3.852000000000e+05 1.000000000000e+00                                      
C62 2025 04 10 12 00 00-5.960464477539e-07-1.403321903126e-13 0.000000000000e+00
     1.000000000000e+00 8.511250000000e+02 2.257594037853e-09 8.492531112123e-01
     2.763327211142e-05 2.365899272263e-04 1.162616536021e-05 6.493472869873e+03
     3.888000000000e+05-1.117587089539e-08 3.500223424869e-01-2.421438694000e-08
     9.016140989319e-02-3.525468750000e+02-1.471176856010e+00-1.332555506286e-09
     9.536111503035e-11 0.000000000000e+00 1.005000000000e+03 0.000000000000e+00
     2.000000000000e+00 1.000000000000e+00 5.000000000000e-09 5.000000000000e-09
     3.888000000000e+05 1.000000000000e+00                                      
C62 2025 04 10 13 00 00-5.968613550067e-07-1.749711486809e-13 0.000000000000e+00
     1.000000000000e+00 8.793593750000e+02 1.708285442660e-09 1.094823329592e+00
     2.870103344321e-05 2.381001831964e-04-3.121793270111e-06 6.493483219147e+03
     3.924000000000e+05 1.536682248116e-08 5.876429660083e-01-1.615844666958e-07
     9.607269465907e-02 1.022187500000e+02-1.691888535480e+00-8.528926692602e-10
     9.143237995420e-11 0.000000000000e+00 1.005000000000e+03 0.000000000000e+00
     2.000000000000e+00 1.000000000000e+00 5.000000000000e-09 5.000000000000e-09
     3.924000000000e+05 1.000000000000e+00                                      
C62 2025 04 10 14 00 00-5.981419235468e-07-2.531308496145e-13 0.000000000000e+00
     1.000000000000e+00 7.364843750000e+02 2.110802209099e-09 1.352394537918e+00
     2.411566674709e-05 2.382176462561e-04-1.561501994729e-05 6.493486074448e+03
     3.960000000000e+05-9.685754776001e-08 8.135157356129e-01-5.634501576424e-08
     1.012936444754e-01 4.840156250000e+02-1.912925676187e+00-1.271838691472e-09
     5.535944880039e-11 0.000000000000e+00 1.005000000000e+03 0.000000000000e+00
     2.000000000000e+00 1.000000000000e+00 5.000000000000e-09 5.000000000000e-09
     3.960000000000e+05 1.000000000000e+00                                      
C62 2025 04 10 15 00 00-5.994224920869e-07-3.010924842783e-13 0.000000000000e+00
     1.000000000000e+00 4.771718750000e+02 1.942223758558e-09 1.622605770992e+00
     1.575564965606e-05 2.386162523180e-04-2.379715442657e-05 6.493481542587e+03
     3.996000000000e+05-1.066364347935e-07 1.030801432103e+00-5.727633833885e-08
     1.055935542354e-01 7.336093750000e+02-2.138080233475e+00-1.081473619146e-09
     3.928735076157e-11 0.000000000000e+00 1.005000000000e+03 0.000000000000e+00
     2.000000000000e+00 1.000000000000e+00 5.000000000000e-09 5.000000000000e-09
     3.996000000000e+05 1.000000000000e+00                                      
C62 2025 04 10 16 00 00-6.005866453052e-07-3.090860900556e-13 0.000000000000e+00
     1.000000000000e+00 1.742031250000e+02 1.850434220870e-09 1.907265915315e+00
     5.855225026608e-06 2.411901950836e-04-2.661021426320e-05 6.493467323303e+03
     4.032000000000e+05-1.187436282635e-07 1.242112155688e+00-5.634501576424e-08
     1.088008163336e-01 8.147656250000e+02-2.371760825084e+00-8.943229664270e-10
     2.785830326729e-11 0.000000000000e+00 1.005000000000e+03 0.000000000000e+00
     2.000000000000e+00 1.000000000000e+00 5.000000000000e-09 5.000000000000e-09
     4.032000000000e+05 1.000000000000e+00                                      
C62 2025 04 10 17 00 00-6.000045686960e-07-9.592326932761e-14 0.000000000000e+00
     1.000000000000e+00-1.325156250000e+02 1.646854312378e-09 2.188770760391e+00
    -4.227273166180e-06 2.452968619764e-04-2.495199441910e-05 6.493452436447e+03
     4.068000000000e+05-9.359791874886e-08 1.449635300980e+00-6.938353180885e-08
     1.107975780896e-01 7.596093750000e+02-2.598533688684e+00-5.914532078287e-10
     2.250093725435e-11 0.000000000000e+00 1.005000000000e+03 0.000000000000e+00
     2.000000000000e+00 1.000000000000e+00 5.000000000000e-09 5.000000000000e-09
     4.068000000000e+05 1.000000000000e+00                                      
C62 2025 04 10 18 00 00-6.000045686960e-07-6.128431095931e-14 0.000000000000e+00
     1.000000000000e+00-4.067031250000e+02 1.401129791251e-09 2.459408030319e+00
    -1.327227801085e-05 2.483699936420e-04-2.005789428949e-05 6.493443597794e+03
     4.104000000000e+05-5.494803190231e-08 1.655289369469e+00-7.450580596924e-08
     1.115138359474e-01 6.078125000000e+02-2.812587051586e+00-2.875119760278e-10
     1.928651764659e-11 0.000000000000e+00 1.005000000000e+03 0.000000000000e+00
     2.000000000000e+00 1.000000000000e+00 5.000000000000e-09 5.000000000000e-09
     4.104000000000e+05 1.000000000000e+00                                      
C62 2025 04 10 19 00 00-6.009358912706e-07-1.589839371263e-13 0.000000000000e+00
     1.000000000000e+00-6.150156250000e+02 1.181477784721e-09 2.722081032321e+00
    -2.016127109528e-05 2.483263378963e-04-1.307995989919e-05 6.493443670273e+03
     4.140000000000e+05-2.933666110039e-08 1.860858566766e+00-6.658956408501e-08
     1.109250406789e-01 3.950000000000e+02-3.018590325935e+00-6.893144269984e-11
     1.750072897561e-11 0.000000000000e+00 1.005000000000e+03 0.000000000000e+00
     2.000000000000e+00 1.000000000000e+00 5.000000000000e-09 5.000000000000e-09
     4.140000000000e+05 1.000000000000e+00                                      
C62 2025 04 10 20 00 00-6.016343832016e-07-1.749711486809e-13 0.000000000000e+00
     1.000000000000e+00-7.296093750000e+02 1.009327756838e-09 2.984259809394e+00
    -2.396246418357e-05 2.451732289046e-04-4.886649549007e-06 6.493451265335e+03
     4.176000000000e+05-2.421438694000e-08 2.068120424648e+00-5.448237061501e-08
     1.090512957042e-01 1.469843750000e+02 3.057411696692e+00 5.393081786361e-11
     1.821504444400e-11 0.000000000000e+00 1.005000000000e+03 0.000000000000e+00
     2.000000000000e+00 1.000000000000e+00 5.000000000000e-09 5.000000000000e-09
     4.176000000000e+05 1.000000000000e+00                                      
C62 2025 04 10 21 00 00-6.014015525579e-07-6.572520305781e-14 0.000000000000e+00
     1.000000000000e+00-7.325468750000e+02 8.643217167545e-10-3.032182313901e+00
    -2.407468855381e-05 2.407560823485e-04 3.820750862360e-06 6.493462188721e+03
     4.212000000000e+05-2.514570951462e-08 2.278973278282e+00-4.610046744347e-08
     1.059580680703e-01-1.159531250000e+02 2.842107714383e+00 1.289339420448e-10
     2.107230631757e-11 0.000000000000e+00 1.005000000000e+03 0.000000000000e+00
     2.000000000000e+00 1.000000000000e+00 5.000000000000e-09 5.000000000000e-09
     4.212000000000e+05 1.000000000000e+00                                      
C62 2025 04 10 22 00 00-6.021000444889e-07-1.172395514004e-13 0.000000000000e+00
     1.000000000000e+00-6.185937500000e+02 7.200299921393e-10-2.762069481086e+00
    -2.031959593296e-05 2.373493043706e-04 1.225806772709e-05 6.493471485138e+03
     4.248000000000e+05-1.676380634308e-08 2.495571997219e+00-3.864988684654e-08
     1.017585890994e-01-3.710156250000e+02 2.617737320684e+00 2.139374827835e-10
     2.571535686212e-11 0.000000000000e+00 1.005000000000e+03 0.000000000000e+00
     2.000000000000e+00 1.000000000000e+00 5.000000000000e-09 5.000000000000e-09
     4.248000000000e+05 1.000000000000e+00                                      
C62 2025 04 10 23 00 00-6.037298589945e-07-2.842170943040e-13 0.000000000000e+00
     1.000000000000e+00-3.961250000000e+02 5.764525829925e-10-2.495099825780e+00
    -1.297611743212e-05 2.361863153055e-04 1.934124156833e-05 6.493475275040e+03
     4.284000000000e+05 3.725290298462e-09 2.720475643576e+00-2.514570951462e-08
     9.661849037651e-02-5.860625000000e+02 2.388265973024e+00 3.332281660049e-10
     3.071556514086e-11 0.000000000000e+00 1.005000000000e+03 0.000000000000e+00
     2.000000000000e+00 1.000000000000e+00 5.000000000000e-09 5.000000000000e-09
     4.284000000000e+05 1.000000000000e+00                                      
