     3.05           NAVIGATION DATA     G                   RINEX VERSION / TYPE
BCEmerge            congo               20250411 005005 GMT PGM / RUN BY / DATE 
gfzrnx-2.2.0        FILE PROCESSING     20251208 194245 UTC COMMENT             
Merged GPS/GLO/GAL/BDS/QZS/SBAS/IRNSS navigation file       COMMENT             
based on CONGO and IGS tracking data                        COMMENT             
DLR/GSOC: O. Montenbruck; P. Steigenberger                  COMMENT             
GPSA   3.2596e-08  1.4901e-08 -1.7881e-07 -5.9605e-08       IONOSPHERIC CORR    
GPSB   1.3722e+05  1.6384e+04 -3.2768e+05  3.2768e+05       IONOSPHERIC CORR    
GAL    1.6500e+02  1.9922e-01 -1.9226e-03           0       IONOSPHERIC CORR    
BDSA   2.8871e-08  6.1840e-07 -4.4703e-06  7.3910e-06       IONOSPHERIC CORR    
BDSB   1.7408e+05 -6.0621e+05  1.3763e+06  3.9322e+05       IONOSPHERIC CORR    
QZSA   2.7940e-08 -4.4703e-08 -3.5763e-07  0.0000e+00       IONOSPHERIC CORR    
QZSB   1.3107e+05  3.2768e+04 -5.8982e+05 -1.5729e+06       IONOSPHERIC CORR    
IRNA   7.6368e-08  8.0466e-07 -1.1325e-06 -7.5102e-06       IONOSPHERIC CORR    
IRNB   1.6794e+05 -7.0451e+05 -1.5729e+06  8.3231e+06       IONOSPHERIC CORR    
BDUT -1.8626451492e-09-9.769962617e-15     14 2361          TIME SYSTEM CORR    
GAGP -2.5029294193e-09 8.881784197e-16 432000 2361          TIME SYSTEM CORR    
GAUT  9.3132257462e-10 0.000000000e+00 345600 2361          TIME SYSTEM CORR    
GLGP -1.3969838619e-08 0.000000000e+00 345600 2361          TIME SYSTEM CORR    
GLUT -2.3283064365e-09 0.000000000e+00 345600 2361          TIME SYSTEM CORR    
GPUT  9.3132257462e-10-6.217248938e-15  61440 2362          TIME SYSTEM CORR    
IRGA  9.1968104243e-09-2.220446049e-15 430800 2361          TIME SYSTEM CORR    
IRGL  1.3969838619e-08 4.440892099e-16 430800 2361          TIME SYSTEM CORR    
IRGP -3.4924596548e-10-4.440892099e-16 430800 2361          TIME SYSTEM CORR    
IRUT  6.6938810050e-10 1.376676551e-14 430800 2361          TIME SYSTEM CORR    
QZUT  6.5192580223e-09 0.000000000e+00   8192 2362          TIME SYSTEM CORR    
    18    18  1929     7                                    LEAP SECONDS        
                                                            END OF HEADER
G01 2025 04 10 00 00 00 2.148882485926e-04 1.671196514508e-11 0.000000000000e+00
     1.490000000000e+02-6.343750000000e+00 4.423398538018e-09-1.034483617389e+00
    -4.079192876816e-07 4.679190460593e-04 1.121126115322e-05 5.153730167389e+03
     3.456000000000e+05 9.313225746155e-09 2.744948994692e+00-3.725290298462e-09
     9.598255593758e-01 1.635312500000e+02 5.252400653284e-02-7.924258648609e-09
    -5.428797559780e-11 1.000000000000e+00 2.361000000000e+03 0.000000000000e+00
     2.000000000000e+00 0.000000000000e+00-9.313225746155e-09 4.050000000000e+02
     3.384180000000e+05 4.000000000000e+00                                      
G01 2025 04 10 02 00 00 2.150088548660e-04 1.671196514508e-11 0.000000000000e+00
     1.500000000000e+02-1.846875000000e+01 4.328751738457e-09 1.792171053404e-02
    -9.126961231232e-07 4.693495575339e-04 1.102499663830e-05 5.153733497620e+03
     3.528000000000e+05 2.048909664154e-08 2.744891946739e+00-1.490116119385e-08
     9.598252550888e-01 1.685312500000e+02 5.026274041060e-02-7.907829392835e-09
    -4.964492505326e-11 1.000000000000e+00 2.361000000000e+03 0.000000000000e+00
     2.000000000000e+00 0.000000000000e+00-9.313225746155e-09 4.060000000000e+02
     3.456180000000e+05 4.000000000000e+00                                      
G01 2025 04 10 04 00 00 2.151289954782e-04 1.671196514508e-11 0.000000000000e+00
     1.510000000000e+02-2.437500000000e+01 4.323394372444e-09 1.068851659242e+00
    -1.333653926849e-06 4.683503648266e-04 1.131743192673e-05 5.153731533051e+03
     3.600000000000e+05 1.303851604462e-08 2.744835115297e+00-1.862645149231e-09
     9.598249230064e-01 1.629062500000e+02 4.947661358526e-02-7.894257398936e-09
    -5.893102614235e-11 1.000000000000e+00 2.361000000000e+03 0.000000000000e+00
     2.000000000000e+00 0.000000000000e+00-9.313225746155e-09 4.070000000000e+02
     3.528180000000e+05 4.000000000000e+00                                      
G01 2025 04 10 06 00 00 2.152491360903e-04 1.671196514508e-11 0.000000000000e+00
     1.520000000000e+02-2.540625000000e+01 4.184817171576e-09 2.113749790437e+00
    -1.363456249237e-06 4.684037994593e-04 1.194886863232e-05 5.153736162186e+03
     3.672000000000e+05 1.303851604462e-08 2.744778285319e+00-1.862645149231e-09
     9.598244929085e-01 1.452812500000e+02 5.472055754801e-02-7.894257398936e-09
    -6.035965707914e-11 1.000000000000e+00 2.361000000000e+03 0.000000000000e+00
     2.000000000000e+00 0.000000000000e+00-9.313225746155e-09 4.080000000000e+02
     3.600180000000e+05 4.000000000000e+00                                      
G01 2025 04 10 08 00 00 2.153692767024e-04 1.671196514508e-11 0.000000000000e+00
     1.530000000000e+02-1.962500000000e+01 4.159101814713e-09-3.118240450705e+00
    -9.164214134216e-07 4.691792419180e-04 1.226179301739e-05 5.153734443665e+03
     3.744000000000e+05 1.862645149231e-08 2.744721448025e+00-3.725290298462e-09
     9.598240715881e-01 1.418125000000e+02 5.366632904087e-02-7.891042979328e-09
    -6.035965707914e-11 1.000000000000e+00 2.361000000000e+03 0.000000000000e+00
     2.000000000000e+00 0.000000000000e+00-9.313225746155e-09 4.090000000000e+02
     3.672180000000e+05 4.000000000000e+00                                      
G01 2025 04 10 10 00 00 2.154889516532e-04 1.671196514508e-11 0.000000000000e+00
     1.540000000000e+02-2.078125000000e+01 4.088027425608e-09-2.068624805155e+00
    -1.050531864166e-06 4.689538618550e-04 1.209974288940e-05 5.153734548569e+03
     3.816000000000e+05-3.166496753693e-08 2.744665254416e+00 8.754432201385e-08
     9.598237790045e-01 1.465937500000e+02 5.419092414951e-02-7.811039646868e-09
    -1.125046862718e-10 1.000000000000e+00 2.361000000000e+03 0.000000000000e+00
     2.000000000000e+00 0.000000000000e+00-9.313225746155e-09 4.100000000000e+02
     3.744180000000e+05 4.000000000000e+00                                      
G01 2025 04 10 12 00 00 2.156090922654e-04 1.671196514508e-11 0.000000000000e+00
     1.550000000000e+02-2.359375000000e+01 4.179102647828e-09-1.022779213602e+00
    -1.216307282448e-06 4.692511865869e-04 1.142732799053e-05 5.153730760574e+03
     3.888000000000e+05 7.450580596924e-09 2.744609727897e+00-7.636845111847e-08
     9.598224243423e-01 1.615937500000e+02 5.848742384739e-02-7.824611640768e-09
    -2.528676758108e-10 1.000000000000e+00 2.361000000000e+03 0.000000000000e+00
     2.000000000000e+00 0.000000000000e+00-9.313225746155e-09 4.110000000000e+02
     3.816180000000e+05                                                         
G01 2025 04 10 14 00 00 2.157292328775e-04 1.659827830736e-11 0.000000000000e+00
     1.560000000000e+02-3.375000000000e+01 4.247676932794e-09 2.924661435317e-02
    -1.918524503708e-06 4.705867031589e-04 1.094117760658e-05 5.153733770370e+03
     3.960000000000e+05 1.862645149231e-08 2.744553341183e+00 2.235174179077e-08
     9.598200968397e-01 1.672812500000e+02 5.660414064680e-02-7.906400761899e-09
    -2.939408152434e-10 1.000000000000e+00 2.361000000000e+03 0.000000000000e+00
     2.000000000000e+00 0.000000000000e+00-9.313225746155e-09 4.120000000000e+02
     3.888180000000e+05                                                         
G01 2025 04 10 16 00 00 2.158489078283e-04 1.659827830736e-11 0.000000000000e+00
     1.570000000000e+02-4.178125000000e+01 4.379825294447e-09 1.080633626945e+00
    -2.032145857811e-06 4.694819217548e-04 1.102313399315e-05 5.153731424332e+03
     4.032000000000e+05 1.862645149231e-08 2.744496171807e+00-1.303851604462e-08
     9.598179156288e-01 1.630000000000e+02 5.536074951743e-02-7.937830642508e-09
    -2.789401904071e-10 1.000000000000e+00 2.361000000000e+03 0.000000000000e+00
     2.000000000000e+00 0.000000000000e+00-9.313225746155e-09 4.130000000000e+02
     3.960180000000e+05 4.000000000000e+00                                      
G01 2025 04 10 18 00 00 2.159685827792e-04 1.659827830736e-11 0.000000000000e+00
     1.580000000000e+02-4.500000000000e+01 4.350181202508e-09 2.126088116127e+00
    -2.222135663033e-06 4.693837836385e-04 1.197308301926e-05 5.153735578537e+03
     4.104000000000e+05-1.117587089539e-08 2.744438739107e+00 5.029141902924e-08
     9.598161177025e-01 1.475625000000e+02 6.004971502595e-02-7.927830225950e-09
    -2.221521106700e-10 1.000000000000e+00 2.361000000000e+03 0.000000000000e+00
     2.000000000000e+00 0.000000000000e+00-9.313225746155e-09 4.140000000000e+02
     4.032180000000e+05 4.000000000000e+00                                      
G01 2025 04 10 20 00 00 2.160882577300e-04 1.659827830736e-11 0.000000000000e+00
     1.590000000000e+02-3.943750000000e+01 4.383039714054e-09-3.105952390881e+00
    -2.032145857811e-06 4.703771555796e-04 1.223944127560e-05 5.153733520508e+03
     4.176000000000e+05-3.166496753693e-08 2.744381682376e+00-3.725290298462e-09
     9.598147630403e-01 1.417500000000e+02 5.904754884742e-02-7.891400137062e-09
    -1.992940156814e-10 1.000000000000e+00 2.361000000000e+03 0.000000000000e+00
     2.800000000000e+00 0.000000000000e+00-9.313225746155e-09 4.150000000000e+02
     4.104180000000e+05 4.000000000000e+00                                      
G01 2025 04 10 22 00 00 2.162079326808e-04 1.659827830736e-11 0.000000000000e+00
     1.600000000000e+02-3.831250000000e+01 4.368396246952e-09-2.055881150216e+00
    -2.095475792885e-06 4.699958954006e-04 1.209229230881e-05 5.153734077454e+03
     4.248000000000e+05 1.303851604462e-08 2.744324517389e+00-5.215406417847e-08
     9.598132635493e-01 1.457812500000e+02 5.911923622206e-02-7.934973380634e-09
    -1.653640309328e-10 1.000000000000e+00 2.361000000000e+03 0.000000000000e+00
     2.800000000000e+00 0.000000000000e+00-9.313225746155e-09 4.160000000000e+02
     4.176180000000e+05 4.000000000000e+00                                      
G01 2025 04 10 22 44 32 2.162535674870e-04 1.659827830736e-11 0.000000000000e+00
     1.610000000000e+02-4.284375000000e+01 4.410183701853e-09-1.668765990253e+00
    -2.322718501091e-06 4.703553859144e-04 1.163594424725e-05 5.153731748581e+03
     4.274720000000e+05 3.725290298462e-08 2.744303209987e+00-2.235174179077e-08
     9.598128334514e-01 1.549375000000e+02 6.172412424610e-02-7.941402219850e-09
    -1.432202514126e-10 1.000000000000e+00 2.361000000000e+03 0.000000000000e+00
     2.000000000000e+00 0.000000000000e+00-9.313225746155e-09 4.170000000000e+02
     4.203180000000e+05 4.000000000000e+00                                      
G02 2025 04 10 00 00 00-1.983870752156e-04 9.436007530894e-12 0.000000000000e+00
     9.100000000000e+01-3.696875000000e+01 4.406969282245e-09 5.478706370568e-01
    -2.101063728333e-06 1.643500465434e-02 1.060217618942e-05 5.153723007202e+03
     3.456000000000e+05-4.097819328308e-08 2.580812766582e+00-2.626329660416e-07
     9.660379199970e-01 1.837187500000e+02-1.005344915188e+00-8.179626428559e-09
    -1.764359206929e-10 1.000000000000e+00 2.361000000000e+03 0.000000000000e+00
     2.800000000000e+00 0.000000000000e+00-1.769512891769e-08 9.100000000000e+01
     3.384180000000e+05 4.000000000000e+00                                      
G02 2025 04 10 01 59 44-1.983176916838e-04 9.436007530894e-12 0.000000000000e+00
     1.000000000000e+01-4.581250000000e+01 4.258034507086e-09 1.595725947431e+00
    -2.413988113403e-06 1.643530628644e-02 1.033581793308e-05 5.153722196579e+03
     3.527840000000e+05 3.818422555923e-07 2.580755935141e+00-4.470348358154e-08
     9.660385037013e-01 1.818750000000e+02-1.005385322448e+00-7.724607475193e-09
    -2.289381076197e-10 1.000000000000e+00 2.361000000000e+03 0.000000000000e+00
     2.000000000000e+00 0.000000000000e+00-1.769512891769e-08 1.000000000000e+01
     3.456180000000e+05 4.000000000000e+00                                      
G02 2025 04 10 04 00 00-1.982492394745e-04 9.436007530894e-12 0.000000000000e+00
     1.100000000000e+01-4.003125000000e+01 4.103742365913e-09 2.648112362749e+00
    -2.114102244377e-06 1.643347810023e-02 1.111626625061e-05 5.153726476669e+03
     3.600000000000e+05 2.291053533554e-07 2.580701186895e+00 1.378357410431e-07
     9.660366648132e-01 1.629687500000e+02-1.005289918246e+00-7.626031940555e-09
    -2.821546100149e-10 1.000000000000e+00 2.361000000000e+03 0.000000000000e+00
     2.000000000000e+00 0.000000000000e+00-1.769512891769e-08 1.100000000000e+01
     3.528180000000e+05 4.000000000000e+00                                      
G02 2025 04 10 06 00 00-1.981812529266e-04 9.436007530894e-12 0.000000000000e+00
     1.200000000000e+01-3.781250000000e+01 3.994452099249e-09-2.584973007164e+00
    -1.749023795128e-06 1.643318159040e-02 1.155585050583e-05 5.153726976395e+03
     3.672000000000e+05 7.264316082001e-08 2.580645964663e+00 2.067536115646e-07
     9.660352955219e-01 1.518437500000e+02-1.005245417741e+00-7.572815438160e-09
    -1.775073938955e-10 1.000000000000e+00 2.361000000000e+03 0.000000000000e+00
     2.000000000000e+00 0.000000000000e+00-1.769512891769e-08 1.200000000000e+01
     3.600180000000e+05 4.000000000000e+00                                      
G02 2025 04 10 08 00 00-1.981128007174e-04 9.436007530894e-12 0.000000000000e+00
     3.700000000000e+01-3.021875000000e+01 4.038739658289e-09-1.534775878010e+00
    -1.471489667892e-06 1.643323572353e-02 1.198612153530e-05 5.153728326797e+03
     3.744000000000e+05-3.259629011154e-07 2.580589854440e+00 1.043081283569e-07
     9.660322307085e-01 1.565000000000e+02-1.005297541512e+00-7.975689362333e-09
    -1.471489864888e-10 1.000000000000e+00 2.361000000000e+03 0.000000000000e+00
     2.000000000000e+00 0.000000000000e+00-1.769512891769e-08 3.700000000000e+01
     3.672180000000e+05 4.000000000000e+00                                      
G02 2025 04 10 10 00 00-1.980443485081e-04 9.436007530894e-12 0.000000000000e+00
     3.800000000000e+01-4.362500000000e+01 4.131600669180e-09-4.847809226713e-01
    -2.332031726837e-06 1.643108623102e-02 1.096166670322e-05 5.153722129822e+03
     3.816000000000e+05-3.129243850708e-07 2.580532110138e+00-1.508742570877e-07
     9.660311686300e-01 1.766875000000e+02-1.005146941410e+00-8.029977337931e-09
    -1.914365455291e-10 1.000000000000e+00 2.361000000000e+03 0.000000000000e+00
     2.000000000000e+00 0.000000000000e+00-1.769512891769e-08 3.800000000000e+01
     3.744180000000e+05                                                         
G02 2025 04 10 12 00 00-1.979763619602e-04 9.436007530894e-12 0.000000000000e+00
     3.900000000000e+01-5.118750000000e+01 4.238390831705e-09 5.653234457735e-01
    -2.972781658173e-06 1.643160392996e-02 1.056492328644e-05 5.153723159790e+03
     3.888000000000e+05 9.313225746155e-09 2.580474831043e+00-2.663582563400e-07
     9.660285134337e-01 1.851875000000e+02-1.005102367759e+00-8.138910446860e-09
    -4.010881355022e-10 1.000000000000e+00 2.361000000000e+03 0.000000000000e+00
     2.000000000000e+00 0.000000000000e+00-1.769512891769e-08 3.900000000000e+01
     3.816180000000e+05                                                         
G02 2025 04 10 14 00 00-1.979079097509e-04 9.436007530894e-12 0.000000000000e+00
     4.000000000000e+01-5.962500000000e+01 4.219104314058e-09 1.615499270452e+00
    -3.172084689140e-06 1.643199718092e-02 9.814277291298e-06 5.153722743988e+03
     3.960000000000e+05 3.520399332047e-07 2.580417942548e+00-1.676380634308e-08
     9.660271690120e-01 1.852187500000e+02-1.005130425065e+00-7.748179885650e-09
    -4.625192657839e-10 1.000000000000e+00 2.361000000000e+03 0.000000000000e+00
     2.000000000000e+00 0.000000000000e+00-1.769512891769e-08 4.000000000000e+01
     3.888180000000e+05 4.000000000000e+00                                      
G02 2025 04 10 16 00 00-1.978399232030e-04 9.436007530894e-12 0.000000000000e+00
     4.300000000000e+01-5.821875000000e+01 4.221247260464e-09 2.665591692708e+00
    -2.741813659668e-06 1.643058960326e-02 1.071020960808e-05 5.153725622177e+03
     4.032000000000e+05 2.440065145493e-07 2.580362751037e+00 1.695007085800e-07
     9.660237194512e-01 1.704375000000e+02-1.005074184643e+00-7.678176969747e-09
    -4.725196823414e-10 1.000000000000e+00 2.361000000000e+03 0.000000000000e+00
     2.000000000000e+00 0.000000000000e+00-1.769512891769e-08 4.300000000000e+01
     3.960180000000e+05 4.000000000000e+00                                      
G02 2025 04 10 18 00 00-1.977714709938e-04 9.436007530894e-12 0.000000000000e+00
     4.600000000000e+01-5.740625000000e+01 4.182317067436e-09-2.567490518766e+00
    -2.788379788399e-06 1.643012859859e-02 1.130625605583e-05 5.153726409912e+03
     4.104000000000e+05 2.421438694000e-08 2.580307048969e+00 2.253800630569e-07
     9.660212163983e-01 1.590937500000e+02-1.005031161685e+00-7.595673533148e-09
    -3.321566928024e-10 1.000000000000e+00 2.361000000000e+03 0.000000000000e+00
     2.000000000000e+00 0.000000000000e+00-1.769512891769e-08 4.600000000000e+01
     4.032180000000e+05 4.000000000000e+00                                      
G02 2025 04 10 20 00 00-1.977034844458e-04 9.436007530894e-12 0.000000000000e+00
     4.700000000000e+01-4.906250000000e+01 4.311608167215e-09-1.517314065033e+00
    -2.538785338402e-06 1.643047411926e-02 1.175887882710e-05 5.153726909637e+03
     4.176000000000e+05-4.097819328308e-07 2.580250505722e+00 2.980232238770e-08
     9.660168715316e-01 1.598750000000e+02-1.005060168425e+00-8.052478275185e-09
    -2.778687172046e-10 1.000000000000e+00 2.361000000000e+03 0.000000000000e+00
     2.000000000000e+00 0.000000000000e+00-1.769512891769e-08 4.700000000000e+01
     4.104180000000e+05 4.000000000000e+00                                      
G02 2025 04 10 21 59 44-1.976336352527e-04 9.436007530894e-12 0.000000000000e+00
     0.000000000000e+00-5.925000000000e+01 4.440542109260e-09-4.696311449251e-01
    -3.270804882050e-06 1.642831950448e-02 1.070462167263e-05 5.153721200943e+03
     4.247840000000e+05-1.806765794754e-07 2.580191105396e+00-1.564621925354e-07
     9.660151701579e-01 1.806562500000e+02-1.004928156160e+00-8.195341368863e-09
    -1.553636143753e-10 1.000000000000e+00 2.361000000000e+03 0.000000000000e+00
     2.000000000000e+00 0.000000000000e+00-1.769512891769e-08 0.000000000000e+00
     4.242360000000e+05 4.000000000000e+00                                      
G02 2025 04 10 22 00 00-1.976350322366e-04 9.436007530894e-12 0.000000000000e+00
     4.800000000000e+01-5.925000000000e+01 4.440542109260e-09-4.672973531762e-01
    -3.270804882050e-06 1.642832125071e-02 1.070462167263e-05 5.153721187592e+03
     4.248000000000e+05-1.806765794754e-07 2.580190962030e+00-1.564621925354e-07
     9.660151716208e-01 1.806562500000e+02-1.004928154697e+00-8.195341368863e-09
    -1.553636143753e-10 1.000000000000e+00 2.361000000000e+03 0.000000000000e+00
     2.000000000000e+00 0.000000000000e+00-1.769512891769e-08 4.800000000000e+01
     4.176180000000e+05 4.000000000000e+00                                      
G02 2025 04 10 23 59 44-1.975651830435e-04 9.436007530894e-12 0.000000000000e+00
     1.500000000000e+01-6.518750000000e+01 4.448399579412e-09 5.804690966278e-01
    -3.602355718613e-06 1.642855675891e-02 1.017563045025e-05 5.153721742630e+03
     4.319840000000e+05-3.911554813385e-08 2.580132233184e+00-2.700835466385e-07
     9.660136165389e-01 1.917187500000e+02-1.004876226957e+00-8.207127574092e-09
    -2.307238962907e-10 1.000000000000e+00 2.361000000000e+03 0.000000000000e+00
     2.000000000000e+00 0.000000000000e+00-1.769512891769e-08 1.500000000000e+01
     4.248180000000e+05 4.000000000000e+00                                      
G03 2025 04 10 00 00 00 6.842450238764e-04 3.183231456205e-12 0.000000000000e+00
     8.400000000000e+01 6.353125000000e+01 4.076955535848e-09-3.067228311491e+00
     3.309920430183e-06 5.965820630081e-03 6.837770342827e-06 5.153547040939e+03
     3.456000000000e+05 1.024454832077e-07-2.561924868877e+00-1.080334186554e-07
     9.891383649204e-01 2.597187500000e+02 1.133244421093e+00-7.820682905692e-09
     3.893019302737e-10 1.000000000000e+00 2.361000000000e+03 0.000000000000e+00
     2.800000000000e+00 0.000000000000e+00 1.396983861923e-09 8.400000000000e+01
     3.384180000000e+05 4.000000000000e+00                                      
G03 2025 04 10 02 00 00 6.842683069408e-04 3.183231456205e-12 0.000000000000e+00
     8.500000000000e+01 6.231250000000e+01 4.106599627787e-09-2.016951030518e+00
     3.268942236900e-06 5.965738440864e-03 7.040798664093e-06 5.153547307968e+03
     3.528000000000e+05 8.009374141693e-08-2.561981742743e+00 4.097819328308e-08
     9.891416857444e-01 2.590312500000e+02 1.133222781609e+00-7.812111120071e-09
     5.046638784191e-10 1.000000000000e+00 2.361000000000e+03 0.000000000000e+00
     2.800000000000e+00 0.000000000000e+00 1.396983861923e-09 8.500000000000e+01
     3.456180000000e+05 4.000000000000e+00                                      
G03 2025 04 10 04 00 00 6.842911243439e-04 3.183231456205e-12 0.000000000000e+00
     1.900000000000e+02 6.506250000000e+01 4.133029300117e-09-9.668497722367e-01
     3.553926944733e-06 5.965517018922e-03 7.549300789833e-06 5.153545536041e+03
     3.600000000000e+05-2.421438694000e-08-2.562038095810e+00 1.117587089539e-07
     9.891448295553e-01 2.525937500000e+02 1.133377031691e+00-7.912829601114e-09
     4.882346226460e-10 1.000000000000e+00 2.361000000000e+03 0.000000000000e+00
     2.800000000000e+00 0.000000000000e+00 1.396983861923e-09 1.900000000000e+02
     3.528180000000e+05 4.000000000000e+00                                      
G03 2025 04 10 06 00 00 6.843139417470e-04 3.183231456205e-12 0.000000000000e+00
     5.000000000000e+00 6.775000000000e+01 4.082670059595e-09 8.338153507276e-02
     3.365799784660e-06 5.965884076431e-03 7.767230272293e-06 5.153546045303e+03
     3.672000000000e+05-2.793967723846e-08-2.562095644082e+00 2.421438694000e-08
     9.891482205994e-01 2.486875000000e+02 1.133402458670e+00-7.982118201548e-09
     5.218074496605e-10 1.000000000000e+00 2.361000000000e+03 0.000000000000e+00
     2.800000000000e+00 0.000000000000e+00 1.396983861923e-09 2.610000000000e+02
     3.600180000000e+05 4.000000000000e+00                                      
G03 2025 04 10 07 59 44 6.843381561339e-04 3.183231456205e-12 0.000000000000e+00
     1.400000000000e+01 6.909375000000e+01 3.977665685742e-09 1.131271123080e+00
     3.486871719360e-06 5.966487107798e-03 7.700175046921e-06 5.153547195435e+03
     3.743840000000e+05-7.264316082001e-08-2.562153056302e+00 2.421438694000e-08
     9.891520388156e-01 2.437812500000e+02 1.133433759266e+00-7.967117576712e-09
     5.418082827755e-10 1.000000000000e+00 2.361000000000e+03 0.000000000000e+00
     2.000000000000e+00 0.000000000000e+00 1.396983861923e-09 1.400000000000e+01
     3.690180000000e+05 4.000000000000e+00                                      
G03 2025 04 10 08 00 00 6.843372248113e-04 3.183231456205e-12 0.000000000000e+00
     6.000000000000e+00 6.909375000000e+01 3.977665685742e-09 1.133606142217e+00
     3.486871719360e-06 5.966487689875e-03 7.700175046921e-06 5.153547191620e+03
     3.744000000000e+05-7.264316082001e-08-2.562153196742e+00 2.421438694000e-08
     9.891520300381e-01 2.437812500000e+02 1.133432692798e+00-7.967474734446e-09
     5.418082827755e-10 1.000000000000e+00 2.361000000000e+03 0.000000000000e+00
     4.000000000000e+00 0.000000000000e+00 1.396983861923e-09 2.620000000000e+02
     3.672180000000e+05 4.000000000000e+00                                      
G03 2025 04 10 09 59 44 6.843609735370e-04 3.183231456205e-12 0.000000000000e+00
     1.500000000000e+01 6.840625000000e+01 3.833731118861e-09 2.181475944258e+00
     3.533437848091e-06 5.966403870843e-03 7.668510079384e-06 5.153547752380e+03
     3.815840000000e+05 7.450580596924e-08-2.562210175938e+00-1.247972249985e-07
     9.891569673866e-01 2.460312500000e+02 1.133482900147e+00-7.773895242512e-09
     5.882387882210e-10 1.000000000000e+00 2.361000000000e+03 0.000000000000e+00
     2.000000000000e+00 0.000000000000e+00 1.396983861923e-09 1.500000000000e+01
     3.744180000000e+05 4.000000000000e+00                                      
G03 2025 04 10 12 00 00 6.843842566013e-04 3.183231456205e-12 0.000000000000e+00
     1.600000000000e+01 6.378125000000e+01 3.788372086618e-09-3.049085965115e+00
     3.330409526825e-06 5.967004573904e-03 7.683411240578e-06 5.153546560287e+03
     3.888000000000e+05 1.303851604462e-08-2.562265168492e+00 3.166496753693e-08
     9.891614014913e-01 2.460625000000e+02 1.133446125312e+00-7.645318458201e-09
     5.060925093559e-10 1.000000000000e+00 2.361000000000e+03 0.000000000000e+00
     2.000000000000e+00 0.000000000000e+00 1.396983861923e-09 1.600000000000e+01
     3.816180000000e+05                                                         
G03 2025 04 10 14 00 00 6.844070740044e-04 3.183231456205e-12 0.000000000000e+00
     1.800000000000e+01 6.100000000000e+01 3.793729452631e-09-1.998761126138e+00
     3.186985850334e-06 5.966549040750e-03 7.906928658485e-06 5.153547719955e+03
     3.960000000000e+05 9.499490261078e-08-2.562319780687e+00-5.215406417847e-08
     9.891646769649e-01 2.423125000000e+02 1.133374145354e+00-7.673176761469e-09
     4.125171829965e-10 1.000000000000e+00 2.361000000000e+03 0.000000000000e+00
     2.000000000000e+00 0.000000000000e+00 1.396983861923e-09 1.800000000000e+01
     3.888180000000e+05                                                         
G03 2025 04 10 16 00 00 6.844298914075e-04 3.183231456205e-12 0.000000000000e+00
     5.400000000000e+01 6.237500000000e+01 3.929806549360e-09-9.486281825144e-01
     3.231689333916e-06 5.966303753667e-03 8.156523108482e-06 5.153546321869e+03
     4.032000000000e+05-1.676380634308e-08-2.562375250151e+00 1.173466444016e-07
     9.891666343493e-01 2.366250000000e+02 1.133494329926e+00-7.859255940985e-09
     3.596578383355e-10 1.000000000000e+00 2.361000000000e+03 0.000000000000e+00
     2.000000000000e+00 0.000000000000e+00 1.396983861923e-09 5.400000000000e+01
     3.960180000000e+05 4.000000000000e+00                                      
G03 2025 04 10 18 00 00 6.844527088106e-04 3.183231456205e-12 0.000000000000e+00
     6.000000000000e+00 6.481250000000e+01 3.959807799032e-09 1.016002179769e-01
     3.408640623093e-06 5.966651136987e-03 8.340924978256e-06 5.153546800613e+03
     4.104000000000e+05-4.470348358154e-08-2.562432204478e+00 5.029141902924e-08
     9.891691359392e-01 2.326562500000e+02 1.133520915536e+00-7.903186342291e-09
     3.732298322349e-10 1.000000000000e+00 2.361000000000e+03 0.000000000000e+00
     2.000000000000e+00 0.000000000000e+00 1.396983861923e-09 6.000000000000e+00
     4.032180000000e+05 4.000000000000e+00                                      
G03 2025 04 10 20 00 00 6.844755262136e-04 3.183231456205e-12 0.000000000000e+00
     5.600000000000e+01 6.590625000000e+01 3.960522114500e-09 1.151812328875e+00
     3.373250365257e-06 5.967361736111e-03 8.750706911087e-06 5.153548177719e+03
     4.176000000000e+05-1.024454832077e-07-2.562489147101e+00 2.980232238770e-08
     9.891718218568e-01 2.267500000000e+02 1.133562588220e+00-7.883185509176e-09
     3.850160374634e-10 1.000000000000e+00 2.361000000000e+03 0.000000000000e+00
     2.000000000000e+00 0.000000000000e+00 1.396983861923e-09 5.600000000000e+01
     4.104180000000e+05 4.000000000000e+00                                      
G03 2025 04 10 22 00 00 6.844983436167e-04 3.183231456205e-12 0.000000000000e+00
     5.700000000000e+01 6.712500000000e+01 3.929806549360e-09 2.202067491990e+00
     3.270804882050e-06 5.967259639874e-03 8.506700396538e-06 5.153548181534e+03
     4.248000000000e+05 1.676380634308e-08-2.562545666941e+00-1.098960638046e-07
     9.891755157250e-01 2.276875000000e+02 1.133561280372e+00-7.712464112230e-09
     4.282321233011e-10 1.000000000000e+00 2.361000000000e+03 0.000000000000e+00
     2.000000000000e+00 0.000000000000e+00 1.396983861923e-09 5.700000000000e+01
     4.176180000000e+05 4.000000000000e+00                                      
G04 2025 04 10 00 00 00 5.518682301044e-04 5.002220859751e-12 0.000000000000e+00
     8.200000000000e+01-5.368750000000e+01 4.678766317969e-09-2.221536324705e-01
    -2.991408109665e-06 3.242672770284e-03 4.619359970093e-06 5.153636299133e+03
     3.456000000000e+05 0.000000000000e+00-1.486551689073e+00 2.607703208923e-08
     9.670088397082e-01 2.916562500000e+02-2.897144595781e+00-8.309274686072e-09
    -3.878732993369e-10 1.000000000000e+00 2.361000000000e+03 0.000000000000e+00
     2.000000000000e+00 0.000000000000e+00-4.656612873077e-09 8.200000000000e+01
     3.384180000000e+05 4.000000000000e+00                                      
G04 2025 04 10 02 00 00 5.519045516849e-04 5.002220859751e-12 0.000000000000e+00
     8.300000000000e+01-4.821875000000e+01 4.759126808163e-09 8.280048712578e-01
    -2.423301339149e-06 3.243723884225e-03 4.220753908157e-06 5.153638282776e+03
     3.528000000000e+05 1.303851604462e-08-1.486611987631e+00-4.656612873077e-08
     9.670059065575e-01 2.973750000000e+02-2.897098610414e+00-8.373205920493e-09
    -3.535861568541e-10 1.000000000000e+00 2.361000000000e+03 0.000000000000e+00
     2.000000000000e+00 0.000000000000e+00-4.656612873077e-09 8.300000000000e+01
     3.456180000000e+05 4.000000000000e+00                                      
G04 2025 04 10 04 00 00 5.519404076040e-04 5.002220859751e-12 0.000000000000e+00
     8.400000000000e+01-4.818750000000e+01 4.886632119271e-09 1.878585099158e+00
    -2.406537532806e-06 3.243421320803e-03 4.138797521591e-06 5.153635917664e+03
     3.600000000000e+05-1.862645149231e-09-1.486672783580e+00 6.891787052155e-08
     9.670037180320e-01 3.063437500000e+02-2.897472990169e+00-8.368205712214e-09
    -2.560820954186e-10 1.000000000000e+00 2.361000000000e+03 0.000000000000e+00
     2.000000000000e+00 0.000000000000e+00-4.656612873077e-09 8.400000000000e+01
     3.528180000000e+05 4.000000000000e+00                                      
G04 2025 04 10 06 00 00 5.519762635231e-04 5.002220859751e-12 0.000000000000e+00
     8.500000000000e+01-4.825000000000e+01 4.863774024282e-09 2.928796940880e+00
    -2.451241016388e-06 3.243545652367e-03 4.205852746964e-06 5.153635713577e+03
     3.672000000000e+05-2.421438694000e-08-1.486733022158e+00-7.450580596924e-09
     9.670022697431e-01 3.051250000000e+02-2.897478157195e+00-8.306774581933e-09
    -2.210806374674e-10 1.000000000000e+00 2.361000000000e+03 0.000000000000e+00
     2.000000000000e+00 0.000000000000e+00-4.656612873077e-09 8.500000000000e+01
     3.600180000000e+05 4.000000000000e+00                                      
G04 2025 04 10 08 00 00 5.520121194422e-04 5.002220859751e-12 0.000000000000e+00
     8.600000000000e+01-5.087500000000e+01 4.863416866548e-09-2.304184220990e+00
    -2.756714820862e-06 3.244171617553e-03 4.444271326065e-06 5.153634590149e+03
     3.744000000000e+05 1.490116119385e-08-1.486793111518e+00-5.587935447693e-08
     9.670006151828e-01 3.007500000000e+02-2.897474985589e+00-8.344276144023e-09
    -1.921508609975e-10 1.000000000000e+00 2.361000000000e+03 0.000000000000e+00
     2.000000000000e+00 0.000000000000e+00-4.656612873077e-09 8.600000000000e+01
     3.672180000000e+05 4.000000000000e+00                                      
G04 2025 04 10 09 44 32 5.520433187485e-04 5.002220859751e-12 0.000000000000e+00
     8.700000000000e+01-4.884375000000e+01 4.764841331910e-09-1.389188633374e+00
    -2.689659595490e-06 3.243915969506e-03 4.280358552933e-06 5.153635580063e+03
     3.806720000000e+05 3.539025783539e-08-1.486845805827e+00 2.980232238770e-08
     9.669996291760e-01 2.969375000000e+02-2.897623799468e+00-8.349633510036e-09
    -1.257195224370e-10 1.000000000000e+00 2.361000000000e+03 0.000000000000e+00
     2.000000000000e+00 0.000000000000e+00-4.656612873077e-09 8.700000000000e+01
     3.735180000000e+05 4.000000000000e+00                                      
G04 2025 04 10 10 00 00 5.520479753613e-04 5.002220859751e-12 0.000000000000e+00
     8.800000000000e+01-4.806250000000e+01 4.758055334960e-09-1.253866298690e+00
    -2.609565854073e-06 3.243889659643e-03 4.224479198456e-06 5.153635354996e+03
     3.816000000000e+05 2.607703208923e-08-1.486853578311e+00 2.980232238770e-08
     9.669995209201e-01 2.975625000000e+02-2.897586224417e+00-8.346061932694e-09
    -1.210764718925e-10 1.000000000000e+00 2.361000000000e+03 0.000000000000e+00
     2.000000000000e+00 0.000000000000e+00-4.656612873077e-09 8.800000000000e+01
     3.744180000000e+05 4.000000000000e+00                                      
G04 2025 04 10 12 00 00 5.520842969418e-04 5.002220859751e-12 0.000000000000e+00
     8.900000000000e+01-4.343750000000e+01 4.704481674831e-09-2.038078088190e-01
    -2.171844244003e-06 3.243665792979e-03 4.326924681664e-06 5.153634435654e+03
     3.888000000000e+05 2.235174179077e-08-1.486913667671e+00 1.490116119385e-08
     9.669987280185e-01 2.981562500000e+02-2.897438273660e+00-8.333561411997e-09
    -1.142904749427e-10 1.000000000000e+00 2.361000000000e+03 0.000000000000e+00
     2.000000000000e+00 0.000000000000e+00-4.656612873077e-09 8.900000000000e+01
     3.816180000000e+05 4.000000000000e+00                                      
G04 2025 04 10 14 00 00 5.521201528609e-04 5.002220859751e-12 0.000000000000e+00
     9.000000000000e+01-3.906250000000e+01 4.633764443460e-09 8.463569225516e-01
    -1.994892954826e-06 3.244474530220e-03 4.181638360023e-06 5.153635971069e+03
     3.960000000000e+05-1.490116119385e-08-1.486973291823e+00 7.450580596924e-08
     9.669979965594e-01 3.023750000000e+02-2.897397800568e+00-8.283202171476e-09
    -1.485776174256e-10 1.000000000000e+00 2.361000000000e+03 0.000000000000e+00
     2.000000000000e+00 0.000000000000e+00-4.656612873077e-09 9.000000000000e+01
     3.888180000000e+05                                                         
G04 2025 04 10 16 00 00 5.521560087800e-04 5.002220859751e-12 0.000000000000e+00
     9.100000000000e+01-3.834375000000e+01 4.670908847816e-09 1.896822052446e+00
    -1.965090632439e-06 3.244315041229e-03 3.919005393982e-06 5.153634349823e+03
     4.032000000000e+05-1.862645149231e-08-1.487032540006e+00-1.303851604462e-08
     9.669966389714e-01 3.084375000000e+02-2.897657737704e+00-8.282487856007e-09
    -2.207234797332e-10 1.000000000000e+00 2.361000000000e+03 0.000000000000e+00
     2.000000000000e+00 0.000000000000e+00-4.656612873077e-09 9.100000000000e+01
     3.960180000000e+05                                                         
G04 2025 04 10 18 00 00 5.521918646991e-04 5.002220859751e-12 0.000000000000e+00
     9.200000000000e+01-3.650000000000e+01 4.703053043894e-09 2.947094578936e+00
    -1.927837729454e-06 3.244579304010e-03 3.963708877563e-06 5.153633703232e+03
     4.104000000000e+05-3.725290298462e-09-1.487092177324e+00 1.862645149231e-09
     9.669949712448e-01 3.069062500000e+02-2.897723928896e+00-8.292131114830e-09
    -2.292952653539e-10 1.000000000000e+00 2.361000000000e+03 0.000000000000e+00
     2.000000000000e+00 0.000000000000e+00-4.656612873077e-09 9.200000000000e+01
     4.032180000000e+05 4.000000000000e+00                                      
G04 2025 04 10 20 00 00 5.522277206182e-04 5.002220859751e-12 0.000000000000e+00
     9.300000000000e+01-3.806250000000e+01 4.698052835615e-09-2.285885194625e+00
    -2.030283212662e-06 3.244936582632e-03 4.082918167114e-06 5.153633068085e+03
     4.176000000000e+05-1.862645149231e-08-1.487151741496e+00 2.235174179077e-08
     9.669933547204e-01 3.043750000000e+02-2.897722490847e+00-8.273558912652e-09
    -2.421529437849e-10 1.000000000000e+00 2.361000000000e+03 0.000000000000e+00
     2.000000000000e+00 0.000000000000e+00-4.656612873077e-09 9.300000000000e+01
     4.104180000000e+05 4.000000000000e+00                                      
G04 2025 04 10 22 00 00 5.522635765374e-04 5.002220859751e-12 0.000000000000e+00
     9.400000000000e+01-3.696875000000e+01 4.684480841716e-09-1.235537962761e+00
    -1.994892954826e-06 3.244749736041e-03 4.252418875694e-06 5.153633977890e+03
     4.248000000000e+05 5.587935447693e-09-1.487210976512e+00-5.587935447693e-08
     9.669913739293e-01 3.007500000000e+02-2.897863362544e+00-8.281059225070e-09
    -3.085842823454e-10 1.000000000000e+00 2.361000000000e+03 0.000000000000e+00
     2.000000000000e+00 0.000000000000e+00-4.656612873077e-09 9.400000000000e+01
     4.176180000000e+05 4.000000000000e+00                                      
G05 2025 04 10 00 00 00-2.068425528705e-04-1.023181539495e-12 0.000000000000e+00
     9.100000000000e+01 7.000000000000e+01 4.434113270044e-09 4.410234775981e-01
     3.874301910400e-06 5.666479468346e-03 7.761642336845e-06 5.153778995514e+03
     3.456000000000e+05-9.313225746155e-09-2.617357064388e+00 9.313225746155e-09
     9.759751538541e-01 2.390937500000e+02 1.322733878250e+00-8.176054851217e-09
     4.035882396416e-10 1.000000000000e+00 2.361000000000e+03 0.000000000000e+00
     2.800000000000e+00 0.000000000000e+00-1.071020960808e-08 9.100000000000e+01
     3.384180000000e+05 4.000000000000e+00                                      
G05 2025 04 10 01 59 44-2.068504691124e-04-1.023181539495e-12 0.000000000000e+00
     5.400000000000e+01 6.843750000000e+01 4.437327689652e-09 1.488767768582e+00
     3.503635525703e-06 5.666552460752e-03 7.770955562592e-06 5.153779413223e+03
     3.527840000000e+05-1.005828380585e-07-2.617416068262e+00-1.173466444016e-07
     9.759787175225e-01 2.398125000000e+02 1.322772301793e+00-8.062835849477e-09
     4.914490422538e-10 1.000000000000e+00 2.361000000000e+03 0.000000000000e+00
     2.000000000000e+00 0.000000000000e+00-1.071020960808e-08 5.400000000000e+01
     3.456180000000e+05 4.000000000000e+00                                      
G05 2025 04 10 04 00 00-2.068579196930e-04-1.023181539495e-12 0.000000000000e+00
     5.700000000000e+01 6.740625000000e+01 4.336609208609e-09 2.541175941881e+00
     3.397464752197e-06 5.666574812494e-03 7.638707756996e-06 5.153779781342e+03
     3.600000000000e+05 7.078051567078e-08-2.617473388319e+00-5.215406417847e-08
     9.759829804658e-01 2.418125000000e+02 1.322812694424e+00-7.891400137062e-09
     4.732339978098e-10 1.000000000000e+00 2.361000000000e+03 0.000000000000e+00
     2.000000000000e+00 0.000000000000e+00-1.071020960808e-08 5.700000000000e+01
     3.528180000000e+05 4.000000000000e+00                                      
G05 2025 04 10 06 00 00-2.068649046123e-04-1.023181539495e-12 0.000000000000e+00
     6.000000000000e+01 6.640625000000e+01 4.254105772010e-09-2.691870862586e+00
     3.188848495483e-06 5.666376906447e-03 7.482245564461e-06 5.153780128479e+03
     3.672000000000e+05 9.313225746155e-08-2.617530447975e+00 3.166496753693e-08
     9.759864783029e-01 2.393750000000e+02 1.322788888358e+00-7.895686029873e-09
     5.246647115340e-10 1.000000000000e+00 2.361000000000e+03 0.000000000000e+00
     2.000000000000e+00 0.000000000000e+00-1.071020960808e-08 6.000000000000e+01
     3.600180000000e+05 4.000000000000e+00                                      
G05 2025 04 10 08 00 00-2.068723551929e-04-1.023181539495e-12 0.000000000000e+00
     6.100000000000e+01 6.453125000000e+01 4.119814463952e-09-1.641733818403e+00
     3.591179847717e-06 5.666026496328e-03 7.594004273415e-06 5.153780702591e+03
     3.744000000000e+05 4.842877388000e-08-2.617587327693e+00 6.891787052155e-08
     9.759903886829e-01 2.358437500000e+02 1.322764873095e+00-7.894614556670e-09
     5.457370178516e-10 1.000000000000e+00 2.361000000000e+03 0.000000000000e+00
     2.000000000000e+00 0.000000000000e+00-1.071020960808e-08 6.100000000000e+01
     3.672180000000e+05 4.000000000000e+00                                      
G05 2025 04 10 10 00 00-2.068798057735e-04-1.023181539495e-12 0.000000000000e+00
     6.300000000000e+01 6.353125000000e+01 4.132672142383e-09-5.918031334445e-01
     3.451481461525e-06 5.665686214343e-03 8.316710591316e-06 5.153778654099e+03
     3.816000000000e+05-6.146728992462e-08-2.617644719432e+00 3.352761268616e-08
     9.759938470213e-01 2.279687500000e+02 1.322947717374e+00-8.006404927474e-09
     5.568089076117e-10 1.000000000000e+00 2.361000000000e+03 0.000000000000e+00
     2.000000000000e+00 0.000000000000e+00-1.071020960808e-08 6.300000000000e+01
     3.744180000000e+05 4.000000000000e+00                                      
G05 2025 04 10 12 00 00-2.068867906928e-04-1.023181539495e-12 0.000000000000e+00
     6.400000000000e+01 6.725000000000e+01 4.113742782470e-09 4.583261821423e-01
     3.615394234657e-06 5.666463170201e-03 8.603557944298e-06 5.153780138016e+03
     3.888000000000e+05-1.005828380585e-07-2.617701973657e+00-6.705522537231e-08
     9.759977091250e-01 2.238125000000e+02 1.322931552129e+00-7.994618722245e-09
     4.818057834305e-10 1.000000000000e+00 2.361000000000e+03 0.000000000000e+00
     2.000000000000e+00 0.000000000000e+00-1.071020960808e-08 6.400000000000e+01
     3.816180000000e+05 4.000000000000e+00                                      
G05 2025 04 10 14 00 00-2.068942412734e-04-1.023181539495e-12 0.000000000000e+00
     6.500000000000e+01 6.853125000000e+01 4.187674433449e-09 1.508458755648e+00
     3.427267074585e-06 5.666293553077e-03 8.570030331612e-06 5.153779792786e+03
     3.960000000000e+05-9.313225746155e-09-2.617759482430e+00-1.098960638046e-07
     9.760009377852e-01 2.250937500000e+02 1.322912341089e+00-8.004261981068e-09
     4.425184326689e-10 1.000000000000e+00 2.361000000000e+03 0.000000000000e+00
     2.000000000000e+00 0.000000000000e+00-1.071020960808e-08 6.500000000000e+01
     3.888180000000e+05 4.000000000000e+00                                      
G05 2025 04 10 16 00 00-2.069012261927e-04-1.023181539495e-12 0.000000000000e+00
     7.400000000000e+01 6.693750000000e+01 4.126600460902e-09 2.558536493132e+00
     3.419816493988e-06 5.666364333592e-03 8.314847946167e-06 5.153780069351e+03
     4.032000000000e+05 1.285225152969e-07-2.617816199764e+00 2.048909664154e-08
     9.760048042777e-01 2.270625000000e+02 1.322947613507e+00-7.826754587173e-09
     4.057311860468e-10 1.000000000000e+00 2.361000000000e+03 0.000000000000e+00
     2.000000000000e+00 0.000000000000e+00-1.071020960808e-08 7.400000000000e+01
     3.960180000000e+05 4.000000000000e+00                                      
G05 2025 04 10 18 00 00-2.069086767733e-04-1.023181539495e-12 0.000000000000e+00
     7.500000000000e+01 6.421875000000e+01 4.125528987699e-09-2.674504124655e+00
     3.335997462273e-06 5.666506360285e-03 8.370727300644e-06 5.153779785156e+03
     4.104000000000e+05 4.656612873077e-08-2.617872099327e+00 2.235174179077e-08
     9.760075706558e-01 2.265312500000e+02 1.322916118344e+00-7.793181760159e-09
     3.575148919303e-10 1.000000000000e+00 2.361000000000e+03 0.000000000000e+00
     2.000000000000e+00 0.000000000000e+00-1.071020960808e-08 7.500000000000e+01
     4.032180000000e+05 4.000000000000e+00                                      
G05 2025 04 10 20 00 00-2.069156616926e-04-1.023181539495e-12 0.000000000000e+00
     7.700000000000e+01 6.028125000000e+01 4.127671934104e-09-1.624321630533e+00
     3.164634108543e-06 5.666052224115e-03 8.504837751389e-06 5.153780872345e+03
     4.176000000000e+05 6.146728992462e-08-2.617928110071e+00 9.126961231232e-08
     9.760099171764e-01 2.237187500000e+02 1.322846163064e+00-7.839969423338e-09
     3.310852195998e-10 1.000000000000e+00 2.361000000000e+03 0.000000000000e+00
     2.000000000000e+00 0.000000000000e+00-1.071020960808e-08 7.700000000000e+01
     4.104180000000e+05                                                         
G05 2025 04 10 22 00 00-2.069231122732e-04-1.023181539495e-12 0.000000000000e+00
     7.900000000000e+01 5.731250000000e+01 4.303393539329e-09-5.744181251291e-01
     3.101304173470e-06 5.665520788170e-03 8.845701813698e-06 5.153778400421e+03
     4.248000000000e+05-8.568167686462e-08-2.617985487181e+00-2.048909664154e-08
     9.760115819772e-01 2.149062500000e+02 1.323056818879e+00-8.023905656449e-09
     3.650152043484e-10 1.000000000000e+00 2.361000000000e+03 0.000000000000e+00
     2.000000000000e+00 0.000000000000e+00-1.071020960808e-08 7.900000000000e+01
     4.176180000000e+05                                                         
G06 2025 04 10 02 00 00-2.960967831314e-04-2.148681232939e-11 0.000000000000e+00
     6.000000000000e+00-1.865625000000e+01 3.730869691412e-09-8.476483193377e-01
    -1.281499862671e-06 3.462306107394e-03 1.136772334576e-05 5.153549980164e+03
     3.528000000000e+05-1.862645149231e-08 2.686226633516e+00-4.470348358154e-08
     9.890944100837e-01 1.745625000000e+02-6.479961238910e-01-7.635675199378e-09
    -5.750239520557e-11 1.000000000000e+00 2.361000000000e+03 0.000000000000e+00
     2.000000000000e+00 0.000000000000e+00 3.725290298462e-09 6.000000000000e+00
     3.456180000000e+05 4.000000000000e+00                                      
G06 2025 04 10 04 00 00-2.962513826787e-04-2.148681232939e-11 0.000000000000e+00
     7.000000000000e+00-2.481250000000e+01 3.607293115380e-09 2.025284547745e-01
    -1.197680830956e-06 3.462964203209e-03 1.096166670322e-05 5.153551000595e+03
     3.600000000000e+05-5.587935447693e-09 2.686171655591e+00-6.332993507385e-08
     9.890939755971e-01 1.793750000000e+02-6.479222026404e-01-7.632460779770e-09
    -6.214544575012e-11 1.000000000000e+00 2.361000000000e+03 0.000000000000e+00
     2.000000000000e+00 0.000000000000e+00 3.725290298462e-09 7.000000000000e+00
     3.528180000000e+05 4.000000000000e+00                                      
G06 2025 04 10 06 00 00-2.964059822261e-04-2.148681232939e-11 0.000000000000e+00
     8.000000000000e+00-3.146875000000e+01 3.533718622136e-09 1.252997059100e+00
    -1.506879925728e-06 3.462708089501e-03 1.130439341068e-05 5.153549682617e+03
     3.672000000000e+05 8.754432201385e-08 2.686117172133e+00 2.793967723846e-08
     9.890939726712e-01 1.754062500000e+02-6.481419095293e-01-7.520313251233e-09
    -8.536069847286e-11 1.000000000000e+00 2.361000000000e+03 0.000000000000e+00
     2.000000000000e+00 0.000000000000e+00 3.725290298462e-09 8.000000000000e+00
     3.600180000000e+05 4.000000000000e+00                                      
G06 2025 04 10 08 00 00-2.965601161122e-04-2.148681232939e-11 0.000000000000e+00
     1.500000000000e+01-3.225000000000e+01 3.496217060045e-09 2.303063377045e+00
    -1.508742570877e-06 3.462050459348e-03 1.184269785881e-05 5.153551115036e+03
     3.744000000000e+05-3.911554813385e-08 2.686063839992e+00 1.862645149231e-09
     9.890931724550e-01 1.660937500000e+02-6.479588692192e-01-7.461739382825e-09
    -1.853648640478e-10 1.000000000000e+00 2.361000000000e+03 0.000000000000e+00
     2.000000000000e+00 0.000000000000e+00 3.725290298462e-09 1.500000000000e+01
     3.672180000000e+05 4.000000000000e+00                                      
G06 2025 04 10 10 00 00-2.967147156596e-04-2.148681232939e-11 0.000000000000e+00
     5.400000000000e+01-3.475000000000e+01 3.552290824314e-09-2.930068771137e+00
    -1.806765794754e-06 3.461487125605e-03 1.233071088791e-05 5.153552520752e+03
     3.816000000000e+05 5.401670932770e-08 2.686010345467e+00 3.725290298462e-08
     9.890913950096e-01 1.577187500000e+02-6.477646244195e-01-7.522456197638e-09
    -2.532248335450e-10 1.000000000000e+00 2.361000000000e+03 0.000000000000e+00
     2.000000000000e+00 0.000000000000e+00 3.725290298462e-09 5.400000000000e+01
     3.744180000000e+05 4.000000000000e+00                                      
G06 2025 04 10 12 00 00-2.968688495457e-04-2.148681232939e-11 0.000000000000e+00
     6.400000000000e+01-2.943750000000e+01 3.570505868758e-09-1.879633857815e+00
    -1.568347215652e-06 3.461232059635e-03 1.217238605022e-05 5.153553688049e+03
     3.888000000000e+05-1.862645149231e-08 2.685955842991e+00 3.725290298462e-09
     9.890892167246e-01 1.614062500000e+02-6.479513600607e-01-7.604245318769e-09
    -2.435815747217e-10 1.000000000000e+00 2.361000000000e+03 0.000000000000e+00
     2.000000000000e+00 0.000000000000e+00 3.725290298462e-09 6.400000000000e+01
     3.816180000000e+05 4.000000000000e+00                                      
G06 2025 04 10 14 00 00-2.970229834318e-04-2.137312549166e-11 0.000000000000e+00
     6.500000000000e+01-3.612500000000e+01 3.625151002090e-09-8.299179175268e-01
    -1.911073923111e-06 3.460397711024e-03 1.147203147411e-05 5.153549949646e+03
     3.960000000000e+05-5.401670932770e-08 2.685901281998e+00-3.166496753693e-08
     9.890874085578e-01 1.753437500000e+02-6.474191577780e-01-7.593173429009e-09
    -2.760829285336e-10 1.000000000000e+00 2.361000000000e+03 0.000000000000e+00
     2.000000000000e+00 0.000000000000e+00 3.725290298462e-09 6.500000000000e+01
     3.888180000000e+05 4.000000000000e+00                                      
G06 2025 04 10 16 00 00-2.971775829792e-04-2.137312549166e-11 0.000000000000e+00
     6.600000000000e+01-3.978125000000e+01 3.649080570281e-09 2.202095065070e-01
    -2.149492502213e-06 3.460702369921e-03 1.114234328270e-05 5.153550249100e+03
     4.032000000000e+05 1.862645149231e-08 2.685846737097e+00-5.215406417847e-08
     9.890851264056e-01 1.819375000000e+02-6.472959552061e-01-7.619960259073e-09
    -3.232277494475e-10 1.000000000000e+00 2.361000000000e+03 0.000000000000e+00
     2.000000000000e+00 0.000000000000e+00 3.725290298462e-09 6.600000000000e+01
     3.960180000000e+05 4.000000000000e+00                                      
G06 2025 04 10 18 00 00-2.973317168653e-04-2.137312549166e-11 0.000000000000e+00
     6.700000000000e+01-4.681250000000e+01 3.730512533678e-09 1.270641608100e+00
    -2.393499016762e-06 3.460663720034e-03 1.091137528419e-05 5.153549386978e+03
     4.104000000000e+05 3.911554813385e-08 2.685792013721e+00 0.000000000000e+00
     9.890829071589e-01 1.800625000000e+02-6.474780007319e-01-7.587458905262e-09
    -3.364425856127e-10 1.000000000000e+00 2.361000000000e+03 0.000000000000e+00
     2.000000000000e+00 0.000000000000e+00 3.725290298462e-09 6.700000000000e+01
     4.032180000000e+05                                                         
G06 2025 04 10 20 00 00-2.974858507514e-04-2.137312549166e-11 0.000000000000e+00
     7.500000000000e+01-4.959375000000e+01 3.796586714504e-09 2.320778930238e+00
    -2.281740307808e-06 3.460003645159e-03 1.152977347374e-05 5.153550399780e+03
     4.176000000000e+05 7.636845111847e-08 2.685737160144e+00 4.842877388000e-08
     9.890805518608e-01 1.714375000000e+02-6.473633269725e-01-7.598530795022e-09
    -2.964409193827e-10 1.000000000000e+00 2.361000000000e+03 0.000000000000e+00
     2.800000000000e+00 0.000000000000e+00 3.725290298462e-09 7.500000000000e+01
     4.104180000000e+05 4.000000000000e+00                                      
G06 2025 04 10 21 59 44-2.976395189762e-04-2.137312549166e-11 0.000000000000e+00
     1.600000000000e+01-5.631250000000e+01 3.780514616466e-09-2.914739167112e+00
    -2.823770046234e-06 3.458866965957e-03 1.209974288940e-05 5.153552906036e+03
     4.247840000000e+05-3.911554813385e-08 2.685682368011e+00 5.215406417847e-08
     9.890789016892e-01 1.614375000000e+02-6.471145650677e-01-7.547457239032e-09
    -2.217949529358e-10 1.000000000000e+00 2.361000000000e+03 0.000000000000e+00
     2.000000000000e+00 0.000000000000e+00 3.725290298462e-09 1.600000000000e+01
     4.226580000000e+05 4.000000000000e+00                                      
G06 2025 04 10 22 00 00-2.976399846375e-04-2.137312549166e-11 0.000000000000e+00
     7.600000000000e+01-5.631250000000e+01 3.780514616466e-09-2.912406450607e+00
    -2.823770046234e-06 3.458873252384e-03 1.209974288940e-05 5.153552911758e+03
     4.248000000000e+05-3.911554813385e-08 2.685682237811e+00 5.215406417847e-08
     9.890788973004e-01 1.614375000000e+02-6.471134254545e-01-7.547457239032e-09
    -2.217949529358e-10 1.000000000000e+00 2.361000000000e+03 0.000000000000e+00
     2.800000000000e+00 0.000000000000e+00 3.725290298462e-09 7.600000000000e+01
     4.176180000000e+05 4.000000000000e+00                                      
G06 2025 04 10 23 59 44-2.977936528623e-04-2.137312549166e-11 0.000000000000e+00
     5.600000000000e+01-5.012500000000e+01 3.768014095769e-09-1.864317730191e+00
    -2.633780241013e-06 3.458781167865e-03 1.213140785694e-05 5.153553789139e+03
     4.319840000000e+05-8.940696716309e-08 2.685627695836e+00-4.842877388000e-08
     9.890770291540e-01 1.635937500000e+02-6.472862955581e-01-7.624603309618e-09
    -1.960795960737e-10 1.000000000000e+00 2.361000000000e+03 0.000000000000e+00
     2.000000000000e+00 0.000000000000e+00 3.725290298462e-09 5.600000000000e+01
     4.248180000000e+05 4.000000000000e+00                                      
G07 2025 04 10 00 00 00-2.017198130488e-05-2.046363078989e-12 0.000000000000e+00
     7.800000000000e+01-3.537500000000e+01 4.238033673971e-09-2.680583432877e+00
    -2.000480890274e-06 1.949505868834e-02 1.217797398567e-05 5.153741056442e+03
     3.456000000000e+05 1.899898052216e-07-4.753465829960e-01-1.247972249985e-07
     9.507671486852e-01 1.338437500000e+02-2.059488170772e+00-7.587101747527e-09
    -8.714648714384e-11 1.000000000000e+00 2.361000000000e+03 0.000000000000e+00
     2.800000000000e+00 0.000000000000e+00-1.071020960808e-08 7.800000000000e+01
     3.384180000000e+05 4.000000000000e+00                                      
G07 2025 04 10 01 59 44-2.018688246608e-05-2.046363078989e-12 0.000000000000e+00
     1.300000000000e+01-1.959375000000e+01 4.438042005121e-09-1.632910772214e+00
    -1.113861799240e-06 1.949761714786e-02 1.105479896069e-05 5.153734355927e+03
     3.527840000000e+05 4.675239324570e-07-4.754003847342e-01 6.146728992462e-08
     9.507657428209e-01 1.568750000000e+02-2.059353939260e+00-7.759251775410e-09
    -2.403671551140e-10 1.000000000000e+00 2.361000000000e+03 0.000000000000e+00
     2.000000000000e+00 0.000000000000e+00-1.071020960808e-08 1.300000000000e+01
     3.456180000000e+05 4.000000000000e+00                                      
G07 2025 04 10 04 00 00-2.020178362727e-05-2.046363078989e-12 0.000000000000e+00
     1.400000000000e+01-2.484375000000e+01 4.679123475703e-09-5.803593675315e-01
    -1.266598701477e-06 1.949796860572e-02 1.084059476852e-05 5.153737123489e+03
     3.600000000000e+05-1.266598701477e-07-4.754584040653e-01 2.775341272354e-07
     9.507609912630e-01 1.671250000000e+02-2.059429067418e+00-8.392492438140e-09
    -2.878691337620e-10 1.000000000000e+00 2.361000000000e+03 0.000000000000e+00
     2.000000000000e+00 0.000000000000e+00-1.071020960808e-08 1.400000000000e+01
     3.528180000000e+05 4.000000000000e+00                                      
G07 2025 04 10 06 00 00-2.021668478847e-05-2.046363078989e-12 0.000000000000e+00
     2.000000000000e+01-3.190625000000e+01 4.771270171125e-09 4.697581774165e-01
    -1.363456249237e-06 1.949741528369e-02 1.128204166889e-05 5.153736001968e+03
     3.672000000000e+05-2.570450305939e-07-4.755185387758e-01 1.154839992523e-07
     9.507587881084e-01 1.625625000000e+02-2.059402203854e+00-8.381420548380e-09
    -3.807301446530e-10 1.000000000000e+00 2.361000000000e+03 0.000000000000e+00
     2.000000000000e+00 0.000000000000e+00-1.071020960808e-08 2.000000000000e+01
     3.600180000000e+05 4.000000000000e+00                                      
G07 2025 04 10 08 00 00-2.023158594966e-05-2.046363078989e-12 0.000000000000e+00
     2.200000000000e+01-5.325000000000e+01 4.634835916663e-09 1.519737993016e+00
    -2.775341272354e-06 1.949991146103e-02 1.243129372597e-05 5.153743671417e+03
     3.744000000000e+05-4.563480615616e-07-4.755794678509e-01-1.713633537292e-07
     9.507567765960e-01 1.430937500000e+02-2.059240093513e+00-8.197484315269e-09
    -2.517962026082e-10 1.000000000000e+00 2.361000000000e+03 0.000000000000e+00
     2.000000000000e+00 0.000000000000e+00-1.071020960808e-08 2.200000000000e+01
     3.672180000000e+05 4.000000000000e+00                                      
G07 2025 04 10 10 00 00-2.024648711085e-05-2.046363078989e-12 0.000000000000e+00
     2.300000000000e+01-4.778125000000e+01 4.512687971568e-09 2.569968785378e+00
    -2.544373273849e-06 1.950044708792e-02 1.251697540283e-05 5.153740295410e+03
     3.816000000000e+05 9.872019290924e-08-4.756364528989e-01-2.626329660416e-07
     9.507576002189e-01 1.296875000000e+02-2.059330863191e+00-7.652104455151e-09
    -2.253665302777e-10 1.000000000000e+00 2.361000000000e+03 0.000000000000e+00
     2.000000000000e+00 0.000000000000e+00-1.071020960808e-08 2.300000000000e+01
     3.744180000000e+05 4.000000000000e+00                                      
G07 2025 04 10 12 00 00-2.026138827205e-05-2.046363078989e-12 0.000000000000e+00
     2.400000000000e+01-3.893750000000e+01 4.478400829085e-09-2.663114296531e+00
    -2.315267920494e-06 1.949993160088e-02 1.199170947075e-05 5.153741273880e+03
     3.888000000000e+05 3.371387720108e-07-4.756927167282e-01-1.285225152969e-07
     9.507561811883e-01 1.367812500000e+02-2.059293699220e+00-7.732464945345e-09
    -5.143071372424e-11 1.000000000000e+00 2.361000000000e+03 0.000000000000e+00
     2.000000000000e+00 0.000000000000e+00-1.071020960808e-08 2.400000000000e+01
     3.816180000000e+05 4.000000000000e+00                                      
G07 2025 04 10 14 00 00-2.027628943324e-05-2.046363078989e-12 0.000000000000e+00
     2.800000000000e+01-2.043750000000e+01 4.549118060456e-09-1.613122515725e+00
    -9.965151548386e-07 1.950259064324e-02 1.067668199539e-05 5.153734001160e+03
     3.960000000000e+05 4.228204488754e-07-4.757482666535e-01 1.136213541031e-07
     9.507558374026e-01 1.599062500000e+02-2.059143104970e+00-7.818182801552e-09
    -6.000249934494e-11 1.000000000000e+00 2.361000000000e+03 0.000000000000e+00
     2.000000000000e+00 0.000000000000e+00-1.071020960808e-08 2.800000000000e+01
     3.888180000000e+05 4.000000000000e+00                                      
G07 2025 04 10 16 00 00-2.029119059443e-05-2.046363078989e-12 0.000000000000e+00
     6.200000000000e+01-2.534375000000e+01 4.635550232131e-09-5.629149881487e-01
    -1.121312379837e-06 1.950287411455e-02 1.096352934837e-05 5.153736345291e+03
     4.032000000000e+05-8.568167686462e-08-4.758063357237e-01 3.166496753693e-07
     9.507528442722e-01 1.686875000000e+02-2.059207324148e+00-8.353205087378e-09
    -1.039329006511e-10 1.000000000000e+00 2.361000000000e+03 0.000000000000e+00
     2.000000000000e+00 0.000000000000e+00-1.071020960808e-08 6.200000000000e+01
     3.960180000000e+05 4.000000000000e+00                                      
G07 2025 04 10 18 00 00-2.030609175563e-05-2.046363078989e-12 0.000000000000e+00
     6.400000000000e+01-3.393750000000e+01 4.588048253483e-09 4.871998021245e-01
    -1.650303602219e-06 1.950218435377e-02 1.120381057262e-05 5.153734996796e+03
     4.104000000000e+05-3.781169652939e-07-4.758651874551e-01 1.117587089539e-07
     9.507517792678e-01 1.642500000000e+02-2.059178314482e+00-8.263915653829e-09
    -3.278707999920e-10 1.000000000000e+00 2.361000000000e+03 0.000000000000e+00
     2.000000000000e+00 0.000000000000e+00-1.071020960808e-08 6.400000000000e+01
     4.032180000000e+05                                                         
G07 2025 04 10 20 00 00-2.032099291682e-05-2.046363078989e-12 0.000000000000e+00
     1.140000000000e+02-5.468750000000e+01 4.444113686602e-09 1.537184958838e+00
    -2.866610884666e-06 1.950458425563e-02 1.215189695358e-05 5.153742361069e+03
     4.176000000000e+05-4.060566425323e-07-4.759248569578e-01-2.048909664154e-07
     9.507494371360e-01 1.454375000000e+02-2.059022690720e+00-8.153911071697e-09
    -3.217991185107e-10 1.000000000000e+00 2.361000000000e+03 0.000000000000e+00
     2.000000000000e+00 0.000000000000e+00-1.071020960808e-08 1.140000000000e+02
     4.104180000000e+05                                                         
G07 2025 04 10 22 00 00-2.033589407802e-05-2.046363078989e-12 0.000000000000e+00
     1.150000000000e+02-4.884375000000e+01 4.303036381594e-09 2.587407013191e+00
    -2.600252628326e-06 1.950501289684e-02 1.223012804985e-05 5.153739345551e+03
     4.248000000000e+05 1.490116119385e-07-4.759814645728e-01-2.253800630569e-07
     9.507496931467e-01 1.332500000000e+02-2.059105450921e+00-7.608888369313e-09
    -3.128701751558e-10 1.000000000000e+00 2.361000000000e+03 0.000000000000e+00
     2.000000000000e+00 0.000000000000e+00-1.071020960808e-08 1.150000000000e+02
     4.176180000000e+05 4.000000000000e+00                                      
G08 2025 04 10 00 00 00 5.068271420896e-04 4.547473508865e-12 0.000000000000e+00
     1.700000000000e+01-2.896875000000e+01 5.167715256083e-09 5.150350121327e-02
    -1.393258571625e-06 1.057122403290e-02 3.922730684280e-06 5.153770967484e+03
     3.456000000000e+05 9.126961231232e-08 1.578649105735e+00 9.685754776001e-08
     9.479556629812e-01 2.970625000000e+02 4.487870185350e-01-8.687147568851e-09
    -1.571494030463e-10 1.000000000000e+00 2.361000000000e+03 0.000000000000e+00
     2.000000000000e+00 0.000000000000e+00 4.656612873077e-09 1.700000000000e+01
     3.384180000000e+05 4.000000000000e+00                                      
G08 2025 04 10 02 00 00 5.068597383797e-04 4.547473508865e-12 0.000000000000e+00
     1.800000000000e+01-2.831250000000e+01 5.113784438220e-09 1.101653398595e+00
    -1.419335603714e-06 1.057123171631e-02 3.792345523834e-06 5.153770717621e+03
     3.528000000000e+05-7.636845111847e-08 1.578587587104e+00 9.685754776001e-08
     9.479543653729e-01 3.003437500000e+02 4.487623712912e-01-8.600715397176e-09
    -2.760829285336e-10 1.000000000000e+00 2.361000000000e+03 0.000000000000e+00
     2.000000000000e+00 0.000000000000e+00 4.656612873077e-09 1.800000000000e+01
     3.456180000000e+05 4.000000000000e+00                                      
G08 2025 04 10 04 00 00 5.068923346698e-04 4.547473508865e-12 0.000000000000e+00
     1.900000000000e+01-2.896875000000e+01 5.113070122751e-09 2.151795415236e+00
    -1.562759280205e-06 1.057102845516e-02 3.717839717865e-06 5.153770425797e+03
     3.600000000000e+05-1.657754182816e-07 1.578525427714e+00-3.725290298462e-09
     9.479526610733e-01 3.036562500000e+02 4.487469009325e-01-8.531069639008e-09
    -2.242950570751e-10 1.000000000000e+00 2.361000000000e+03 0.000000000000e+00
     2.000000000000e+00 0.000000000000e+00 4.656612873077e-09 1.900000000000e+01
     3.528180000000e+05 4.000000000000e+00                                      
G08 2025 04 10 06 00 00 5.069253966212e-04 4.547473508865e-12 0.000000000000e+00
     2.000000000000e+01-3.175000000000e+01 5.052353307938e-09-3.081288914543e+00
    -1.681968569756e-06 1.057091902476e-02 3.580003976822e-06 5.153770820618e+03
     3.672000000000e+05-4.656612873077e-08 1.578464415253e+00-7.264316082001e-08
     9.479516458082e-01 3.052187500000e+02 4.487713887182e-01-8.414636217660e-09
    -2.078658013021e-10 1.000000000000e+00 2.361000000000e+03 0.000000000000e+00
     2.000000000000e+00 0.000000000000e+00 4.656612873077e-09 2.000000000000e+01
     3.600180000000e+05 4.000000000000e+00                                      
G08 2025 04 10 08 00 00 5.069579929113e-04 4.547473508865e-12 0.000000000000e+00
     2.100000000000e+01-3.309375000000e+01 5.070568352382e-09-2.031156601437e+00
    -1.747161149979e-06 1.057105173822e-02 3.600493073463e-06 5.153770685196e+03
     3.744000000000e+05 2.048909664154e-08 1.578403414495e+00-9.313225746155e-08
     9.479502048339e-01 3.036875000000e+02 4.487649372495e-01-8.450709148814e-09
    -1.660783464012e-10 1.000000000000e+00 2.361000000000e+03 0.000000000000e+00
     2.000000000000e+00 0.000000000000e+00 4.656612873077e-09 2.100000000000e+01
     3.672180000000e+05 4.000000000000e+00                                      
G08 2025 04 10 10 00 00 5.069905892015e-04 4.547473508865e-12 0.000000000000e+00
     2.300000000000e+01-2.881250000000e+01 5.141285583753e-09-9.810821394262e-01
    -1.491978764534e-06 1.057089807000e-02 3.492459654808e-06 5.153769638062e+03
     3.816000000000e+05 2.365559339523e-07 1.578343118863e+00-2.048909664154e-08
     9.479482503753e-01 3.043125000000e+02 4.488158628908e-01-8.575000040314e-09
    -3.053698627377e-10 1.000000000000e+00 2.361000000000e+03 0.000000000000e+00
     2.800000000000e+00 0.000000000000e+00 4.656612873077e-09 2.300000000000e+01
     3.744180000000e+05                                                         
G08 2025 04 10 12 00 00 5.070231854916e-04 4.547473508865e-12 0.000000000000e+00
     2.400000000000e+01-2.612500000000e+01 5.280219942355e-09 6.904607312038e-02
    -1.329928636551e-06 1.057133148424e-02 3.172084689140e-06 5.153770380020e+03
     3.888000000000e+05 5.960464477539e-08 1.578280721019e+00 9.499490261078e-08
     9.479451036385e-01 3.072812500000e+02 4.488148607919e-01-8.764293639438e-09
    -3.325138505366e-10 1.000000000000e+00 2.361000000000e+03 0.000000000000e+00
     2.800000000000e+00 0.000000000000e+00 4.656612873077e-09 2.400000000000e+01
     3.816180000000e+05                                                         
G08 2025 04 10 14 00 00 5.070557817817e-04 4.547473508865e-12 0.000000000000e+00
     3.700000000000e+01-2.403125000000e+01 5.345936965447e-09 1.119185787129e+00
    -9.518116712570e-07 1.057151111308e-02 3.250315785408e-06 5.153770519257e+03
     3.960000000000e+05 1.117587089539e-08 1.578217909168e+00 1.192092895508e-07
     9.479426591024e-01 3.097187500000e+02 4.488022167909e-01-8.736792493905e-09
    -3.585863651329e-10 1.000000000000e+00 2.361000000000e+03 0.000000000000e+00
     2.800000000000e+00 0.000000000000e+00 4.656612873077e-09 3.700000000000e+01
     3.888180000000e+05 4.000000000000e+00                                      
G08 2025 04 10 16 00 00 5.070883780718e-04 4.547473508865e-12 0.000000000000e+00
     3.800000000000e+01-2.412500000000e+01 5.359151801612e-09 2.169334934033e+00
    -1.290813088417e-06 1.057132775895e-02 3.298744559288e-06 5.153770130157e+03
     4.032000000000e+05-2.440065145493e-07 1.578154326359e+00 1.862645149231e-08
     9.479411127980e-01 3.130937500000e+02 4.487819231913e-01-8.580000248593e-09
    -1.825076021742e-10 1.000000000000e+00 2.361000000000e+03 0.000000000000e+00
     4.000000000000e+00 0.000000000000e+00 4.656612873077e-09 3.800000000000e+01
     3.960180000000e+05 4.000000000000e+00                                      
G08 2025 04 10 18 00 00 5.071209743619e-04 4.547473508865e-12 0.000000000000e+00
     8.100000000000e+01-2.646875000000e+01 5.313435611635e-09-3.063752485429e+00
    -1.451000571251e-06 1.057104370557e-02 3.056600689888e-06 5.153770856857e+03
     4.104000000000e+05-1.378357410431e-07 1.578092905744e+00-1.154839992523e-07
     9.479403564694e-01 3.160000000000e+02 4.488114814511e-01-8.482853344891e-09
    -1.517920370333e-10 1.000000000000e+00 2.361000000000e+03 0.000000000000e+00
     4.000000000000e+00 0.000000000000e+00 4.656612873077e-09 8.100000000000e+01
     4.032180000000e+05 4.000000000000e+00                                      
G08 2025 04 10 19 59 44 5.071526393294e-04 4.547473508865e-12 0.000000000000e+00
     3.900000000000e+01-2.796875000000e+01 5.318792977648e-09-2.015955203163e+00
    -1.735985279083e-06 1.057119877078e-02 2.922490239143e-06 5.153770647049e+03
     4.175840000000e+05 1.024454832077e-07 1.578030497659e+00-1.266598701477e-07
     9.479394728668e-01 3.149062500000e+02 4.488087809043e-01-8.602501185847e-09
     1.285767843106e-11 1.000000000000e+00 2.361000000000e+03 0.000000000000e+00
     2.000000000000e+00 0.000000000000e+00 4.656612873077e-09 3.900000000000e+01
     4.121880000000e+05 4.000000000000e+00                                      
G08 2025 04 10 20 00 00 5.071535706520e-04 4.547473508865e-12 0.000000000000e+00
     8.300000000000e+01-2.796875000000e+01 5.319150135382e-09-2.013622137022e+00
    -1.735985279083e-06 1.057119795587e-02 2.922490239143e-06 5.153770648956e+03
     4.176000000000e+05 1.024454832077e-07 1.578030355756e+00-1.266598701477e-07
     9.479394860331e-01 3.149062500000e+02 4.488092519640e-01-8.602501185847e-09
     1.285767843106e-11 1.000000000000e+00 2.361000000000e+03 0.000000000000e+00
     4.000000000000e+00 0.000000000000e+00 4.656612873077e-09 8.300000000000e+01
     4.104180000000e+05 4.000000000000e+00                                      
G08 2025 04 10 21 59 44 5.071852356195e-04 4.547473508865e-12 0.000000000000e+00
     4.300000000000e+01-2.515625000000e+01 5.253433112290e-09-9.658562182569e-01
    -1.210719347000e-06 1.057106000371e-02 2.700835466385e-06 5.153770063400e+03
     4.247840000000e+05 1.937150955200e-07 1.577968752275e+00-2.421438694000e-08
     9.479393485188e-01 3.144375000000e+02 4.488367401947e-01-8.667861051205e-09
    -3.035840740667e-11 1.000000000000e+00 2.361000000000e+03 0.000000000000e+00
     2.000000000000e+00 0.000000000000e+00 4.656612873077e-09 4.300000000000e+01
     4.176180000000e+05 4.000000000000e+00                                      
G09 2025 04 10 00 00 00 6.261472590268e-04 1.148237060988e-11 0.000000000000e+00
     6.100000000000e+01-4.559375000000e+01 4.860559604675e-09 6.838005421001e-01
    -2.538785338402e-06 3.001865930855e-03 4.317611455917e-06 5.153729869843e+03
     3.456000000000e+05-7.450580596924e-08-1.548495125220e+00-3.725290298462e-08
     9.608781684326e-01 2.957500000000e+02 2.013925601822e+00-8.413207586723e-09
    -3.110843864848e-10 1.000000000000e+00 2.361000000000e+03 0.000000000000e+00
     2.000000000000e+00 0.000000000000e+00 4.656612873077e-10 6.100000000000e+01
     3.384180000000e+05 4.000000000000e+00                                      
G09 2025 04 10 02 00 00 6.262306123972e-04 1.148237060988e-11 0.000000000000e+00
     7.000000000000e+01-4.237500000000e+01 4.862345393345e-09 1.733694251804e+00
    -2.324581146240e-06 3.001985722221e-03 3.848224878311e-06 5.153731304169e+03
     3.528000000000e+05-1.117587089539e-08-1.548555473517e+00-6.146728992462e-08
     9.608761964190e-01 3.006875000000e+02 2.014180663052e+00-8.358919611125e-09
    -3.057270204718e-10 1.000000000000e+00 2.361000000000e+03 0.000000000000e+00
     2.000000000000e+00 0.000000000000e+00 4.656612873077e-10 7.000000000000e+01
     3.456180000000e+05 4.000000000000e+00                                      
G09 2025 04 10 04 00 00 6.263135001063e-04 1.148237060988e-11 0.000000000000e+00
     7.100000000000e+01-4.403125000000e+01 5.008422906632e-09 2.783979861170e+00
    -2.129003405571e-06 3.002647892572e-03 3.783032298088e-06 5.153729919434e+03
     3.600000000000e+05 1.173466444016e-07-1.548616450868e+00 5.587935447693e-09
     9.608741907583e-01 3.070000000000e+02 2.014044181573e+00-8.411421798052e-09
    -1.967939115420e-10 1.000000000000e+00 2.361000000000e+03 0.000000000000e+00
     2.000000000000e+00 0.000000000000e+00 4.656612873077e-10 7.100000000000e+01
     3.528180000000e+05 4.000000000000e+00                                      
G09 2025 04 10 06 00 00 6.263963878155e-04 1.148237060988e-11 0.000000000000e+00
     7.600000000000e+01-4.031250000000e+01 5.041638575912e-09-2.449038012629e+00
    -1.994892954826e-06 3.003358258866e-03 3.678724169731e-06 5.153728610992e+03
     3.672000000000e+05 4.656612873077e-08-1.548677131247e+00 5.587935447693e-08
     9.608730687002e-01 3.110312500000e+02 2.014027707652e+00-8.394635384545e-09
    -1.500062483624e-10 1.000000000000e+00 2.361000000000e+03 0.000000000000e+00
     2.000000000000e+00 0.000000000000e+00 4.656612873077e-10 7.600000000000e+01
     3.600180000000e+05 4.000000000000e+00                                      
G09 2025 04 10 08 00 00 6.264792755246e-04 1.148237060988e-11 0.000000000000e+00
     9.100000000000e+01-4.206250000000e+01 5.077354349332e-09-1.399095353686e+00
    -2.132728695869e-06 3.003519610502e-03 4.051253199577e-06 5.153727396011e+03
     3.744000000000e+05-4.842877388000e-08-1.548737972547e+00 2.980232238770e-08
     9.608715750608e-01 3.066562500000e+02 2.014236612354e+00-8.490353657309e-09
    -1.425059359442e-10 1.000000000000e+00 2.361000000000e+03 0.000000000000e+00
     2.000000000000e+00 0.000000000000e+00 4.656612873077e-10 9.100000000000e+01
     3.672180000000e+05 4.000000000000e+00                                      
G09 2025 04 10 09 59 44 6.265616975725e-04 1.148237060988e-11 0.000000000000e+00
     0.000000000000e+00-3.937500000000e+01 4.965206820794e-09-3.511237998414e-01
    -2.302229404449e-06 3.004059428349e-03 3.991648554802e-06 5.153728715897e+03
     3.815840000000e+05-5.587935447693e-09-1.548799257112e+00 1.862645149231e-08
     9.608706285528e-01 3.020937500000e+02 2.014082937199e+00-8.513568910032e-09
    -1.135761594744e-10 1.000000000000e+00 2.361000000000e+03 0.000000000000e+00
     2.000000000000e+00 0.000000000000e+00 4.656612873077e-10 0.000000000000e+00
     3.782580000000e+05 4.000000000000e+00                                      
G09 2025 04 10 10 00 00 6.265621632338e-04 1.148237060988e-11 0.000000000000e+00
     1.000000000000e+02-3.937500000000e+01 4.965206820794e-09-3.487910599305e-01
    -2.302229404449e-06 3.004056401551e-03 3.991648554802e-06 5.153728710175e+03
     3.816000000000e+05-5.587935447693e-09-1.548799394626e+00 1.862645149231e-08
     9.608706095349e-01 3.020937500000e+02 2.014083907113e+00-8.513568910032e-09
    -1.135761594744e-10 1.000000000000e+00 2.361000000000e+03 0.000000000000e+00
     2.000000000000e+00 0.000000000000e+00 4.656612873077e-10 1.000000000000e+02
     3.744180000000e+05 4.000000000000e+00                                      
G09 2025 04 10 11 59 44 6.266445852816e-04 1.148237060988e-11 0.000000000000e+00
     1.000000000000e+00-3.575000000000e+01 4.880203280055e-09 6.990862615089e-01
    -1.860782504082e-06 3.003623918630e-03 3.885477781296e-06 5.153727849960e+03
     3.887840000000e+05-6.332993507385e-08-1.548860717226e+00-3.539025783539e-08
     9.608701048281e-01 3.017500000000e+02 2.014023361323e+00-8.462852511776e-09
    -6.928860043404e-11 1.000000000000e+00 2.361000000000e+03 0.000000000000e+00
     2.000000000000e+00 0.000000000000e+00 4.656612873077e-10 1.000000000000e+00
     3.816180000000e+05 4.000000000000e+00                                      
G09 2025 04 10 14 00 00 6.267274729908e-04 1.148237060988e-11 0.000000000000e+00
     2.000000000000e+00-3.325000000000e+01 4.752340811213e-09 1.751357473491e+00
    -1.715496182442e-06 3.003738704138e-03 3.784894943237e-06 5.153729057312e+03
     3.960000000000e+05 7.078051567078e-08-1.548921162075e+00 3.725290298462e-09
     9.608702291762e-01 3.059062500000e+02 2.014235433242e+00-8.318203629427e-09
    -8.036049019412e-11 1.000000000000e+00 2.361000000000e+03 0.000000000000e+00
     2.000000000000e+00 0.000000000000e+00 4.656612873077e-10 2.000000000000e+00
     3.888180000000e+05                                                         
G09 2025 04 10 16 00 00 6.268103606999e-04 1.148237060988e-11 0.000000000000e+00
     3.600000000000e+01-3.309375000000e+01 4.759126808163e-09 2.801537540632e+00
    -1.644715666771e-06 3.004016587511e-03 3.699213266373e-06 5.153728582382e+03
     4.032000000000e+05-1.303851604462e-08-1.548980508273e+00-7.450580596924e-09
     9.608695181980e-01 3.087812500000e+02 2.014203854693e+00-8.278916278665e-09
    -1.442917246152e-10 1.000000000000e+00 2.361000000000e+03 0.000000000000e+00
     2.000000000000e+00 0.000000000000e+00 4.656612873077e-10 3.600000000000e+01
     3.960180000000e+05                                                         
G09 2025 04 10 18 00 00 6.268932484090e-04 1.148237060988e-11 0.000000000000e+00
     3.700000000000e+01-2.865625000000e+01 4.846630453041e-09-2.431520958402e+00
    -1.510605216026e-06 3.004711936228e-03 3.600493073463e-06 5.153727272034e+03
     4.104000000000e+05 8.754432201385e-08-1.549039857396e+00 5.215406417847e-08
     9.608679850598e-01 3.111562500000e+02 2.014226613309e+00-8.353562245112e-09
    -2.185805333280e-10 1.000000000000e+00 2.361000000000e+03 0.000000000000e+00
     2.000000000000e+00 0.000000000000e+00 4.656612873077e-10 3.700000000000e+01
     4.032180000000e+05                                                         
G09 2025 04 10 20 00 00 6.269761361182e-04 1.148237060988e-11 0.000000000000e+00
     6.400000000000e+01-2.928125000000e+01 4.944134514476e-09-1.381501178806e+00
    -1.545995473862e-06 3.004848607816e-03 3.678724169731e-06 5.153726484299e+03
     4.176000000000e+05-3.539025783539e-08-1.549100514369e+00 5.029141902924e-08
     9.608658711432e-01 3.082500000000e+02 2.014357999445e+00-8.472495770600e-09
    -2.164375869228e-10 1.000000000000e+00 2.361000000000e+03 0.000000000000e+00
     2.000000000000e+00 0.000000000000e+00 4.656612873077e-10 6.400000000000e+01
     4.104180000000e+05 4.000000000000e+00                                      
G09 2025 04 10 22 00 00 6.270590238273e-04 1.148237060988e-11 0.000000000000e+00
     7.200000000000e+01-2.725000000000e+01 4.917347684412e-09-3.312312987360e-01
    -1.462176442146e-06 3.005266422406e-03 3.844499588013e-06 5.153727512360e+03
     4.248000000000e+05-6.891787052155e-08-1.549161324947e+00 3.725290298462e-09
     9.608642531558e-01 3.047187500000e+02 2.014239422620e+00-8.463566827245e-09
    -2.517962026082e-10 1.000000000000e+00 2.361000000000e+03 0.000000000000e+00
     2.000000000000e+00 0.000000000000e+00 4.656612873077e-10 7.200000000000e+01
     4.176180000000e+05 4.000000000000e+00                                      
G10 2025 04 10 00 00 00-3.847987391055e-04-1.330136001343e-11 0.000000000000e+00
     1.070000000000e+02 6.684375000000e+01 4.072312485304e-09 2.099438627554e+00
     3.352761268616e-06 1.009722228628e-02 7.379800081253e-06 5.153649484634e+03
     3.456000000000e+05-2.253800630569e-07-2.564439614815e+00-1.844018697739e-07
     9.887415864272e-01 2.536875000000e+02-2.308455262988e+00-7.802467861248e-09
     4.310893851747e-10 1.000000000000e+00 2.361000000000e+03 0.000000000000e+00
     2.000000000000e+00 0.000000000000e+00 2.793967723846e-09 1.070000000000e+02
     3.384180000000e+05 4.000000000000e+00                                      
G10 2025 04 10 02 00 00-3.848946653306e-04-1.330136001343e-11 0.000000000000e+00
     1.080000000000e+02 6.862500000000e+01 4.056954702733e-09-3.133508364938e+00
     3.451481461525e-06 1.009743753821e-02 7.538124918938e-06 5.153648708344e+03
     3.528000000000e+05-3.725290298462e-08-2.564495284699e+00-2.197921276093e-07
     9.887451266890e-01 2.486875000000e+02-2.308500600282e+00-7.716392847306e-09
     4.500187450871e-10 1.000000000000e+00 2.361000000000e+03 0.000000000000e+00
     2.000000000000e+00 0.000000000000e+00 2.793967723846e-09 1.080000000000e+02
     3.456180000000e+05 4.000000000000e+00                                      
G10 2025 04 10 03 59 44-3.849905915558e-04-1.330136001343e-11 0.000000000000e+00
     3.000000000000e+00 7.106250000000e+01 4.060883437809e-09-2.085665473276e+00
     3.542751073837e-06 1.009736175183e-02 7.355585694313e-06 5.153648666382e+03
     3.599840000000e+05 1.471489667892e-07-2.564551990330e+00-5.215406417847e-08
     9.887489302760e-01 2.499687500000e+02-2.308483962515e+00-7.777466819854e-09
     6.389551864768e-10 1.000000000000e+00 2.361000000000e+03 0.000000000000e+00
     2.000000000000e+00 0.000000000000e+00 2.793967723846e-09 3.000000000000e+00
     3.574980000000e+05 4.000000000000e+00                                      
G10 2025 04 10 04 00 00-3.849901258945e-04-1.330136001343e-11 0.000000000000e+00
     1.090000000000e+02 7.106250000000e+01 4.061240595544e-09-2.083332291564e+00
     3.542751073837e-06 1.009736128617e-02 7.355585694313e-06 5.153648675919e+03
     3.600000000000e+05 1.471489667892e-07-2.564552127844e+00-5.215406417847e-08
     9.887489492939e-01 2.499687500000e+02-2.308483425624e+00-7.777466819854e-09
     6.385980287426e-10 1.000000000000e+00 2.361000000000e+03 0.000000000000e+00
     2.800000000000e+00 0.000000000000e+00 2.793967723846e-09 1.090000000000e+02
     3.528180000000e+05 4.000000000000e+00                                      
G10 2025 04 10 05 59 44-3.850860521197e-04-1.330136001343e-11 0.000000000000e+00
     4.000000000000e+00 6.678125000000e+01 4.038739658289e-09-1.035410310161e+00
     3.680586814880e-06 1.009755698033e-02 7.255002856255e-06 5.153649858475e+03
     3.671840000000e+05 1.844018697739e-07-2.564607753841e+00 1.657754182816e-07
     9.887527192338e-01 2.532500000000e+02-2.308546810938e+00-7.932830434229e-09
     5.539516457381e-10 1.000000000000e+00 2.361000000000e+03 0.000000000000e+00
     2.000000000000e+00 0.000000000000e+00 2.793967723846e-09 4.000000000000e+00
     3.600180000000e+05 4.000000000000e+00                                      
G10 2025 04 10 08 00 00-3.851819783449e-04-1.330136001343e-11 0.000000000000e+00
     7.000000000000e+00 6.190625000000e+01 4.026239137592e-09 1.710832369321e-02
     3.309920430183e-06 1.009698701091e-02 7.551163434982e-06 5.153648843765e+03
     3.744000000000e+05 2.980232238770e-08-2.564665388425e+00 2.011656761169e-07
     9.887563721402e-01 2.520937500000e+02-2.308539630936e+00-8.001047561461e-09
     5.360937590283e-10 1.000000000000e+00 2.361000000000e+03 0.000000000000e+00
     2.000000000000e+00 0.000000000000e+00 2.793967723846e-09 7.000000000000e+00
     3.672180000000e+05 4.000000000000e+00                                      
G10 2025 04 10 10 00 00-3.852774389088e-04-1.330136001343e-11 0.000000000000e+00
     1.400000000000e+01 6.084375000000e+01 3.919091817334e-09 1.067226155373e+00
     3.185123205185e-06 1.009771088138e-02 7.785856723785e-06 5.153650772095e+03
     3.816000000000e+05-1.341104507446e-07-2.564721998966e+00 8.754432201385e-08
     9.887597339260e-01 2.440937500000e+02-2.308465990566e+00-7.945688112660e-09
     3.932306653499e-10 1.000000000000e+00 2.361000000000e+03 0.000000000000e+00
     2.000000000000e+00 0.000000000000e+00 2.793967723846e-09 1.400000000000e+01
     3.744180000000e+05                                                         
G10 2025 04 10 12 00 00-3.853733651340e-04-1.330136001343e-11 0.000000000000e+00
     3.700000000000e+01 6.546875000000e+01 3.843731535418e-09 2.117493075960e+00
     3.356486558914e-06 1.009810494725e-02 8.044764399529e-06 5.153649295807e+03
     3.888000000000e+05-1.937150955200e-07-2.564779474091e+00-1.955777406693e-07
     9.887637847462e-01 2.378125000000e+02-2.308542079861e+00-7.732464945345e-09
     5.182358723185e-10 1.000000000000e+00 2.361000000000e+03 0.000000000000e+00
     2.000000000000e+00 0.000000000000e+00 2.793967723846e-09 3.700000000000e+01
     3.816180000000e+05 4.000000000000e+00                                      
G10 2025 04 10 14 00 00-3.854688256979e-04-1.330136001343e-11 0.000000000000e+00
     3.800000000000e+01 6.684375000000e+01 3.762299572022e-09-3.115450847330e+00
     3.382563591003e-06 1.009840448387e-02 8.340924978256e-06 5.153648342133e+03
     3.960000000000e+05-1.862645149231e-09-2.564834200394e+00-1.266598701477e-07
     9.887681617970e-01 2.321875000000e+02-2.308592306227e+00-7.574244069096e-09
     5.035924052165e-10 1.000000000000e+00 2.361000000000e+03 0.000000000000e+00
     2.000000000000e+00 0.000000000000e+00 2.793967723846e-09 3.800000000000e+01
     3.888180000000e+05 4.000000000000e+00                                      
G10 2025 04 10 16 00 00-3.855647519231e-04-1.330136001343e-11 0.000000000000e+00
     3.900000000000e+01 6.937500000000e+01 3.799801134112e-09-2.065275866755e+00
     3.522261977196e-06 1.009830995463e-02 8.391216397285e-06 5.153648342133e+03
     4.032000000000e+05 6.519258022308e-08-2.564888862328e+00-1.564621925354e-07
     9.887718600540e-01 2.333125000000e+02-2.308576432103e+00-7.595673533148e-09
     5.053781938875e-10 1.000000000000e+00 2.361000000000e+03 0.000000000000e+00
     2.000000000000e+00 0.000000000000e+00 2.793967723846e-09 3.900000000000e+01
     3.960180000000e+05 4.000000000000e+00                                      
G10 2025 04 10 17 59 44-3.856564871967e-04-1.330136001343e-11 0.000000000000e+00
     1.500000000000e+01 6.384375000000e+01 3.925877814283e-09-1.017334978600e+00
     3.252178430557e-06 1.009855151642e-02 8.195638656616e-06 5.153649944305e+03
     4.103840000000e+05 2.160668373108e-07-2.564943041499e+00 1.788139343262e-07
     9.887738349934e-01 2.375625000000e+02-2.308660387509e+00-7.876399512226e-09
     3.221562762449e-10 1.000000000000e+00 2.361000000000e+03 0.000000000000e+00
     2.000000000000e+00 0.000000000000e+00 2.793967723846e-09 1.500000000000e+01
     4.084980000000e+05 4.000000000000e+00                                      
G10 2025 04 10 18 00 00-3.856602124870e-04-1.330136001343e-11 0.000000000000e+00
     4.100000000000e+01 6.384375000000e+01 3.925877814283e-09-1.015001394585e+00
     3.252178430557e-06 1.009855198208e-02 8.195638656616e-06 5.153649938583e+03
     4.104000000000e+05 2.160668373108e-07-2.564943142440e+00 1.788139343262e-07
     9.887738218271e-01 2.375625000000e+02-2.308660192941e+00-7.876399512226e-09
     3.221562762449e-10 1.000000000000e+00 2.361000000000e+03 0.000000000000e+00
     2.000000000000e+00 0.000000000000e+00 2.793967723846e-09 4.100000000000e+01
     4.032180000000e+05 4.000000000000e+00                                      
G10 2025 04 10 19 59 44-3.857519477606e-04-1.330136001343e-11 0.000000000000e+00
     2.700000000000e+01 6.068750000000e+01 4.049097232581e-09 3.287011906954e-02
     3.237277269363e-06 1.009833102580e-02 8.007511496544e-06 5.153649694443e+03
     4.175840000000e+05 2.235174179077e-08-2.565000550271e+00 1.415610313416e-07
     9.887755934209e-01 2.389062500000e+02-2.308673969240e+00-8.012833766689e-09
     3.267993267894e-10 1.000000000000e+00 2.361000000000e+03 0.000000000000e+00
     2.000000000000e+00 0.000000000000e+00 2.793967723846e-09 2.700000000000e+01
     4.104180000000e+05 4.000000000000e+00                                      
G10 2025 04 10 22 00 00-3.858474083245e-04-1.330136001343e-11 0.000000000000e+00
     4.300000000000e+01 5.937500000000e+01 4.061240595544e-09 1.085329373079e+00
     3.252178430557e-06 1.009893778246e-02 8.583068847656e-06 5.153651361465e+03
     4.248000000000e+05-8.940696716309e-08-2.565058047341e+00 1.471489667892e-07
     9.887777702430e-01 2.319375000000e+02-2.308607526427e+00-7.977832308738e-09
     2.978695503195e-10 1.000000000000e+00 2.361000000000e+03 0.000000000000e+00
     2.000000000000e+00 0.000000000000e+00 2.793967723846e-09 4.300000000000e+01
     4.176180000000e+05 4.000000000000e+00                                      
G11 2025 04 10 00 00 00-7.303454913199e-04 4.774847184308e-12 0.000000000000e+00
     1.700000000000e+01-1.446875000000e+01 4.276249551530e-09-6.759665616577e-01
    -6.929039955139e-07 1.696484396234e-03 1.221150159836e-05 5.153643920898e+03
     3.456000000000e+05-1.303851604462e-08 2.712261560444e+00 2.980232238770e-08
     9.658357081454e-01 1.473125000000e+02-2.371006570855e+00-7.855327205909e-09
    -1.007184810433e-10 1.000000000000e+00 2.361000000000e+03 0.000000000000e+00
     2.800000000000e+00 0.000000000000e+00-8.847564458847e-09 5.290000000000e+02
     3.384180000000e+05 4.000000000000e+00                                      
G11 2025 04 10 00 29 36-7.303375750780e-04 4.774847184308e-12 0.000000000000e+00
     1.800000000000e+01-1.268750000000e+01 4.253748614275e-09-4.167559107794e-01
    -6.258487701416e-07 1.696932595223e-03 1.206621527672e-05 5.153644880295e+03
     3.473760000000e+05-2.048909664154e-08 2.712247579336e+00 2.235174179077e-08
     9.658354916336e-01 1.511562500000e+02-2.371168629994e+00-7.862827518327e-09
    -9.893269237232e-11 1.000000000000e+00 2.361000000000e+03 0.000000000000e+00
     2.000000000000e+00 0.000000000000e+00-8.847564458847e-09 5.300000000000e+02
     3.402180000000e+05 4.000000000000e+00                                      
G11 2025 04 10 02 00 00-7.303114980459e-04 4.774847184308e-12 0.000000000000e+00
     1.900000000000e+01-1.303125000000e+01 4.214104105780e-09 3.745131959550e-01
    -8.568167686462e-07 1.696913270280e-03 1.192279160023e-05 5.153644851685e+03
     3.528000000000e+05-7.450580596924e-09 2.712204834332e+00 7.450580596924e-09
     9.658349401135e-01 1.543125000000e+02-2.371289955642e+00-7.874970881289e-09
    -8.928943354902e-11 1.000000000000e+00 2.361000000000e+03 0.000000000000e+00
     2.000000000000e+00 0.000000000000e+00-8.847564458847e-09 5.310000000000e+02
     3.456180000000e+05 4.000000000000e+00                                      
G11 2025 04 10 04 00 00-7.302770391107e-04 4.774847184308e-12 0.000000000000e+00
     2.000000000000e+01-1.646875000000e+01 4.157673183777e-09 1.425251748165e+00
    -9.294599294662e-07 1.695704064332e-03 1.097843050957e-05 5.153642072678e+03
     3.600000000000e+05-3.725290298462e-08 2.712148018983e+00 2.980232238770e-08
     9.658343768900e-01 1.657500000000e+02-2.371830931044e+00-7.865684780200e-09
    -6.357407668690e-11 1.000000000000e+00 2.361000000000e+03 0.000000000000e+00
     2.000000000000e+00 0.000000000000e+00-8.847564458847e-09 5.320000000000e+02
     3.528180000000e+05 4.000000000000e+00                                      
G11 2025 04 10 06 00 00-7.302421145141e-04 4.774847184308e-12 0.000000000000e+00
     2.100000000000e+01-2.425000000000e+01 4.007666935414e-09 2.474856759764e+00
    -1.080334186554e-06 1.695573446341e-03 1.105293631554e-05 5.153643913269e+03
     3.672000000000e+05-3.725290298462e-09 2.712091446478e+00-5.215406417847e-08
     9.658343768900e-01 1.676875000000e+02-2.371239625408e+00-7.782824185867e-09
    -3.535861568541e-11 1.000000000000e+00 2.361000000000e+03 0.000000000000e+00
     2.000000000000e+00 0.000000000000e+00-8.847564458847e-09 5.330000000000e+02
     3.600180000000e+05 4.000000000000e+00                                      
G11 2025 04 10 08 00 00-7.302076555789e-04 4.774847184308e-12 0.000000000000e+00
     2.200000000000e+01-3.434375000000e+01 3.993023468312e-09-2.757916650184e+00
    -1.668930053711e-06 1.697111059912e-03 1.140311360359e-05 5.153640953064e+03
     3.744000000000e+05-3.352761268616e-08 2.712035953606e+00 2.235174179077e-08
     9.658342466903e-01 1.621562500000e+02-2.371455253682e+00-7.714964216370e-09
    -7.786038605475e-11 1.000000000000e+00 2.361000000000e+03 0.000000000000e+00
     2.000000000000e+00 0.000000000000e+00-8.847564458847e-09 5.340000000000e+02
     3.672180000000e+05 4.000000000000e+00                                      
G11 2025 04 10 10 00 00-7.301727309823e-04 4.774847184308e-12 0.000000000000e+00
     2.300000000000e+01-3.675000000000e+01 4.004095358072e-09-1.706956047491e+00
    -1.853331923485e-06 1.696090446785e-03 1.215934753418e-05 5.153644058228e+03
     3.816000000000e+05 5.215406417847e-08 2.711981060531e+00-1.210719347000e-07
     9.658331846118e-01 1.505312500000e+02-2.372220090660e+00-7.743179677371e-09
    -2.135803250493e-10 1.000000000000e+00 2.361000000000e+03 0.000000000000e+00
     2.000000000000e+00 0.000000000000e+00-8.847564458847e-09 5.350000000000e+02
     3.744180000000e+05 4.000000000000e+00                                      
G11 2025 04 10 12 00 00-7.301378063858e-04 4.774847184308e-12 0.000000000000e+00
     2.400000000000e+01-3.390625000000e+01 4.130529195978e-09-6.569666863509e-01
    -1.838430762291e-06 1.696043182164e-03 1.211278140545e-05 5.153643424988e+03
     3.888000000000e+05 4.284083843231e-08 2.711925203393e+00 4.097819328308e-08
     9.658308117586e-01 1.497812500000e+02-2.372013583681e+00-7.883542666910e-09
    -2.750114553310e-10 1.000000000000e+00 2.361000000000e+03 0.000000000000e+00
     2.000000000000e+00 0.000000000000e+00-8.847564458847e-09 5.360000000000e+02
     3.816180000000e+05 4.000000000000e+00                                      
G11 2025 04 10 14 00 00-7.301033474505e-04 4.888534022029e-12 0.000000000000e+00
     2.500000000000e+01-3.115625000000e+01 4.127671934104e-09 3.934503208537e-01
    -1.609325408936e-06 1.696580904536e-03 1.180544495583e-05 5.153644515991e+03
     3.960000000000e+05 5.587935447693e-09 2.711868562131e+00 5.401670932770e-08
     9.658288397451e-01 1.553125000000e+02-2.372234746173e+00-7.868542042074e-09
    -2.921550265724e-10 1.000000000000e+00 2.361000000000e+03 0.000000000000e+00
     2.000000000000e+00 0.000000000000e+00-8.847564458847e-09 5.370000000000e+02
     3.888180000000e+05 4.000000000000e+00                                      
G11 2025 04 10 16 00 00-7.300684228539e-04 4.888534022029e-12 0.000000000000e+00
     2.600000000000e+01-3.250000000000e+01 4.185174329310e-09 1.444307104640e+00
    -1.687556505203e-06 1.695375656709e-03 1.124478876591e-05 5.153641456604e+03
     4.032000000000e+05-3.166496753693e-08 2.711811970608e+00 3.166496753693e-08
     9.658266629230e-01 1.675625000000e+02-2.372894105295e+00-7.857470152314e-09
    -3.000124967247e-10 1.000000000000e+00 2.361000000000e+03 0.000000000000e+00
     2.000000000000e+00 0.000000000000e+00-8.847564458847e-09 5.380000000000e+02
     3.960180000000e+05 4.000000000000e+00                                      
G11 2025 04 10 18 00 00-7.300334982574e-04 4.888534022029e-12 0.000000000000e+00
     2.700000000000e+01-4.062500000000e+01 4.160173287916e-09 2.493804135329e+00
    -2.186745405197e-06 1.695063663647e-03 1.090392470360e-05 5.153643741608e+03
     4.104000000000e+05-2.235174179077e-08 2.711755439064e+00-2.235174179077e-08
     9.658247772216e-01 1.717812500000e+02-2.372193889797e+00-7.810325331400e-09
    -2.810831368123e-10 1.000000000000e+00 2.361000000000e+03 0.000000000000e+00
     2.000000000000e+00 0.000000000000e+00-8.847564458847e-09 5.390000000000e+02
     4.032180000000e+05                                                         
G11 2025 04 10 20 00 00-7.299985736609e-04 4.888534022029e-12 0.000000000000e+00
     2.800000000000e+01-5.146875000000e+01 4.293750280505e-09-2.739015104916e+00
    -2.508983016014e-06 1.696657505818e-03 1.105293631554e-05 5.153640705109e+03
     4.176000000000e+05 2.607703208923e-08 2.711698832912e+00-7.264316082001e-08
     9.658226940262e-01 1.673125000000e+02-2.372361673335e+00-7.855684363643e-09
    -2.450102056585e-10 1.000000000000e+00 2.361000000000e+03 0.000000000000e+00
     2.000000000000e+00 0.000000000000e+00-8.847564458847e-09 5.400000000000e+02
     4.104180000000e+05 4.000000000000e+00                                      
G11 2025 04 10 22 00 00-7.299636490643e-04 4.888534022029e-12 0.000000000000e+00
     2.900000000000e+01-5.628125000000e+01 4.267677765909e-09-1.687831212648e+00
    -2.782791852951e-06 1.695509301499e-03 1.189485192299e-05 5.153644521713e+03
     4.248000000000e+05 2.048909664154e-08 2.711641944417e+00 1.117587089539e-08
     9.658212120902e-01 1.535625000000e+02-2.373347065695e+00-7.853184259503e-09
    -1.803646557690e-10 1.000000000000e+00 2.361000000000e+03 0.000000000000e+00
     2.000000000000e+00 0.000000000000e+00-8.847564458847e-09 5.410000000000e+02
     4.176180000000e+05 4.000000000000e+00                                      
G11 2025 04 10 23 59 44-7.299287244678e-04 4.888534022029e-12 0.000000000000e+00
     3.000000000000e+01-5.446875000000e+01 4.303036381594e-09-6.401643787874e-01
    -2.752989530563e-06 1.695343642496e-03 1.200102269650e-05 5.153643842697e+03
     4.319840000000e+05-1.117587089539e-08 2.711585522592e+00 2.421438694000e-08
     9.658198208551e-01 1.513750000000e+02-2.373150456819e+00-7.877113827695e-09
    -1.821504444400e-10 1.000000000000e+00 2.361000000000e+03 0.000000000000e+00
     2.000000000000e+00 0.000000000000e+00-8.847564458847e-09 5.420000000000e+02
     4.248180000000e+05 4.000000000000e+00                                      
G12 2025 04 10 00 00 00-5.792626179755e-04-1.818989403546e-12 0.000000000000e+00
     2.600000000000e+01 7.537500000000e+01 4.503401870478e-09 2.872582090049e+00
     3.939494490623e-06 8.936632308178e-03 6.776303052902e-06 5.153710205078e+03
     3.456000000000e+05 7.636845111847e-08 6.406738473231e-01-4.284083843231e-08
     9.607707448951e-01 2.462187500000e+02 1.496478376754e+00-7.986046936624e-09
     4.468043254793e-10 1.000000000000e+00 2.361000000000e+03 0.000000000000e+00
     2.000000000000e+00 0.000000000000e+00-1.257285475731e-08 2.600000000000e+01
     3.384180000000e+05 4.000000000000e+00                                      
G12 2025 04 10 02 00 00-5.792756564915e-04-1.818989403546e-12 0.000000000000e+00
     3.100000000000e+01 7.778125000000e+01 4.551975322329e-09-2.360465584855e+00
     4.051253199577e-06 8.936926722527e-03 6.787478923798e-06 5.153709596634e+03
     3.528000000000e+05 1.508742570877e-07 6.406164702131e-01-3.911554813385e-08
     9.607738989465e-01 2.480000000000e+02 1.496499341833e+00-8.011047978018e-09
     4.182317067436e-10 1.000000000000e+00 2.361000000000e+03 0.000000000000e+00
     2.000000000000e+00 0.000000000000e+00-1.257285475731e-08 3.100000000000e+01
     3.456180000000e+05 4.000000000000e+00                                      
G12 2025 04 10 04 00 00-5.792886950076e-04-1.818989403546e-12 0.000000000000e+00
     6.400000000000e+01 7.603125000000e+01 4.674837582893e-09-1.310261062113e+00
     4.028901457787e-06 8.936826139688e-03 6.755813956261e-06 5.153710374832e+03
     3.600000000000e+05-1.490116119385e-08 6.405584596596e-01 2.160668373108e-07
     9.607753852713e-01 2.505000000000e+02 1.496453843618e+00-8.295345534438e-09
     3.392998474863e-10 1.000000000000e+00 2.361000000000e+03 0.000000000000e+00
     2.000000000000e+00 0.000000000000e+00-1.257285475731e-08 6.400000000000e+01
     3.528180000000e+05 4.000000000000e+00                                      
G12 2025 04 10 06 00 00-5.793012678623e-04-1.818989403546e-12 0.000000000000e+00
     6.600000000000e+01 7.206250000000e+01 4.694481258273e-09-2.601505713555e-01
     3.723427653313e-06 8.936449885368e-03 6.839632987976e-06 5.153709274292e+03
     3.672000000000e+05-1.247972249985e-07 6.404983293377e-01 1.210719347000e-07
     9.607776835156e-01 2.491562500000e+02 1.496503550648e+00-8.345347617226e-09
     3.300137463972e-10 1.000000000000e+00 2.361000000000e+03 0.000000000000e+00
     2.000000000000e+00 0.000000000000e+00-1.257285475731e-08 6.600000000000e+01
     3.600180000000e+05 4.000000000000e+00                                      
G12 2025 04 10 08 00 00-5.793143063784e-04-1.818989403546e-12 0.000000000000e+00
     7.000000000000e+01 6.993750000000e+01 4.666980112740e-09 7.899843706142e-01
     3.548339009285e-06 8.937375620008e-03 7.174909114838e-06 5.153711090088e+03
     3.744000000000e+05-1.583248376846e-07 6.404385983926e-01-9.313225746155e-09
     9.607796672325e-01 2.427500000000e+02 1.496528111580e+00-8.333204254263e-09
     2.571535686212e-10 1.000000000000e+00 2.361000000000e+03 0.000000000000e+00
     2.000000000000e+00 0.000000000000e+00-1.257285475731e-08 7.000000000000e+01
     3.672180000000e+05 4.000000000000e+00                                      
G12 2025 04 10 10 00 00-5.793273448944e-04-1.818989403546e-12 0.000000000000e+00
     7.100000000000e+01 7.384375000000e+01 4.648050752828e-09 1.840243768877e+00
     3.535300493240e-06 8.937155129388e-03 7.122755050659e-06 5.153709358215e+03
     3.816000000000e+05 1.862645149231e-08 6.403789640000e-01-1.993030309677e-07
     9.607828242097e-01 2.373750000000e+02 1.496428568782e+00-8.084622471263e-09
     3.167989102319e-10 1.000000000000e+00 2.361000000000e+03 0.000000000000e+00
     2.000000000000e+00 0.000000000000e+00-1.257285475731e-08 7.100000000000e+01
     3.744180000000e+05 4.000000000000e+00                                      
G12 2025 04 10 12 00 00-5.793403834105e-04-1.818989403546e-12 0.000000000000e+00
     7.700000000000e+01 8.396875000000e+01 4.708053252173e-09 2.890299792268e+00
     4.405155777931e-06 8.936095517129e-03 7.085502147675e-06 5.153711988449e+03
     3.888000000000e+05 1.732259988785e-07 6.403205189598e-01-1.695007085800e-07
     9.607851458607e-01 2.374687500000e+02 1.496532172641e+00-8.108194881719e-09
     3.775157250453e-10 1.000000000000e+00 2.361000000000e+03 0.000000000000e+00
     2.000000000000e+00 0.000000000000e+00-1.257285475731e-08 7.700000000000e+01
     3.816180000000e+05 4.000000000000e+00                                      
G12 2025 04 10 14 00 00-5.793534219265e-04-1.818989403546e-12 0.000000000000e+00
     7.800000000000e+01 8.790625000000e+01 4.786985111430e-09-2.342763867942e+00
     4.595145583153e-06 8.936926373281e-03 7.066875696182e-06 5.153710340500e+03
     3.960000000000e+05 1.378357410431e-07 6.402613395347e-01 5.029141902924e-08
     9.607886407720e-01 2.429687500000e+02 1.496570599110e+00-8.094980045554e-09
     5.414511250413e-10 1.000000000000e+00 2.361000000000e+03 0.000000000000e+00
     2.000000000000e+00 0.000000000000e+00-1.257285475731e-08 7.800000000000e+01
     3.888180000000e+05 4.000000000000e+00                                      
G12 2025 04 10 15 59 44-5.793664604425e-04-1.818989403546e-12 0.000000000000e+00
     7.200000000000e+01 8.553125000000e+01 4.791628161975e-09-1.294880911342e+00
     4.688277840614e-06 8.936797617935e-03 7.225200533867e-06 5.153711313248e+03
     4.031840000000e+05-2.048909664154e-08 6.402029515484e-01 1.993030309677e-07
     9.607915168689e-01 2.460312500000e+02 1.496513852517e+00-8.292131114830e-09
     4.993065124061e-10 1.000000000000e+00 2.361000000000e+03 0.000000000000e+00
     2.000000000000e+00 0.000000000000e+00-1.257285475731e-08 7.200000000000e+01
     3.990060000000e+05 4.000000000000e+00                                      
G12 2025 04 10 16 00 00-5.793664604425e-04-1.818989403546e-12 0.000000000000e+00
     8.600000000000e+01 8.553125000000e+01 4.791628161975e-09-1.292547255644e+00
     4.688277840614e-06 8.936795755289e-03 7.225200533867e-06 5.153711309433e+03
     4.032000000000e+05-2.048909664154e-08 6.402028052566e-01 1.993030309677e-07
     9.607915329610e-01 2.460312500000e+02 1.496513905182e+00-8.292488272565e-09
     4.993065124061e-10 1.000000000000e+00 2.361000000000e+03 0.000000000000e+00
     2.800000000000e+00 0.000000000000e+00-1.257285475731e-08 8.600000000000e+01
     3.960180000000e+05 4.000000000000e+00                                      
G12 2025 04 10 17 59 44-5.793794989586e-04-1.818989403546e-12 0.000000000000e+00
     7.300000000000e+01 7.862500000000e+01 4.743769025592e-09-2.448037005082e-01
     3.883615136147e-06 8.936134632677e-03 7.344409823418e-06 5.153709426880e+03
     4.103840000000e+05-1.043081283569e-07 6.401427495436e-01 9.685754776001e-08
     9.607949708185e-01 2.441562500000e+02 1.496597202275e+00-8.352490771910e-09
     5.028780897481e-10 1.000000000000e+00 2.361000000000e+03 0.000000000000e+00
     2.000000000000e+00 0.000000000000e+00-1.257285475731e-08 7.300000000000e+01
     4.032180000000e+05 4.000000000000e+00                                      
G12 2025 04 10 20 00 00-5.793920718133e-04-1.818989403546e-12 0.000000000000e+00
     7.600000000000e+01 7.587500000000e+01 4.604120351522e-09 8.076587850874e-01
     3.840774297714e-06 8.937161299400e-03 7.299706339836e-06 5.153711462021e+03
     4.176000000000e+05-1.378357410431e-07 6.400827113856e-01-3.725290298462e-09
     9.607983223638e-01 2.371875000000e+02 1.496627764097e+00-8.339633093479e-09
     4.546617956316e-10 1.000000000000e+00 2.361000000000e+03 0.000000000000e+00
     2.000000000000e+00 0.000000000000e+00-1.257285475731e-08 7.600000000000e+01
     4.104180000000e+05 4.000000000000e+00                                      
G12 2025 04 10 22 00 00-5.794051103294e-04-1.818989403546e-12 0.000000000000e+00
     8.100000000000e+01 7.925000000000e+01 4.473757778540e-09 1.857915105370e+00
     4.030764102936e-06 8.936987491325e-03 7.530674338341e-06 5.153709781647e+03
     4.248000000000e+05 8.195638656616e-08 6.400231223435e-01-2.030283212662e-07
     9.608030944026e-01 2.316875000000e+02 1.496530175757e+00-8.052121117451e-09
     5.175215568501e-10 1.000000000000e+00 2.361000000000e+03 0.000000000000e+00
     2.000000000000e+00 0.000000000000e+00-1.257285475731e-08 8.100000000000e+01
     4.176180000000e+05 4.000000000000e+00                                      
G13 2025 04 10 00 00 00 7.002050988376e-04 5.684341886081e-13 0.000000000000e+00
     5.300000000000e+01-6.665625000000e+01 4.639121809473e-09-1.160089223858e-01
    -3.373250365257e-06 9.024500963278e-03 5.045905709267e-06 5.153679887772e+03
     3.456000000000e+05 1.862645149231e-09-1.377814794945e+00 1.210719347000e-07
     9.731239689422e-01 2.853437500000e+02 9.535130898075e-01-8.409993167115e-09
    -4.696624204679e-10 1.000000000000e+00 2.361000000000e+03 0.000000000000e+00
     2.000000000000e+00 0.000000000000e+00-1.164153218269e-08 5.300000000000e+01
     3.384180000000e+05 4.000000000000e+00                                      
G13 2025 04 10 02 00 00 7.002092897892e-04 5.684341886081e-13 0.000000000000e+00
     5.500000000000e+01-6.209375000000e+01 4.670194532348e-09 9.341538428229e-01
    -3.069639205933e-06 9.025252889842e-03 5.491077899933e-06 5.153681303024e+03
     3.528000000000e+05-6.332993507385e-08-1.377875209073e+00 1.415610313416e-07
     9.731205076780e-01 2.815625000000e+02 9.535276941187e-01-8.389635176266e-09
    -4.760912596834e-10 1.000000000000e+00 2.361000000000e+03 0.000000000000e+00
     2.000000000000e+00 0.000000000000e+00-1.164153218269e-08 5.500000000000e+01
     3.456180000000e+05 4.000000000000e+00                                      
G13 2025 04 10 04 00 00 7.002134807408e-04 5.684341886081e-13 0.000000000000e+00
     5.600000000000e+01-5.815625000000e+01 4.611263506206e-09 1.984386538442e+00
    -3.166496753693e-06 9.025083272718e-03 5.405396223068e-06 5.153680337906e+03
     3.600000000000e+05-1.899898052216e-07-1.377935978690e+00-1.732259988785e-07
     9.731186614754e-01 2.828437500000e+02 9.534733306199e-01-8.127481399366e-09
    -3.053698627377e-10 1.000000000000e+00 2.361000000000e+03 0.000000000000e+00
     2.000000000000e+00 0.000000000000e+00-1.164153218269e-08 5.600000000000e+01
     3.528180000000e+05 4.000000000000e+00                                      
G13 2025 04 10 06 00 00 7.002172060311e-04 5.684341886081e-13 0.000000000000e+00
     5.700000000000e+01-5.734375000000e+01 4.574833417318e-09 3.034526176378e+00
    -3.082677721977e-06 9.024783386849e-03 5.133450031281e-06 5.153681156158e+03
     3.672000000000e+05-1.862645149231e-08-1.377993981929e+00-1.899898052216e-07
     9.731168767153e-01 2.862812500000e+02 9.535106043097e-01-8.040692069956e-09
    -2.921550265724e-10 1.000000000000e+00 2.361000000000e+03 0.000000000000e+00
     2.000000000000e+00 0.000000000000e+00-1.164153218269e-08 5.700000000000e+01
     3.600180000000e+05 4.000000000000e+00                                      
G13 2025 04 10 07 59 44 7.002209313214e-04 5.684341886081e-13 0.000000000000e+00
     6.100000000000e+01-6.053125000000e+01 4.620192449561e-09-2.200873548955e+00
    -3.246590495110e-06 9.025913430378e-03 4.624947905540e-06 5.153678831100e+03
     3.743840000000e+05 1.285225152969e-07-1.378052707850e+00-7.264316082001e-08
     9.731152119146e-01 2.946875000000e+02 9.535693682660e-01-8.089265521807e-09
    -1.557207721095e-10 1.000000000000e+00 2.361000000000e+03 0.000000000000e+00
     2.000000000000e+00 0.000000000000e+00-1.164153218269e-08 6.100000000000e+01
     3.732960000000e+05 4.000000000000e+00                                      
G13 2025 04 10 08 00 00 7.002213969827e-04 5.684341886081e-13 0.000000000000e+00
     7.300000000000e+01-6.053125000000e+01 4.620549607295e-09-2.198539730873e+00
    -3.246590495110e-06 9.025911451317e-03 4.624947905540e-06 5.153678834915e+03
     3.744000000000e+05 1.285225152969e-07-1.378052836586e+00-7.264316082001e-08
     9.731152148404e-01 2.946875000000e+02 9.535692600101e-01-8.089622679541e-09
    -1.557207721095e-10 1.000000000000e+00 2.361000000000e+03 0.000000000000e+00
     2.000000000000e+00 0.000000000000e+00-1.164153218269e-08 7.300000000000e+01
     3.672180000000e+05 4.000000000000e+00                                      
G13 2025 04 10 09 59 44 7.002251222730e-04 5.684341886081e-13 0.000000000000e+00
     6.500000000000e+01-5.840625000000e+01 4.656979696183e-09-1.150727523917e+00
    -2.847984433174e-06 9.026001556776e-03 4.641711711884e-06 5.153678249359e+03
     3.815840000000e+05 1.899898052216e-07-1.378110684756e+00 1.564621925354e-07
     9.731131199417e-01 2.952812500000e+02 9.536017250881e-01-8.266772915703e-09
    -2.592965150264e-10 1.000000000000e+00 2.361000000000e+03 0.000000000000e+00
     2.000000000000e+00 0.000000000000e+00-1.164153218269e-08 6.500000000000e+01
     3.744180000000e+05 4.000000000000e+00                                      
G13 2025 04 10 12 00 00 7.002293132246e-04 5.684341886081e-13 0.000000000000e+00
     6.600000000000e+01-5.637500000000e+01 4.657336853917e-09-9.822058755601e-02
    -2.913177013397e-06 9.026159998029e-03 4.904344677925e-06 5.153678438187e+03
     3.888000000000e+05 1.117587089539e-08-1.378171095958e+00 1.359730958939e-07
     9.731106958865e-01 2.945625000000e+02 9.536079176203e-01-8.398206961887e-09
    -2.564392531528e-10 1.000000000000e+00 2.361000000000e+03 0.000000000000e+00
     2.000000000000e+00 0.000000000000e+00-1.164153218269e-08 6.600000000000e+01
     3.816180000000e+05 4.000000000000e+00                                      
G13 2025 04 10 14 00 00 7.002330385149e-04 5.684341886081e-13 0.000000000000e+00
     7.000000000000e+01-5.190625000000e+01 4.568761735836e-09 9.519320557225e-01
    -2.792105078697e-06 9.027039632201e-03 5.010515451431e-06 5.153680154800e+03
     3.960000000000e+05-8.381903171539e-08-1.378231034638e+00 8.009374141693e-08
     9.731085834328e-01 2.895625000000e+02 9.536329569262e-01-8.366777081277e-09
    -3.292994309288e-10 1.000000000000e+00 2.361000000000e+03 0.000000000000e+00
     2.000000000000e+00 0.000000000000e+00-1.164153218269e-08 7.000000000000e+01
     3.888180000000e+05 4.000000000000e+00                                      
G13 2025 04 10 16 00 00 7.002372294664e-04 5.684341886081e-13 0.000000000000e+00
     8.500000000000e+01-4.993750000000e+01 4.450542525817e-09 2.002133927657e+00
    -2.652406692505e-06 9.026914602146e-03 4.952773451805e-06 5.153679716110e+03
     4.032000000000e+05-1.378357410431e-07-1.378291529226e+00-1.750886440277e-07
     9.731073867658e-01 2.909375000000e+02 9.536088012228e-01-8.161768541849e-09
    -2.100087477073e-10 1.000000000000e+00 2.361000000000e+03 0.000000000000e+00
     2.000000000000e+00 0.000000000000e+00-1.164153218269e-08 8.500000000000e+01
     3.960180000000e+05 4.000000000000e+00                                      
G13 2025 04 10 18 00 00 7.002414204180e-04 5.684341886081e-13 0.000000000000e+00
     9.300000000000e+01-4.962500000000e+01 4.364824669610e-09 3.052279155404e+00
    -2.555549144745e-06 9.026708547026e-03 4.759058356285e-06 5.153680324554e+03
     4.104000000000e+05 2.980232238770e-08-1.378349257436e+00-7.078051567078e-08
     9.731065294958e-01 2.938437500000e+02 9.536394054691e-01-7.989975671701e-09
    -2.382242087088e-10 1.000000000000e+00 2.361000000000e+03 0.000000000000e+00
     2.000000000000e+00 0.000000000000e+00-1.164153218269e-08 9.300000000000e+01
     4.032180000000e+05 4.000000000000e+00                                      
G13 2025 04 10 20 00 00 7.002451457083e-04 5.684341886081e-13 0.000000000000e+00
     9.400000000000e+01-5.178125000000e+01 4.402326231701e-09-2.180773418812e+00
    -2.628192305565e-06 9.027524734847e-03 4.459172487259e-06 5.153678632736e+03
     4.176000000000e+05 5.587935447693e-08-1.378406653564e+00-1.247972249985e-07
     9.731047652166e-01 3.000000000000e+02 9.536829828728e-01-7.997475984119e-09
    -2.707255625206e-10 1.000000000000e+00 2.361000000000e+03 0.000000000000e+00
     2.000000000000e+00 0.000000000000e+00-1.164153218269e-08 9.400000000000e+01
     4.104180000000e+05                                                         
G13 2025 04 10 22 00 00 7.002493366599e-04 5.684341886081e-13 0.000000000000e+00
     1.140000000000e+02-4.675000000000e+01 4.594477092698e-09-1.130673541526e+00
    -2.434477210045e-06 9.027611697093e-03 4.431232810020e-06 5.153677286148e+03
     4.248000000000e+05 1.955777406693e-07-1.378463849272e+00 1.955777406693e-07
     9.731012000852e-01 2.997187500000e+02 9.537604838839e-01-8.268915862108e-09
    -4.453756945425e-10 1.000000000000e+00 2.361000000000e+03 0.000000000000e+00
     2.000000000000e+00 0.000000000000e+00-1.164153218269e-08 1.140000000000e+02
     4.176180000000e+05                                                         
G14 2025 04 10 00 00 00 6.281114183366e-04 5.911715561524e-12 0.000000000000e+00
     1.660000000000e+02 7.784375000000e+01 4.929848205109e-09 2.764759336855e+00
     4.133209586143e-06 5.592034081928e-03 7.066875696182e-06 5.153714542389e+03
     3.456000000000e+05-5.587935447693e-08 5.912224412792e-01-6.146728992462e-08
     9.441362281836e-01 2.334062500000e+02-2.834977226375e+00-8.298202796312e-09
     4.975207237351e-10 1.000000000000e+00 2.361000000000e+03 0.000000000000e+00
     2.000000000000e+00 0.000000000000e+00-7.916241884232e-09 6.780000000000e+02
     3.384180000000e+05 4.000000000000e+00                                      
G14 2025 04 10 02 00 00 6.281537935138e-04 5.911715561524e-12 0.000000000000e+00
     1.670000000000e+02 7.628125000000e+01 4.835201405547e-09-2.468292495661e+00
     3.898516297340e-06 5.592093337327e-03 7.158145308495e-06 5.153714385986e+03
     3.528000000000e+05-2.048909664154e-08 5.911631945599e-01 5.587935447693e-09
     9.441400376223e-01 2.346562500000e+02-2.834952421136e+00-8.224271145333e-09
     4.739483132782e-10 1.000000000000e+00 2.361000000000e+03 0.000000000000e+00
     2.000000000000e+00 0.000000000000e+00-7.916241884232e-09 6.790000000000e+02
     3.456180000000e+05 4.000000000000e+00                                      
G14 2025 04 10 04 00 00 6.281966343522e-04 5.911715561524e-12 0.000000000000e+00
     1.680000000000e+02 7.368750000000e+01 4.848416241712e-09-1.418148267088e+00
     3.753229975700e-06 5.592301138677e-03 7.146969437599e-06 5.153714101791e+03
     3.600000000000e+05 1.862645149231e-09 5.911046602817e-01-1.564621925354e-07
     9.441430731773e-01 2.353750000000e+02-2.834938422473e+00-8.229628511346e-09
     3.446572134992e-10 1.000000000000e+00 2.361000000000e+03 0.000000000000e+00
     2.000000000000e+00 0.000000000000e+00-7.916241884232e-09 6.800000000000e+02
     3.528180000000e+05 4.000000000000e+00                                      
G14 2025 04 10 06 00 00 6.282394751906e-04 5.911715561524e-12 0.000000000000e+00
     1.690000000000e+02 7.128125000000e+01 4.983779022972e-09-3.679400182929e-01
     3.522261977196e-06 5.592329194769e-03 7.122755050659e-06 5.153714540482e+03
     3.672000000000e+05 8.568167686462e-08 5.910454969488e-01 5.587935447693e-08
     9.441444073586e-01 2.340000000000e+02-2.834988423550e+00-8.416422006331e-09
     2.328668426958e-10 1.000000000000e+00 2.361000000000e+03 0.000000000000e+00
     2.000000000000e+00 0.000000000000e+00-7.916241884232e-09 6.810000000000e+02
     3.600180000000e+05 4.000000000000e+00                                      
G14 2025 04 10 08 00 00 6.282823160291e-04 5.911715561524e-12 0.000000000000e+00
     1.700000000000e+02 7.712500000000e+01 5.088069081357e-09 6.821535552794e-01
     4.097819328308e-06 5.592873436399e-03 6.943941116333e-06 5.153715677261e+03
     3.744000000000e+05 2.607703208923e-08 5.909845049682e-01 1.117587089539e-08
     9.441458936833e-01 2.331562500000e+02-2.834922207489e+00-8.474638717005e-09
     2.435815747217e-10 1.000000000000e+00 2.361000000000e+03 0.000000000000e+00
     2.000000000000e+00 0.000000000000e+00-7.916241884232e-09 6.820000000000e+02
     3.672180000000e+05 4.000000000000e+00                                      
G14 2025 04 10 10 00 00 6.283246912062e-04 5.911715561524e-12 0.000000000000e+00
     1.710000000000e+02 8.231250000000e+01 5.119141804232e-09 1.732159244048e+00
     4.392117261887e-06 5.593513604254e-03 7.560476660728e-06 5.153717622757e+03
     3.816000000000e+05-9.313225746155e-09 5.909229848742e-01 1.285225152969e-07
     9.441479344540e-01 2.263750000000e+02-2.834769108723e+00-8.465709773650e-09
     3.414427938915e-10 1.000000000000e+00 2.361000000000e+03 0.000000000000e+00
     2.000000000000e+00 0.000000000000e+00-7.916241884232e-09 6.830000000000e+02
     3.744180000000e+05 4.000000000000e+00                                      
G14 2025 04 10 12 00 00 6.283675320446e-04 5.911715561524e-12 0.000000000000e+00
     1.720000000000e+02 8.612500000000e+01 5.065568144103e-09 2.782395378987e+00
     4.462897777557e-06 5.593664594926e-03 7.512047886848e-06 5.153716812134e+03
     3.888000000000e+05-7.078051567078e-08 5.908619724128e-01-5.587935447693e-08
     9.441513840149e-01 2.272812500000e+02-2.834846198654e+00-8.306774581933e-09
     4.343038047824e-10 1.000000000000e+00 2.361000000000e+03 0.000000000000e+00
     2.000000000000e+00 0.000000000000e+00-7.916241884232e-09 6.840000000000e+02
     3.816180000000e+05 4.000000000000e+00                                      
G14 2025 04 10 13 29 36 6.283996626735e-04 5.911715561524e-12 0.000000000000e+00
     1.730000000000e+02 8.521875000000e+01 5.045924468722e-09-2.716683812580e+00
     4.367902874947e-06 5.593685549684e-03 7.541850209236e-06 5.153716770172e+03
     3.941760000000e+05-4.097819328308e-08 5.908173519485e-01-7.078051567078e-08
     9.441537612568e-01 2.278437500000e+02-2.834834138358e+00-8.301060058185e-09
     4.403754862638e-10 1.000000000000e+00 2.361000000000e+03 0.000000000000e+00
     2.000000000000e+00 0.000000000000e+00-7.916241884232e-09 6.850000000000e+02
     3.870180000000e+05 4.000000000000e+00                                      
G14 2025 04 10 14 00 00 6.284108385444e-04 5.911715561524e-12 0.000000000000e+00
     1.740000000000e+02 8.284375000000e+01 5.056996358482e-09-2.450671005176e+00
     4.211440682411e-06 5.593935726210e-03 7.519498467445e-06 5.153716241837e+03
     3.960000000000e+05-1.117587089539e-08 5.908020951758e-01-9.126961231232e-08
     9.441545336775e-01 2.281562500000e+02-2.834806713033e+00-8.317846471693e-09
     4.560904265684e-10 1.000000000000e+00 2.361000000000e+03 0.000000000000e+00
     2.000000000000e+00 0.000000000000e+00-7.916241884232e-09 6.860000000000e+02
     3.888180000000e+05 4.000000000000e+00                                      
G14 2025 04 10 16 00 00 6.284532137215e-04 5.911715561524e-12 0.000000000000e+00
     1.750000000000e+02 7.981250000000e+01 5.018066165455e-09-1.400512736977e+00
     4.054978489876e-06 5.594152957201e-03 7.305294275284e-06 5.153716091156e+03
     4.032000000000e+05 4.284083843231e-08 5.907418170993e-01-2.607703208923e-08
     9.441580578472e-01 2.283750000000e+02-2.834805832356e+00-8.333918569731e-09
     5.150214527108e-10 1.000000000000e+00 2.361000000000e+03 0.000000000000e+00
     2.000000000000e+00 0.000000000000e+00-7.916241884232e-09 6.870000000000e+02
     3.960180000000e+05 4.000000000000e+00                                      
G14 2025 04 10 18 00 00 6.284960545599e-04 5.911715561524e-12 0.000000000000e+00
     1.760000000000e+02 7.881250000000e+01 5.003422698353e-09-3.503358458313e-01
     4.189088940620e-06 5.594001966529e-03 7.489696145058e-06 5.153716058731e+03
     4.104000000000e+05 5.401670932770e-08 5.906818316064e-01 4.097819328308e-08
     9.441614401138e-01 2.258125000000e+02-2.834824567948e+00-8.389992334000e-09
     4.853773607725e-10 1.000000000000e+00 2.361000000000e+03 0.000000000000e+00
     2.000000000000e+00 0.000000000000e+00-7.916241884232e-09 6.880000000000e+02
     4.032180000000e+05 4.000000000000e+00                                      
G14 2025 04 10 20 00 00 6.285388953984e-04 5.911715561524e-12 0.000000000000e+00
     1.770000000000e+02 8.353125000000e+01 4.963778189857e-09 6.997578594036e-01
     4.369765520096e-06 5.594337941147e-03 7.633119821548e-06 5.153716815948e+03
     4.176000000000e+05 9.313225746155e-09 5.906215330490e-01 7.264316082001e-08
     9.441649408767e-01 2.236875000000e+02-2.834759791398e+00-8.373920235961e-09
     4.657336853917e-10 1.000000000000e+00 2.361000000000e+03 0.000000000000e+00
     2.000000000000e+00 0.000000000000e+00-7.916241884232e-09 6.890000000000e+02
     4.104180000000e+05 4.000000000000e+00                                      
G14 2025 04 10 22 00 00 6.285812705755e-04 5.911715561524e-12 0.000000000000e+00
     1.780000000000e+02 8.884375000000e+01 4.889489381144e-09 1.749743335033e+00
     4.621222615242e-06 5.595019902103e-03 7.892027497292e-06 5.153718957901e+03
     4.248000000000e+05-3.539025783539e-08 5.905613091004e-01 6.891787052155e-08
     9.441682353682e-01 2.159687500000e+02-2.834588881605e+00-8.361419715265e-09
     4.618049503155e-10 1.000000000000e+00 2.361000000000e+03 0.000000000000e+00
     2.000000000000e+00 0.000000000000e+00-7.916241884232e-09 6.900000000000e+02
     4.176180000000e+05                                                         
G15 2025 04 10 00 00 00 2.836161293089e-04 4.206412995700e-12 0.000000000000e+00
     5.500000000000e+01-2.828125000000e+01 5.622019893981e-09-9.287669249504e-01
    -1.229345798492e-06 1.619357138406e-02 3.265216946602e-06 5.153780769348e+03
     3.456000000000e+05-2.160668373108e-07-1.684526046220e+00 2.682209014893e-07
     9.382698871869e-01 3.042187500000e+02 1.403801796677e+00-9.019661419388e-09
    -2.239378993409e-10 1.000000000000e+00 2.361000000000e+03 0.000000000000e+00
     2.000000000000e+00 0.000000000000e+00-1.024454832077e-08 5.500000000000e+01
     3.384180000000e+05 4.000000000000e+00                                      
G15 2025 04 10 02 00 00 2.836468629539e-04 4.206412995700e-12 0.000000000000e+00
     5.600000000000e+01-2.743750000000e+01 5.672736292236e-09 1.213538764532e-01
    -1.164153218269e-06 1.619388279505e-02 3.507360816002e-06 5.153781276703e+03
     3.528000000000e+05-2.179294824600e-07-1.684591697595e+00 6.705522537231e-08
     9.382682633479e-01 3.011250000000e+02 1.403804833695e+00-9.097878963177e-09
    -2.139374827835e-10 1.000000000000e+00 2.361000000000e+03 0.000000000000e+00
     2.000000000000e+00 0.000000000000e+00-1.024454832077e-08 5.600000000000e+01
     3.456180000000e+05 4.000000000000e+00                                      
G15 2025 04 10 04 00 00 2.836771309376e-04 4.206412995700e-12 0.000000000000e+00
     5.800000000000e+01-2.950000000000e+01 5.709523538859e-09 1.171463251004e+00
    -1.730397343636e-06 1.619422459044e-02 3.864988684654e-06 5.153782070160e+03
     3.600000000000e+05-3.725290298462e-07-1.684657640090e+00-1.657754182816e-07
     9.382671837143e-01 2.991875000000e+02 1.403819293177e+00-8.958230289106e-09
    -1.250052069686e-10 1.000000000000e+00 2.361000000000e+03 0.000000000000e+00
     2.000000000000e+00 0.000000000000e+00-1.024454832077e-08 5.800000000000e+01
     3.528180000000e+05 4.000000000000e+00                                      
G15 2025 04 10 06 00 00 2.837078645825e-04 4.206412995700e-12 0.000000000000e+00
     5.900000000000e+01-2.812500000000e+01 5.448798392895e-09 2.221499656663e+00
    -1.715496182442e-06 1.619393366855e-02 2.946704626083e-06 5.153784717560e+03
     3.672000000000e+05 1.601874828339e-07-1.684720238355e+00-2.328306436539e-07
     9.382688148680e-01 3.092500000000e+02 1.403904528636e+00-8.420350741407e-09
    -1.028614274485e-10 1.000000000000e+00 2.361000000000e+03 0.000000000000e+00
     2.000000000000e+00 0.000000000000e+00-1.024454832077e-08 5.900000000000e+01
     3.600180000000e+05 4.000000000000e+00                                      
G15 2025 04 10 08 00 00 2.837381325662e-04 4.206412995700e-12 0.000000000000e+00
     6.000000000000e+01-2.471875000000e+01 5.457727336250e-09-3.011584740410e+00
    -1.519918441772e-06 1.619369373657e-02 2.788379788399e-06 5.153785343170e+03
     3.744000000000e+05 3.222376108170e-07-1.684781509752e+00-8.195638656616e-08
     9.382681989795e-01 3.106875000000e+02 1.403923330059e+00-8.458923776700e-09
     1.785788670980e-11 1.000000000000e+00 2.361000000000e+03 0.000000000000e+00
     2.000000000000e+00 0.000000000000e+00-1.024454832077e-08 6.000000000000e+01
     3.672180000000e+05 4.000000000000e+00                                      
G15 2025 04 10 10 00 00 2.837684005499e-04 4.206412995700e-12 0.000000000000e+00
     6.100000000000e+01-1.821875000000e+01 5.352722962397e-09-1.961506865411e+00
    -6.780028343201e-07 1.619453518651e-02 2.287328243256e-06 5.153783319473e+03
     3.816000000000e+05 2.961605787277e-07-1.684842618766e+00 1.098960638046e-07
     9.382687607400e-01 3.145937500000e+02 1.403965209015e+00-8.474638717005e-09
     8.393206753608e-11 1.000000000000e+00 2.361000000000e+03 0.000000000000e+00
     2.000000000000e+00 0.000000000000e+00-1.024454832077e-08 6.100000000000e+01
     3.744180000000e+05 4.000000000000e+00                                      
G15 2025 04 10 12 00 00 2.837991341949e-04 4.206412995700e-12 0.000000000000e+00
     9.300000000000e+01-1.606250000000e+01 5.539873615115e-09-9.114693040465e-01
    -4.731118679047e-07 1.619443274103e-02 3.375113010406e-06 5.153780733109e+03
     3.888000000000e+05-1.806765794754e-07-1.684905238975e+00 2.626329660416e-07
     9.382669496474e-01 3.052187500000e+02 1.404048925965e+00-8.982159857297e-09
     4.928776731906e-11 1.000000000000e+00 2.361000000000e+03 0.000000000000e+00
     2.000000000000e+00 0.000000000000e+00-1.024454832077e-08 9.300000000000e+01
     3.816180000000e+05 4.000000000000e+00                                      
G15 2025 04 10 13 59 44 2.838280051947e-04 4.206412995700e-12 0.000000000000e+00
     1.500000000000e+01-1.518750000000e+01 5.468442068276e-09 1.363198546348e-01
    -7.264316082001e-07 1.619469805155e-02 3.457069396973e-06 5.153781208038e+03
     3.959840000000e+05-3.110617399216e-07-1.684969648332e+00 4.656612873077e-08
     9.382671939547e-01 3.031875000000e+02 1.404048618752e+00-8.991803116121e-09
    -4.178745490094e-11 1.000000000000e+00 2.361000000000e+03 0.000000000000e+00
     2.000000000000e+00 0.000000000000e+00-1.024454832077e-08 1.500000000000e+01
     3.953160000000e+05 4.000000000000e+00                                      
G15 2025 04 10 14 00 00 2.838294021785e-04 4.206412995700e-12 0.000000000000e+00
     9.600000000000e+01-1.518750000000e+01 5.468799226010e-09 1.386532221375e-01
    -7.264316082001e-07 1.619469979778e-02 3.455206751823e-06 5.153781213760e+03
     3.960000000000e+05-3.110617399216e-07-1.684969803401e+00 4.656612873077e-08
     9.382671851772e-01 3.031875000000e+02 1.404048792839e+00-8.991803116121e-09
    -4.143029716675e-11 1.000000000000e+00 2.361000000000e+03 0.000000000000e+00
     2.000000000000e+00 0.000000000000e+00-1.024454832077e-08 9.600000000000e+01
     3.888180000000e+05 4.000000000000e+00                                      
G15 2025 04 10 15 59 44 2.838582731783e-04 4.206412995700e-12 0.000000000000e+00
     1.600000000000e+01-1.662500000000e+01 5.513801100519e-09 1.186432209149e+00
    -1.111999154091e-06 1.619487407152e-02 3.637745976448e-06 5.153781663895e+03
     4.031840000000e+05-2.849847078323e-07-1.685034356125e+00-2.048909664154e-07
     9.382666161021e-01 3.024687500000e+02 1.404058399822e+00-8.936800825054e-09
    -8.500354073867e-11 1.000000000000e+00 2.361000000000e+03 0.000000000000e+00
     2.000000000000e+00 0.000000000000e+00-1.024454832077e-08 1.600000000000e+01
     3.960180000000e+05 4.000000000000e+00                                      
G15 2025 04 10 18 00 00 2.838890068233e-04 4.206412995700e-12 0.000000000000e+00
     1.700000000000e+01-1.571875000000e+01 5.257004689632e-09 2.238810465774e+00
    -1.044943928719e-06 1.619463681709e-02 2.797693014145e-06 5.153784015656e+03
     4.104000000000e+05 2.421438694000e-07-1.685096906113e+00-1.788139343262e-07
     9.382684184172e-01 3.113750000000e+02 1.404134174590e+00-8.406421589773e-09
    -8.607501394126e-11 1.000000000000e+00 2.361000000000e+03 0.000000000000e+00
     2.000000000000e+00 0.000000000000e+00-1.024454832077e-08 1.700000000000e+01
     4.032180000000e+05 4.000000000000e+00                                      
G15 2025 04 10 20 00 00 2.839192748070e-04 4.206412995700e-12 0.000000000000e+00
     1.900000000000e+01-1.315625000000e+01 5.292363305318e-09-2.994269059782e+00
    -6.519258022308e-07 1.619441714138e-02 2.827495336533e-06 5.153784543991e+03
     4.176000000000e+05 2.458691596985e-07-1.685157179801e+00-3.352761268616e-08
     9.382678010657e-01 3.120000000000e+02 1.404146983901e+00-8.371777289556e-09
    -6.857428496565e-11 1.000000000000e+00 2.361000000000e+03 0.000000000000e+00
     2.000000000000e+00 0.000000000000e+00-1.024454832077e-08 1.900000000000e+01
     4.104180000000e+05 4.000000000000e+00                                      
G15 2025 04 10 22 00 00 2.839495427907e-04 4.206412995700e-12 0.000000000000e+00
     2.000000000000e+01-6.031250000000e+00 5.319864450851e-09-1.944194719194e+00
    -1.117587089539e-07 1.619520934764e-02 2.579763531685e-06 5.153782546997e+03
     4.248000000000e+05 3.278255462646e-07-1.685217289642e+00 1.303851604462e-07
     9.382672129727e-01 3.151562500000e+02 1.404191727250e+00-8.444280309598e-09
    -9.393248409357e-11 1.000000000000e+00 2.361000000000e+03 0.000000000000e+00
     2.000000000000e+00 0.000000000000e+00-1.024454832077e-08 2.000000000000e+01
     4.176180000000e+05                                                         
G16 2025 04 10 00 00 00-1.079589128494e-05 8.867573342286e-12 0.000000000000e+00
     9.900000000000e+01 6.637500000000e+01 4.653408118841e-09 1.138094159836e+00
     3.531575202942e-06 1.448544382583e-02 6.953254342079e-06 5.153720821381e+03
     3.456000000000e+05-1.899898052216e-07 6.581212198362e-01 8.381903171539e-08
     9.600598925195e-01 2.483437500000e+02 8.828646825149e-01-8.394635384545e-09
     2.760829285336e-10 1.000000000000e+00 2.361000000000e+03 0.000000000000e+00
     2.000000000000e+00 0.000000000000e+00-1.024454832077e-08 9.900000000000e+01
     3.384180000000e+05 4.000000000000e+00                                      
G16 2025 04 10 02 00 00-1.073209568858e-05 8.867573342286e-12 0.000000000000e+00
     1.040000000000e+02 7.190625000000e+01 4.584476676141e-09 2.188308647976e+00
     3.503635525703e-06 1.448561099824e-02 6.997957825661e-06 5.153719133377e+03
     3.528000000000e+05-1.359730958939e-07 6.580606696569e-01-2.868473529816e-07
     9.600636112573e-01 2.448437500000e+02 8.828041455019e-01-8.082836682592e-09
     4.153744448700e-10 1.000000000000e+00 2.361000000000e+03 0.000000000000e+00
     2.000000000000e+00 0.000000000000e+00-1.024454832077e-08 1.040000000000e+02
     3.456180000000e+05 4.000000000000e+00                                      
G16 2025 04 10 03 59 44-1.067016273737e-05 8.867573342286e-12 0.000000000000e+00
     8.000000000000e+00 7.709375000000e+01 4.532331646948e-09-3.047070855440e+00
     3.892928361893e-06 1.448491413612e-02 6.789341568947e-06 5.153720447540e+03
     3.599840000000e+05 4.842877388000e-08 6.580034666341e-01-1.993030309677e-07
     9.600670637440e-01 2.467187500000e+02 8.828176087370e-01-7.957474317889e-09
     4.071598169835e-10 1.000000000000e+00 2.361000000000e+03 0.000000000000e+00
     2.000000000000e+00 0.000000000000e+00-1.024454832077e-08 8.000000000000e+00
     3.546960000000e+05 4.000000000000e+00                                      
G16 2025 04 10 04 00 00-1.066876575351e-05 8.867573342286e-12 0.000000000000e+00
     1.090000000000e+02 7.709375000000e+01 4.531974489214e-09-3.044737179262e+00
     3.892928361893e-06 1.448491401970e-02 6.789341568947e-06 5.153720451355e+03
     3.600000000000e+05 4.842877388000e-08 6.580033378973e-01-1.993030309677e-07
     9.600670710586e-01 2.467187500000e+02 8.828175853303e-01-7.957474317889e-09
     4.075169747177e-10 1.000000000000e+00 2.361000000000e+03 0.000000000000e+00
     2.800000000000e+00 0.000000000000e+00-1.024454832077e-08 1.090000000000e+02
     3.528180000000e+05 4.000000000000e+00                                      
G16 2025 04 10 05 59 44-1.060683280230e-05 8.867573342286e-12 0.000000000000e+00
     2.900000000000e+01 7.821875000000e+01 4.577333521457e-09-1.996951835871e+00
     3.997236490250e-06 1.448538631666e-02 6.547197699547e-06 5.153719215393e+03
     3.671840000000e+05 1.620501279831e-07 6.579457589046e-01-1.527369022369e-07
     9.600702616829e-01 2.519062500000e+02 8.828515908610e-01-7.989975671701e-09
     4.582333729736e-10 1.000000000000e+00 2.361000000000e+03 0.000000000000e+00
     2.000000000000e+00 0.000000000000e+00-1.024454832077e-08 2.900000000000e+01
     3.600180000000e+05 4.000000000000e+00                                      
G16 2025 04 10 08 00 00-1.054303720593e-05 8.867573342286e-12 0.000000000000e+00
     3.000000000000e+01 7.550000000000e+01 4.727696927554e-09-9.444334375464e-01
     4.068017005920e-06 1.448549900670e-02 6.472691893578e-06 5.153720067978e+03
     3.744000000000e+05 2.011656761169e-07 6.578883335184e-01 2.905726432800e-07
     9.600714524982e-01 2.543125000000e+02 8.828198031141e-01-8.367134239012e-09
     2.696540893180e-10 1.000000000000e+00 2.361000000000e+03 0.000000000000e+00
     2.000000000000e+00 0.000000000000e+00-1.024454832077e-08 3.000000000000e+01
     3.672180000000e+05 4.000000000000e+00                                      
G16 2025 04 10 10 00 00-1.047924160957e-05 8.867573342286e-12 0.000000000000e+00
     3.500000000000e+01 7.215625000000e+01 4.856988027333e-09 1.057021159231e-01
     4.019588232040e-06 1.448491797782e-02 6.573274731636e-06 5.153718820572e+03
     3.816000000000e+05-2.607703208923e-08 6.578271630618e-01 2.197921276093e-07
     9.600728686029e-01 2.513125000000e+02 8.828393930501e-01-8.506425755348e-09
     2.714398779890e-10 1.000000000000e+00 2.361000000000e+03 0.000000000000e+00
     2.000000000000e+00 0.000000000000e+00-1.024454832077e-08 3.500000000000e+01
     3.744180000000e+05                                                         
G16 2025 04 10 12 00 00-1.041544601321e-05 8.867573342286e-12 0.000000000000e+00
     3.700000000000e+01 7.243750000000e+01 4.849844872649e-09 1.155788680655e+00
     4.008412361145e-06 1.448616280686e-02 7.424503564835e-06 5.153721870422e+03
     3.888000000000e+05-1.918524503708e-07 6.577662193575e-01 1.918524503708e-07
     9.600745729025e-01 2.401250000000e+02 8.829075840505e-01-8.458209461232e-09
     2.457245211269e-10 1.000000000000e+00 2.361000000000e+03 0.000000000000e+00
     2.000000000000e+00 0.000000000000e+00-1.024454832077e-08 3.700000000000e+01
     3.816180000000e+05 4.000000000000e+00                                      
G16 2025 04 10 14 00 00-1.035211607814e-05 8.867573342286e-12 0.000000000000e+00
     3.900000000000e+01 7.712500000000e+01 4.756983861758e-09 2.205999725086e+00
     3.796070814133e-06 1.448641030584e-02 7.452443242073e-06 5.153720273972e+03
     3.960000000000e+05-1.844018697739e-07 6.577052259141e-01-3.036111593246e-07
     9.600787700144e-01 2.356250000000e+02 8.828512777965e-01-8.040334912222e-09
     4.485901141503e-10 1.000000000000e+00 2.361000000000e+03 0.000000000000e+00
     2.000000000000e+00 0.000000000000e+00-1.024454832077e-08 3.900000000000e+01
     3.888180000000e+05 4.000000000000e+00                                      
G16 2025 04 10 16 00 00-1.028832048178e-05 8.867573342286e-12 0.000000000000e+00
     4.300000000000e+01 8.525000000000e+01 4.693052627337e-09-3.027050847858e+00
     4.142522811890e-06 1.448533288203e-02 7.286667823792e-06 5.153722293854e+03
     4.032000000000e+05 3.539025783539e-08 6.576476279034e-01-3.185123205185e-07
     9.600822576111e-01 2.380625000000e+02 8.828700426467e-01-7.998904615055e-09
     4.878774649119e-10 1.000000000000e+00 2.361000000000e+03 0.000000000000e+00
     2.000000000000e+00 0.000000000000e+00-1.024454832077e-08 4.300000000000e+01
     3.960180000000e+05 4.000000000000e+00                                      
G16 2025 04 10 18 00 00-1.022499054670e-05 8.867573342286e-12 0.000000000000e+00
     4.700000000000e+01 8.743750000000e+01 4.659479800322e-09-1.976935078893e+00
     4.272907972336e-06 1.448575127870e-02 6.712973117828e-06 5.153721082687e+03
     4.104000000000e+05 1.899898052216e-07 6.575888522438e-01-1.136213541031e-07
     9.600864942219e-01 2.430937500000e+02 8.829073792420e-01-8.042835016362e-09
     6.696707516177e-10 1.000000000000e+00 2.361000000000e+03 0.000000000000e+00
     2.000000000000e+00 0.000000000000e+00-1.024454832077e-08 4.700000000000e+01
     4.032180000000e+05 4.000000000000e+00                                      
G16 2025 04 10 20 00 00-1.016119495034e-05 8.867573342286e-12 0.000000000000e+00
     5.400000000000e+01 8.346875000000e+01 4.646622121891e-09-9.267361196278e-01
     4.712492227554e-06 1.448593987152e-02 6.780028343201e-06 5.153722375870e+03
     4.176000000000e+05 1.974403858185e-07 6.575310933122e-01 2.551823854446e-07
     9.600895970711e-01 2.466250000000e+02 8.828603508145e-01-8.353205087378e-09
     5.218074496605e-10 1.000000000000e+00 2.361000000000e+03 0.000000000000e+00
     2.000000000000e+00 0.000000000000e+00-1.024454832077e-08 5.400000000000e+01
     4.104180000000e+05 4.000000000000e+00                                      
G16 2025 04 10 22 00 00-1.009786501527e-05 8.867573342286e-12 0.000000000000e+00
     6.100000000000e+01 7.984375000000e+01 4.609477717535e-09 1.234027780725e-01
     4.310160875320e-06 1.448540936690e-02 7.105991244316e-06 5.153721302032e+03
     4.248000000000e+05-4.097819328308e-08 6.574706718697e-01 2.905726432800e-07
     9.600930729645e-01 2.446562500000e+02 8.828737072565e-01-8.393921069076e-09
     4.746626287466e-10 1.000000000000e+00 2.361000000000e+03 0.000000000000e+00
     2.000000000000e+00 0.000000000000e+00-1.024454832077e-08 6.100000000000e+01
     4.176180000000e+05 4.000000000000e+00                                      
G17 2025 04 10 00 00 00 3.362195566297e-04-1.864464138635e-11 0.000000000000e+00
     1.900000000000e+01-3.853125000000e+01 4.840558771560e-09 1.346903496851e-01
    -2.199783921242e-06 1.306701113936e-02 4.800036549568e-06 5.153656404495e+03
     3.456000000000e+05-1.210719347000e-07 1.678366393074e+00-1.080334186554e-07
     9.637321489809e-01 2.863750000000e+02-1.221131474673e+00-8.582857510466e-09
    -2.346526313668e-10 1.000000000000e+00 2.361000000000e+03 0.000000000000e+00
     2.000000000000e+00 0.000000000000e+00-1.117587089539e-08 1.900000000000e+01
     3.384180000000e+05 4.000000000000e+00                                      
G17 2025 04 10 02 00 00 3.360854461789e-04-1.864464138635e-11 0.000000000000e+00
     5.100000000000e+01-4.156250000000e+01 4.675551898361e-09 1.184835439918e+00
    -2.264976501465e-06 1.306746597402e-02 4.526227712631e-06 5.153657848358e+03
     3.528000000000e+05 4.097819328308e-08 1.678304576008e+00-3.296881914139e-07
     9.637315140745e-01 2.915312500000e+02-1.221083119379e+00-8.363205503935e-09
    -1.725071856167e-10 1.000000000000e+00 2.361000000000e+03 0.000000000000e+00
     2.000000000000e+00 0.000000000000e+00-1.117587089539e-08 5.100000000000e+01
     3.456180000000e+05 4.000000000000e+00                                      
G17 2025 04 10 04 00 00 3.359518013895e-04-1.853095454862e-11 0.000000000000e+00
     5.200000000000e+01-4.068750000000e+01 4.524117019062e-09 2.234986852882e+00
    -2.037733793259e-06 1.306765992194e-02 4.207715392113e-06 5.153658748627e+03
     3.600000000000e+05 1.452863216400e-07 1.678246647378e+00 2.421438694000e-08
     9.637311278641e-01 2.966250000000e+02-1.221044665114e+00-8.042477858627e-09
    -2.932264997750e-10 1.000000000000e+00 2.361000000000e+03 0.000000000000e+00
     2.000000000000e+00 0.000000000000e+00-1.117587089539e-08 5.200000000000e+01
     3.528180000000e+05 4.000000000000e+00                                      
G17 2025 04 10 06 00 00 3.358181566000e-04-1.853095454862e-11 0.000000000000e+00
     9.000000000000e+01-4.256250000000e+01 4.609834875269e-09-2.997967401536e+00
    -2.086162567139e-06 1.306871091947e-02 3.997236490250e-06 5.153656585693e+03
     3.672000000000e+05 1.210719347000e-07 1.678188794819e+00 3.352761268616e-08
     9.637289905408e-01 3.050937500000e+02-1.221084525243e+00-8.035691861678e-09
    -2.946551307118e-10 1.000000000000e+00 2.361000000000e+03 0.000000000000e+00
     2.000000000000e+00 0.000000000000e+00-1.117587089539e-08 9.000000000000e+01
     3.600180000000e+05 4.000000000000e+00                                      
G17 2025 04 10 08 00 00 3.356840461493e-04-1.853095454862e-11 0.000000000000e+00
     9.100000000000e+01-4.096875000000e+01 4.750912180276e-09-1.947791622208e+00
    -1.948326826096e-06 1.306890009437e-02 4.135072231293e-06 5.153656063080e+03
     3.744000000000e+05 3.911554813385e-08 1.678131034425e+00 3.408640623093e-07
     9.637254853891e-01 3.034687500000e+02-1.221068264909e+00-8.296059849907e-09
    -3.957307694893e-10 1.000000000000e+00 2.361000000000e+03 0.000000000000e+00
     2.000000000000e+00 0.000000000000e+00-1.117587089539e-08 9.100000000000e+01
     3.672180000000e+05 4.000000000000e+00                                      
G17 2025 04 10 10 00 00 3.355504013598e-04-1.853095454862e-11 0.000000000000e+00
     9.200000000000e+01-4.062500000000e+01 4.894846747157e-09-8.976125498513e-01
    -2.089887857437e-06 1.306902314536e-02 4.371628165245e-06 5.153655725479e+03
     3.816000000000e+05-1.490116119385e-07 1.678069068141e+00 2.421438694000e-08
     9.637216686358e-01 3.008125000000e+02-1.221052566335e+00-8.622144861228e-09
    -2.917978688382e-10 1.000000000000e+00 2.361000000000e+03 0.000000000000e+00
     2.000000000000e+00 0.000000000000e+00-1.117587089539e-08 9.200000000000e+01
     3.744180000000e+05 4.000000000000e+00                                      
G17 2025 04 10 12 00 00 3.354167565703e-04-1.853095454862e-11 0.000000000000e+00
     9.400000000000e+01-3.859375000000e+01 4.892703800752e-09 1.525954005081e-01
    -2.061948180199e-06 1.306911278516e-02 4.414469003677e-06 5.153656011581e+03
     3.888000000000e+05-1.210719347000e-07 1.678007466123e+00-1.080334186554e-07
     9.637192548210e-01 2.999062500000e+02-1.221066529888e+00-8.630359489114e-09
    -3.925163498815e-10 1.000000000000e+00 2.361000000000e+03 0.000000000000e+00
     2.000000000000e+00 0.000000000000e+00-1.117587089539e-08 9.400000000000e+01
     3.816180000000e+05 4.000000000000e+00                                      
G17 2025 04 10 14 00 00 3.352826461196e-04-1.853095454862e-11 0.000000000000e+00
     9.500000000000e+01-4.150000000000e+01 4.839130140623e-09 1.202740436613e+00
    -2.520158886909e-06 1.306955399923e-02 3.922730684280e-06 5.153657453537e+03
     3.960000000000e+05 5.587935447693e-08 1.677945335993e+00-3.166496753693e-07
     9.637174876159e-01 3.052187500000e+02-1.221017096423e+00-8.408921693913e-09
    -3.350139546759e-10 1.000000000000e+00 2.361000000000e+03 0.000000000000e+00
     2.000000000000e+00 0.000000000000e+00-1.117587089539e-08 9.500000000000e+01
     3.888180000000e+05                                                         
G17 2025 04 10 16 00 00 3.351490013301e-04-1.853095454862e-11 0.000000000000e+00
     9.600000000000e+01-3.828125000000e+01 4.834129932344e-09 2.252870795260e+00
    -1.884996891022e-06 1.306963386014e-02 3.365799784660e-06 5.153658941269e+03
     4.032000000000e+05 1.769512891769e-07 1.677886267749e+00-8.568167686462e-08
     9.637156297100e-01 3.108125000000e+02-1.220955482702e+00-8.205341785421e-09
    -3.978737158944e-10 1.000000000000e+00 2.361000000000e+03 0.000000000000e+00
     2.000000000000e+00 0.000000000000e+00-1.117587089539e-08 9.600000000000e+01
     3.960180000000e+05 4.000000000000e+00                                      
G17 2025 04 10 18 00 00 3.350153565407e-04-1.853095454862e-11 0.000000000000e+00
     9.800000000000e+01-3.931250000000e+01 4.899489797702e-09-2.980097924492e+00
    -1.849606633186e-06 1.307027763687e-02 3.296881914139e-06 5.153657627106e+03
     4.104000000000e+05 1.452863216400e-07 1.677826021857e+00 1.937150955200e-07
     9.637135172562e-01 3.160312500000e+02-1.220978406629e+00-8.197841473003e-09
    -1.785788670980e-10 1.000000000000e+00 2.361000000000e+03 0.000000000000e+00
     2.000000000000e+00 0.000000000000e+00-1.117587089539e-08 9.800000000000e+01
     4.032180000000e+05 4.000000000000e+00                                      
G17 2025 04 10 19 59 44 3.348817117512e-04-1.853095454862e-11 0.000000000000e+00
     3.000000000000e+00-3.746875000000e+01 4.935205571121e-09-1.932259510822e+00
    -1.592561602592e-06 1.307051861659e-02 3.535300493240e-06 5.153656940460e+03
     4.175840000000e+05-2.980232238770e-08 1.677767180366e+00 3.390014171600e-07
     9.637117164041e-01 3.139062500000e+02-1.220957135800e+00-8.328561203718e-09
    -1.935794919343e-10 1.000000000000e+00 2.361000000000e+03 0.000000000000e+00
     2.000000000000e+00 0.000000000000e+00-1.117587089539e-08 3.000000000000e+00
     4.125360000000e+05 4.000000000000e+00                                      
G17 2025 04 10 20 00 00 3.348817117512e-04-1.853095454862e-11 0.000000000000e+00
     1.010000000000e+02-3.746875000000e+01 4.935205571121e-09-1.929925932659e+00
    -1.592561602592e-06 1.307051826734e-02 3.535300493240e-06 5.153656944275e+03
     4.176000000000e+05-2.980232238770e-08 1.677767026760e+00 3.390014171600e-07
     9.637117090895e-01 3.139062500000e+02-1.220956935380e+00-8.328561203718e-09
    -1.939366496685e-10 1.000000000000e+00 2.361000000000e+03 0.000000000000e+00
     2.800000000000e+00 0.000000000000e+00-1.117587089539e-08 1.010000000000e+02
     4.104180000000e+05 4.000000000000e+00                                      
G17 2025 04 10 21 59 44 3.347480669618e-04-1.853095454862e-11 0.000000000000e+00
     4.000000000000e+00-3.784375000000e+01 5.006994275695e-09-8.820853480182e-01
    -2.073124051094e-06 1.307060383260e-02 3.924593329430e-06 5.153656459808e+03
     4.247840000000e+05-1.881271600723e-07 1.677704833723e+00-1.303851604462e-08
     9.637093552543e-01 3.113125000000e+02-1.220935901544e+00-8.670718313078e-09
    -7.250302004181e-11 1.000000000000e+00 2.361000000000e+03 0.000000000000e+00
     2.000000000000e+00 0.000000000000e+00-1.117587089539e-08 4.000000000000e+00
     4.176180000000e+05 4.000000000000e+00                                      
G18 2025 04 10 00 00 00-6.385515443981e-04 3.865352482535e-12 0.000000000000e+00
     2.200000000000e+02-2.228125000000e+01 4.054811756328e-09-1.886501378983e+00
    -1.331791281700e-06 4.937659949064e-03 1.169182360172e-05 5.153700332642e+03
     3.456000000000e+05 3.352761268616e-08 2.685851618855e+00-7.078051567078e-08
     9.740013306535e-01 1.620937500000e+02-2.951596776619e+00-7.734965049485e-09
    -4.750197864808e-11 1.000000000000e+00 2.361000000000e+03 0.000000000000e+00
     2.000000000000e+00 0.000000000000e+00-8.381903171539e-09 9.880000000000e+02
     3.384180000000e+05 4.000000000000e+00                                      
G18 2025 04 10 02 00 00-6.385236047208e-04 3.865352482535e-12 0.000000000000e+00
     2.210000000000e+02-2.406250000000e+01 3.977665685742e-09-8.361312568401e-01
    -1.266598701477e-06 4.937564837746e-03 1.190975308418e-05 5.153702215195e+03
     3.528000000000e+05 9.126961231232e-08 2.685796013339e+00-3.352761268616e-08
     9.740009181106e-01 1.538437500000e+02-2.951806990632e+00-7.762823352752e-09
    -6.821712723145e-11 1.000000000000e+00 2.361000000000e+03 0.000000000000e+00
     2.000000000000e+00 0.000000000000e+00-8.381903171539e-09 9.890000000000e+02
     3.456180000000e+05 4.000000000000e+00                                      
G18 2025 04 10 04 00 00-6.384951993823e-04 3.865352482535e-12 0.000000000000e+00
     2.220000000000e+02-2.081250000000e+01 3.939806965917e-09 2.140050207738e-01
    -1.048669219017e-06 4.938144120388e-03 1.184642314911e-05 5.153703201294e+03
     3.600000000000e+05 7.450580596924e-08 2.685740014298e+00 4.284083843231e-08
     9.740001764112e-01 1.584062500000e+02-2.951783785826e+00-7.802110703513e-09
    -8.750364487804e-11 1.000000000000e+00 2.361000000000e+03 0.000000000000e+00
     2.000000000000e+00 0.000000000000e+00-8.381903171539e-09 9.900000000000e+02
     3.528180000000e+05 4.000000000000e+00                                      
G18 2025 04 10 06 00 00-6.384672597051e-04 3.865352482535e-12 0.000000000000e+00
     2.230000000000e+02-2.443750000000e+01 3.915520239992e-09 1.264328905928e+00
    -1.261010766029e-06 4.937833640724e-03 1.148693263531e-05 5.153701723099e+03
     3.672000000000e+05-4.842877388000e-08 2.685684634071e+00 8.009374141693e-08
     9.739994917655e-01 1.656250000000e+02-2.951949418874e+00-7.727821894801e-09
    -1.721500278825e-10 1.000000000000e+00 2.361000000000e+03 0.000000000000e+00
     2.000000000000e+00 0.000000000000e+00-8.381903171539e-09 9.910000000000e+02
     3.600180000000e+05                                                         
G18 2025 04 10 08 00 00-6.384393200278e-04 3.865352482535e-12 0.000000000000e+00
     2.240000000000e+02-2.753125000000e+01 3.894090775940e-09 2.314526346684e+00
    -1.387670636177e-06 4.937508492731e-03 1.122429966927e-05 5.153701509476e+03
     3.744000000000e+05-8.568167686462e-08 2.685628949557e+00 2.607703208923e-08
     9.739982599885e-01 1.700625000000e+02-2.951986914927e+00-7.704249484344e-09
    -1.650068731986e-10 1.000000000000e+00 2.361000000000e+03 0.000000000000e+00
     2.000000000000e+00 0.000000000000e+00-8.381903171539e-09 9.920000000000e+02
     3.672180000000e+05 4.000000000000e+00                                      
G18 2025 04 10 10 00 00-6.384113803506e-04 3.865352482535e-12 0.000000000000e+00
     2.250000000000e+02-3.206250000000e+01 3.853374794242e-09-2.918552328916e+00
    -1.631677150726e-06 4.937794641592e-03 1.139752566814e-05 5.153701137543e+03
     3.816000000000e+05-2.793967723846e-08 2.685573654179e+00-1.303851604462e-08
     9.739973983297e-01 1.676562500000e+02-2.951934555626e+00-7.642104038594e-09
    -1.550064566411e-10 1.000000000000e+00 2.361000000000e+03 0.000000000000e+00
     2.000000000000e+00 0.000000000000e+00-8.381903171539e-09 9.930000000000e+02
     3.744180000000e+05 4.000000000000e+00                                      
G18 2025 04 10 12 00 00-6.383834406734e-04 3.865352482535e-12 0.000000000000e+00
     2.260000000000e+02-3.946875000000e+01 3.846231639558e-09-1.868462898328e+00
    -2.101063728333e-06 4.938655882142e-03 1.153536140919e-05 5.153699504852e+03
     3.888000000000e+05-8.568167686462e-08 2.685518857657e+00-3.911554813385e-08
     9.739962543278e-01 1.647812500000e+02-2.951863860110e+00-7.624246151884e-09
    -1.925080187317e-10 1.000000000000e+00 2.361000000000e+03 0.000000000000e+00
     2.000000000000e+00 0.000000000000e+00-8.381903171539e-09 9.940000000000e+02
     3.816180000000e+05 4.000000000000e+00                                      
G18 2025 04 10 14 00 00-6.383550353348e-04 3.865352482535e-12 0.000000000000e+00
     2.270000000000e+02-4.496875000000e+01 3.881590255243e-09-8.180168536625e-01
    -2.468004822731e-06 4.938788129948e-03 1.202896237373e-05 5.153702169418e+03
     3.960000000000e+05 1.341104507446e-07 2.685464625821e+00-8.940696716309e-08
     9.739940189890e-01 1.559687500000e+02-2.952151136259e+00-7.721393055585e-09
    -3.600149960697e-10 1.000000000000e+00 2.361000000000e+03 0.000000000000e+00
     2.000000000000e+00 0.000000000000e+00-8.381903171539e-09 9.950000000000e+02
     3.888180000000e+05 4.000000000000e+00                                      
G18 2025 04 10 15 44 32-6.383303552866e-04 3.865352482535e-12 0.000000000000e+00
     2.280000000000e+02-4.356250000000e+01 3.997309361123e-09 9.678084941370e-02
    -2.462416887283e-06 4.939096514136e-03 1.166947185993e-05 5.153702686310e+03
     4.022720000000e+05 3.539025783539e-08 2.685415960388e+00 2.048909664154e-08
     9.739911121708e-01 1.585937500000e+02-2.952143375478e+00-7.845326789351e-09
    -3.882304570711e-10 1.000000000000e+00 2.361000000000e+03 0.000000000000e+00
     2.000000000000e+00 0.000000000000e+00-8.381903171539e-09 9.960000000000e+02
     3.951180000000e+05 4.000000000000e+00                                      
G18 2025 04 10 16 00 00-6.383266299963e-04 3.865352482535e-12 0.000000000000e+00
     2.290000000000e+02-4.228125000000e+01 4.001238096199e-09 2.321267429306e-01
    -2.365559339523e-06 4.939340171404e-03 1.155398786068e-05 5.153703136444e+03
     4.032000000000e+05 3.352761268616e-08 2.685408675056e+00 1.862645149231e-08
     9.739907449783e-01 1.601562500000e+02-2.952135401112e+00-7.847112578022e-09
    -3.878732993369e-10 1.000000000000e+00 2.361000000000e+03 0.000000000000e+00
     2.000000000000e+00 0.000000000000e+00-8.381903171539e-09 9.970000000000e+02
     3.960180000000e+05 4.000000000000e+00                                      
G18 2025 04 10 18 00 00-6.382986903191e-04 3.865352482535e-12 0.000000000000e+00
     2.300000000000e+02-4.193750000000e+01 4.111242678331e-09 1.282386992611e+00
    -1.994892954826e-06 4.939443315379e-03 1.135095953941e-05 5.153702621460e+03
     4.104000000000e+05 7.264316082001e-08 2.685352000147e+00 4.097819328308e-08
     9.739879742115e-01 1.668750000000e+02-2.952236411217e+00-7.860684571922e-09
    -3.593006806013e-10 1.000000000000e+00 2.361000000000e+03 0.000000000000e+00
     2.000000000000e+00 0.000000000000e+00-8.381903171539e-09 9.980000000000e+02
     4.032180000000e+05 4.000000000000e+00                                      
G18 2025 04 10 20 00 00-6.382702849805e-04 3.865352482535e-12 0.000000000000e+00
     2.310000000000e+02-4.262500000000e+01 4.127671934104e-09 2.332678793046e+00
    -2.151355147362e-06 4.939199774526e-03 1.116655766964e-05 5.153701545715e+03
     4.176000000000e+05-1.303851604462e-07 2.685294814679e+00 6.332993507385e-08
     9.739861675077e-01 1.739687500000e+02-2.952366469023e+00-7.767823561031e-09
    -2.096515899731e-10 1.000000000000e+00 2.361000000000e+03 0.000000000000e+00
     2.000000000000e+00 0.000000000000e+00-8.381903171539e-09 9.990000000000e+02
     4.104180000000e+05 4.000000000000e+00                                      
G18 2025 04 10 22 00 00-6.382423453033e-04 3.865352482535e-12 0.000000000000e+00
     2.320000000000e+02-4.775000000000e+01 4.080527113190e-09-2.900414773597e+00
    -2.428889274597e-06 4.939265898429e-03 1.122988760471e-05 5.153701599121e+03
     4.248000000000e+05-7.636845111847e-08 2.685239102370e+00-3.166496753693e-08
     9.739850849483e-01 1.732812500000e+02-2.952297735279e+00-7.694606225520e-09
    -1.864363372504e-10 1.000000000000e+00 2.361000000000e+03 0.000000000000e+00
     2.000000000000e+00 0.000000000000e+00-8.381903171539e-09 1.000000000000e+03
     4.176180000000e+05 4.000000000000e+00                                      
G19 2025 04 10 00 00 00 6.171590648592e-04 3.865352482535e-12 0.000000000000e+00
     5.100000000000e+01-4.221875000000e+01 4.788413742367e-09 2.004706577356e+00
    -2.289190888405e-06 1.036370242946e-02 4.855915904045e-06 5.153621168137e+03
     3.456000000000e+05 1.061707735062e-07 1.722528257462e+00 1.583248376846e-07
     9.629549049941e-01 2.850000000000e+02 2.739506825330e+00-8.275344701323e-09
    -3.975165581602e-10 1.000000000000e+00 2.361000000000e+03 0.000000000000e+00
     2.000000000000e+00 0.000000000000e+00-1.536682248116e-08 5.100000000000e+01
     3.384180000000e+05 4.000000000000e+00                                      
G19 2025 04 10 02 00 00 6.171870045364e-04 3.865352482535e-12 0.000000000000e+00
     8.700000000000e+01-4.209375000000e+01 4.622335395966e-09 3.054914853946e+00
    -1.972541213036e-06 1.036372384988e-02 4.764646291733e-06 5.153621191025e+03
     3.528000000000e+05-1.639127731323e-07 1.722468034976e+00 1.210719347000e-07
     9.629531509554e-01 2.841250000000e+02 2.739513475755e+00-8.134267396316e-09
    -2.153661137202e-10 1.000000000000e+00 2.361000000000e+03 0.000000000000e+00
     2.800000000000e+00 0.000000000000e+00-1.536682248116e-08 8.700000000000e+01
     3.456180000000e+05 4.000000000000e+00                                      
G19 2025 04 10 03 59 44 6.172144785523e-04 3.865352482535e-12 0.000000000000e+00
     7.000000000000e+00-4.206250000000e+01 4.570904682241e-09-2.180388759132e+00
    -2.004206180573e-06 1.036367868073e-02 5.124136805534e-06 5.153621267319e+03
     3.599840000000e+05-2.402812242508e-07 1.722409297352e+00-1.303851604462e-08
     9.629513427886e-01 2.845625000000e+02 2.739511590054e+00-8.212127782371e-09
    -1.846505485794e-10 1.000000000000e+00 2.361000000000e+03 0.000000000000e+00
     2.000000000000e+00 0.000000000000e+00-1.536682248116e-08 7.000000000000e+00
     3.539460000000e+05 4.000000000000e+00                                      
G19 2025 04 10 04 00 00 6.172149442136e-04 3.865352482535e-12 0.000000000000e+00
     9.700000000000e+01-4.206250000000e+01 4.570904682241e-09-2.178054829869e+00
    -2.004206180573e-06 1.036368147470e-02 5.124136805534e-06 5.153621269226e+03
     3.600000000000e+05-2.402812242508e-07 1.722409170078e+00-1.303851604462e-08
     9.629513486403e-01 2.845625000000e+02 2.739511414504e+00-8.212127782371e-09
    -1.842933908452e-10 1.000000000000e+00 2.361000000000e+03 0.000000000000e+00
     2.800000000000e+00 0.000000000000e+00-1.536682248116e-08 9.700000000000e+01
     3.528180000000e+05 4.000000000000e+00                                      
G19 2025 04 10 05 59 44 6.172424182296e-04 3.865352482535e-12 0.000000000000e+00
     1.900000000000e+01-5.000000000000e+01 4.618763818624e-09-1.130324029916e+00
    -2.587214112282e-06 1.036366797052e-02 4.705041646957e-06 5.153618350983e+03
     3.671840000000e+05-1.639127731323e-07 1.722349483021e+00-1.732259988785e-07
     9.629500949195e-01 2.924375000000e+02 2.739661234870e+00-8.284273644678e-09
    -1.564350875779e-10 1.000000000000e+00 2.361000000000e+03 0.000000000000e+00
     2.000000000000e+00 0.000000000000e+00-1.536682248116e-08 1.900000000000e+01
     3.600180000000e+05 4.000000000000e+00                                      
G19 2025 04 10 08 00 00 6.172703579068e-04 3.865352482535e-12 0.000000000000e+00
     2.000000000000e+01-4.765625000000e+01 4.818057834305e-09-7.783260487469e-02
    -2.682209014893e-06 1.036326261237e-02 4.494562745094e-06 5.153617027283e+03
     3.744000000000e+05 2.291053533554e-07 1.722290638604e+00-1.266598701477e-07
     9.629473183010e-01 2.981875000000e+02 2.739719557025e+00-8.498925442930e-09
    -4.335894893140e-10 1.000000000000e+00 2.361000000000e+03 0.000000000000e+00
     2.000000000000e+00 0.000000000000e+00-1.536682248116e-08 2.000000000000e+01
     3.672180000000e+05 4.000000000000e+00                                      
G19 2025 04 10 10 00 00 6.172982975841e-04 3.865352482535e-12 0.000000000000e+00
     2.200000000000e+01-4.765625000000e+01 4.846987610775e-09 9.723492704329e-01
    -2.611428499222e-06 1.036411896348e-02 3.792345523834e-06 5.153618812561e+03
     3.816000000000e+05 2.607703208923e-07 1.722229696363e+00 6.519258022308e-08
     9.629443163931e-01 3.047187500000e+02 2.739754846998e+00-8.436422839446e-09
    -4.796628370253e-10 1.000000000000e+00 2.361000000000e+03 0.000000000000e+00
     2.000000000000e+00 0.000000000000e+00-1.536682248116e-08 2.200000000000e+01
     3.744180000000e+05 4.000000000000e+00                                      
G19 2025 04 10 12 00 00 6.173262372613e-04 3.865352482535e-12 0.000000000000e+00
     3.000000000000e+01-4.256250000000e+01 4.853059292256e-09 2.022473890053e+00
    -2.060085535049e-06 1.036415121052e-02 4.179775714874e-06 5.153620615005e+03
     3.888000000000e+05 1.192092895508e-07 1.722169826440e+00 1.769512891769e-07
     9.629406868933e-01 3.003750000000e+02 2.739846264749e+00-8.353562245112e-09
    -5.443083869148e-10 1.000000000000e+00 2.361000000000e+03 0.000000000000e+00
     2.000000000000e+00 0.000000000000e+00-1.536682248116e-08 3.000000000000e+01
     3.816180000000e+05 4.000000000000e+00                                      
G19 2025 04 10 14 00 00 6.173541769385e-04 3.865352482535e-12 0.000000000000e+00
     3.400000000000e+01-4.325000000000e+01 4.773770275265e-09 3.072673965524e+00
    -2.149492502213e-06 1.036405423656e-02 4.304572939873e-06 5.153620925903e+03
     3.960000000000e+05-1.732259988785e-07 1.722109001232e+00 1.229345798492e-07
     9.629379951241e-01 2.988437500000e+02 2.739862200315e+00-8.196055684332e-09
    -3.468001599044e-10 1.000000000000e+00 2.361000000000e+03 0.000000000000e+00
     2.000000000000e+00 0.000000000000e+00-1.536682248116e-08 3.400000000000e+01
     3.888180000000e+05 4.000000000000e+00                                      
G19 2025 04 10 16 00 00 6.173821166158e-04 3.865352482535e-12 0.000000000000e+00
     5.300000000000e+01-4.312500000000e+01 4.850202030383e-09-2.160296045984e+00
    -2.158805727959e-06 1.036406925414e-02 4.332512617111e-06 5.153620906830e+03
     4.032000000000e+05-2.961605787277e-07 1.722049439986e+00-6.705522537231e-08
     9.629350034566e-01 2.986875000000e+02 2.739862229574e+00-8.335704358402e-09
    -3.017982853957e-10 1.000000000000e+00 2.361000000000e+03 0.000000000000e+00
     2.000000000000e+00 0.000000000000e+00-1.536682248116e-08 5.300000000000e+01
     3.960180000000e+05                                                         
G19 2025 04 10 18 00 00 6.174100562930e-04 3.865352482535e-12 0.000000000000e+00
     5.400000000000e+01-4.771875000000e+01 4.940920094869e-09-1.110173816773e+00
    -2.484768629074e-06 1.036401710007e-02 4.000961780548e-06 5.153619071960e+03
     4.104000000000e+05-9.313225746155e-09 1.721987565865e+00-1.490116119385e-07
     9.629331689573e-01 3.040937500000e+02 2.739957023739e+00-8.489996499575e-09
    -1.135761594744e-10 1.000000000000e+00 2.361000000000e+03 0.000000000000e+00
     2.000000000000e+00 0.000000000000e+00-1.536682248116e-08 5.400000000000e+01
     4.032180000000e+05 4.000000000000e+00                                      
G19 2025 04 10 20 00 00 6.174379959702e-04 3.865352482535e-12 0.000000000000e+00
     5.500000000000e+01-4.450000000000e+01 5.025923635607e-09-6.000884694649e-02
    -2.384185791016e-06 1.036354829557e-02 3.762543201447e-06 5.153617733002e+03
     4.176000000000e+05 1.266598701477e-07 1.721926753824e+00-8.381903171539e-08
     9.629317996660e-01 3.087812500000e+02 2.740009975522e+00-8.578214459922e-09
    -2.053656971627e-10 1.000000000000e+00 2.361000000000e+03 0.000000000000e+00
     2.000000000000e+00 0.000000000000e+00-1.536682248116e-08 5.500000000000e+01
     4.104180000000e+05 4.000000000000e+00                                      
G19 2025 04 10 22 00 00 6.174659356475e-04 3.865352482535e-12 0.000000000000e+00
     5.600000000000e+01-4.371875000000e+01 4.943420199008e-09 9.901653904658e-01
    -2.345070242882e-06 1.036447263323e-02 3.337860107422e-06 5.153619710922e+03
     4.248000000000e+05 2.160668373108e-07 1.721865473648e+00 6.519258022308e-08
     9.629307258841e-01 3.159062500000e+02 2.740053558778e+00-8.460709565371e-09
    -2.417957860507e-10 1.000000000000e+00 2.361000000000e+03 0.000000000000e+00
     2.000000000000e+00 0.000000000000e+00-1.536682248116e-08 5.600000000000e+01
     4.176180000000e+05 4.000000000000e+00                                      
G20 2025 04 10 00 00 00 3.651306033134e-04-2.273736754432e-13 0.000000000000e+00
     8.500000000000e+01 7.578125000000e+01 4.740911763719e-09-1.623753058644e+00
     4.015862941742e-06 3.554687951691e-03 8.499249815941e-06 5.153745182037e+03
     3.456000000000e+05 7.264316082001e-08-2.751649299935e+00 1.303851604462e-08
     9.581869901856e-01 2.146875000000e+02-2.268695421505e+00-8.153196756228e-09
     4.785913638228e-10 1.000000000000e+00 2.361000000000e+03 0.000000000000e+00
     2.000000000000e+00 0.000000000000e+00-8.381903171539e-09 8.500000000000e+01
     3.384180000000e+05 4.000000000000e+00                                      
G20 2025 04 10 02 00 00 3.651292063296e-04-2.273736754432e-13 0.000000000000e+00
     8.600000000000e+01 7.353125000000e+01 4.728411243022e-09-5.734794539840e-01
     3.911554813385e-06 3.554882714525e-03 8.467584848404e-06 5.153746150970e+03
     3.528000000000e+05 2.607703208923e-08-2.751708113631e+00 5.215406417847e-08
     9.581901515516e-01 2.177812500000e+02-2.268830631708e+00-8.208199047294e-09
     4.678766317969e-10 1.000000000000e+00 2.361000000000e+03 0.000000000000e+00
     2.000000000000e+00 0.000000000000e+00-8.381903171539e-09 8.600000000000e+01
     3.456180000000e+05 4.000000000000e+00                                      
G20 2025 04 10 04 00 00 3.651273436844e-04-2.273736754432e-13 0.000000000000e+00
     8.700000000000e+01 6.506250000000e+01 4.670908847816e-09 4.766219827730e-01
     3.185123205185e-06 3.553715185262e-03 8.447095751762e-06 5.153743930817e+03
     3.600000000000e+05-4.097819328308e-08-2.751766889291e+00 6.519258022308e-08
     9.581935133374e-01 2.173125000000e+02-2.268793476515e+00-8.175340535748e-09
     4.278749655669e-10 1.000000000000e+00 2.361000000000e+03 0.000000000000e+00
     2.000000000000e+00 0.000000000000e+00-8.381903171539e-09 8.700000000000e+01
     3.528180000000e+05 4.000000000000e+00                                      
G20 2025 04 10 06 00 00 3.651259467006e-04-2.273736754432e-13 0.000000000000e+00
     9.200000000000e+01 5.812500000000e+01 4.518759653049e-09 1.526388607321e+00
     3.019347786903e-06 3.554496099241e-03 8.584931492805e-06 5.153746829987e+03
     3.672000000000e+05-1.247972249985e-07-2.751825891703e+00 3.166496753693e-08
     9.581966951842e-01 2.088125000000e+02-2.268422268367e+00-8.140339077797e-09
     4.600191616446e-10 1.000000000000e+00 2.361000000000e+03 0.000000000000e+00
     2.000000000000e+00 0.000000000000e+00-8.381903171539e-09 9.200000000000e+01
     3.600180000000e+05 4.000000000000e+00                                      
G20 2025 04 10 07 59 44 3.651236183941e-04-2.273736754432e-13 0.000000000000e+00
     1.600000000000e+01 5.915625000000e+01 4.427327273095e-09 2.574414809933e+00
     3.147870302200e-06 3.555066650733e-03 9.048730134964e-06 5.153745010376e+03
     3.743840000000e+05-1.303851604462e-08-2.751884029530e+00-9.126961231232e-08
     9.582008396311e-01 2.016250000000e+02-2.268645772991e+00-7.984261147953e-09
     4.960920927984e-10 1.000000000000e+00 2.361000000000e+03 0.000000000000e+00
     2.000000000000e+00 0.000000000000e+00-8.381903171539e-09 1.600000000000e+01
     3.673260000000e+05 4.000000000000e+00                                      
G20 2025 04 10 08 00 00 3.651240840554e-04-2.273736754432e-13 0.000000000000e+00
     9.300000000000e+01 5.915625000000e+01 4.427684430829e-09 2.576747877538e+00
     3.147870302200e-06 3.555069328286e-03 9.048730134964e-06 5.153745010376e+03
     3.744000000000e+05-1.303851604462e-08-2.751884167044e+00-9.126961231232e-08
     9.582008484086e-01 2.016250000000e+02-2.268645186361e+00-7.984261147953e-09
     4.960920927984e-10 1.000000000000e+00 2.361000000000e+03 0.000000000000e+00
     2.800000000000e+00 0.000000000000e+00-8.381903171539e-09 9.300000000000e+01
     3.672180000000e+05 4.000000000000e+00                                      
G20 2025 04 10 10 00 00 3.651222214103e-04-2.273736754432e-13 0.000000000000e+00
     2.400000000000e+01 6.712500000000e+01 4.394468761549e-09-2.656258572334e+00
     3.516674041748e-06 3.553908900358e-03 9.253621101379e-06 5.153747167587e+03
     3.816000000000e+05 4.842877388000e-08-2.751941826497e+00-8.381903171539e-08
     9.582044384096e-01 1.979062500000e+02-2.268687878699e+00-8.001761876929e-09
     5.268076579392e-10 1.000000000000e+00 2.361000000000e+03 0.000000000000e+00
     2.000000000000e+00 0.000000000000e+00-8.381903171539e-09 2.400000000000e+01
     3.744180000000e+05 4.000000000000e+00                                      
G20 2025 04 10 12 00 00 3.651203587651e-04-2.273736754432e-13 0.000000000000e+00
     2.500000000000e+01 7.156250000000e+01 4.457685680501e-09-1.606271310482e+00
     3.697350621223e-06 3.554019145668e-03 9.274110198021e-06 5.153746227264e+03
     3.888000000000e+05 1.471489667892e-07-2.751999243106e+00-5.960464477539e-08
     9.582080722981e-01 1.993437500000e+02-2.268539955738e+00-8.042835016362e-09
     4.814486256963e-10 1.000000000000e+00 2.361000000000e+03 0.000000000000e+00
     2.000000000000e+00 0.000000000000e+00-8.381903171539e-09 2.500000000000e+01
     3.816180000000e+05 4.000000000000e+00                                      
G20 2025 04 10 14 00 00 3.651189617813e-04-2.273736754432e-13 0.000000000000e+00
     4.300000000000e+01 7.034375000000e+01 4.474114936274e-09-5.560156543638e-01
     3.699213266373e-06 3.554269089364e-03 9.240582585335e-06 5.153747148514e+03
     3.960000000000e+05 8.568167686462e-08-2.752057410192e+00 7.636845111847e-08
     9.582108518424e-01 2.028125000000e+02-2.268659777506e+00-8.163911488254e-09
     4.428755904031e-10 1.000000000000e+00 2.361000000000e+03 0.000000000000e+00
     2.000000000000e+00 0.000000000000e+00-8.381903171539e-09 4.300000000000e+01
     3.888180000000e+05 4.000000000000e+00                                      
G20 2025 04 10 16 00 00 3.651170991361e-04-2.273736754432e-13 0.000000000000e+00
     1.040000000000e+02 5.968750000000e+01 4.453042629957e-09 4.941009543166e-01
     3.153458237648e-06 3.552775830030e-03 9.199604392052e-06 5.153744318008e+03
     4.032000000000e+05-1.061707735062e-07-2.752115055016e+00 1.341104507446e-07
     9.582140307634e-01 2.036562500000e+02-2.268640298752e+00-8.049621013311e-09
     3.157274370293e-10 1.000000000000e+00 2.361000000000e+03 0.000000000000e+00
     2.000000000000e+00 0.000000000000e+00-8.381903171539e-09 1.040000000000e+02
     3.960180000000e+05 4.000000000000e+00                                      
G20 2025 04 10 18 00 00 3.651152364910e-04-2.273736754432e-13 0.000000000000e+00
     1.050000000000e+02 5.218750000000e+01 4.422684222550e-09 1.543877146349e+00
     2.704560756683e-06 3.553428570740e-03 9.585171937943e-06 5.153747026443e+03
     4.104000000000e+05-1.005828380585e-07-2.752172727635e+00 1.862645149231e-09
     9.582159062244e-01 1.965312500000e+02-2.268280211707e+00-8.045692278235e-09
     2.467959943295e-10 1.000000000000e+00 2.361000000000e+03 0.000000000000e+00
     2.000000000000e+00 0.000000000000e+00-8.381903171539e-09 1.050000000000e+02
     4.032180000000e+05                                                         
G20 2025 04 10 20 00 00 3.651138395071e-04-2.273736754432e-13 0.000000000000e+00
     1.060000000000e+02 5.178125000000e+01 4.492329980718e-09 2.594212968915e+00
     2.574175596237e-06 3.554058261216e-03 9.609386324883e-06 5.153745290756e+03
     4.176000000000e+05-3.911554813385e-08-2.752230463160e+00-7.450580596924e-08
     9.582181503407e-01 1.891250000000e+02-2.268480096056e+00-7.960331579762e-09
     2.682254583813e-10 1.000000000000e+00 2.361000000000e+03 0.000000000000e+00
     2.000000000000e+00 0.000000000000e+00-8.381903171539e-09 1.060000000000e+02
     4.104180000000e+05                                                         
G20 2025 04 10 22 00 00 3.651119768620e-04-2.273736754432e-13 0.000000000000e+00
     1.070000000000e+02 5.743750000000e+01 4.603406036053e-09-2.638759059958e+00
     3.186985850334e-06 3.553171409294e-03 9.885057806969e-06 5.153746950150e+03
     4.248000000000e+05 1.434236764908e-07-2.752288782389e+00-1.136213541031e-07
     9.582200974847e-01 1.839687500000e+02-2.268555764030e+00-8.058907114400e-09
     3.846588797292e-10 1.000000000000e+00 2.361000000000e+03 0.000000000000e+00
     2.000000000000e+00 0.000000000000e+00-8.381903171539e-09 1.070000000000e+02
     4.176180000000e+05 4.000000000000e+00                                      
G22 2025 04 10 00 00 00-1.019951887429e-04-6.821210263297e-13 0.000000000000e+00
     5.400000000000e+01 6.715625000000e+01 4.785556480493e-09 6.406454286765e-01
     3.408640623093e-06 1.320322079118e-02 6.591901183128e-06 5.153659061432e+03
     3.456000000000e+05-3.166496753693e-08 6.614331727409e-01-2.179294824600e-07
     9.594396781594e-01 2.519375000000e+02-1.064089383983e+00-8.480353240752e-09
     4.443042213399e-10 1.000000000000e+00 2.361000000000e+03 0.000000000000e+00
     2.000000000000e+00 0.000000000000e+00-1.117587089539e-08 5.400000000000e+01
     3.384180000000e+05 4.000000000000e+00                                      
G22 2025 04 10 01 59 44-1.019989140332e-04-6.821210263297e-13 0.000000000000e+00
     5.900000000000e+01 7.065625000000e+01 4.564833000760e-09 1.688467333316e+00
     3.607943654060e-06 1.320321368985e-02 6.316229701042e-06 5.153659885406e+03
     3.527840000000e+05 3.371387720108e-07 6.613742039760e-01 3.725290298462e-08
     9.594446374517e-01 2.540000000000e+02-1.064054290041e+00-8.042120700893e-09
     3.785871982478e-10 1.000000000000e+00 2.361000000000e+03 0.000000000000e+00
     2.000000000000e+00 0.000000000000e+00-1.117587089539e-08 5.900000000000e+01
     3.456180000000e+05 4.000000000000e+00                                      
G22 2025 04 10 04 00 00-1.020035706460e-04-6.821210263297e-13 0.000000000000e+00
     7.100000000000e+01 7.787500000000e+01 4.495544400326e-09 2.740912364836e+00
     4.053115844727e-06 1.320253335871e-02 6.692484021187e-06 5.153662172318e+03
     3.600000000000e+05 1.024454832077e-07 6.613175553992e-01 1.117587089539e-07
     9.594470278598e-01 2.488125000000e+02-1.063977521952e+00-7.927115910482e-09
     2.507247294057e-10 1.000000000000e+00 2.361000000000e+03 0.000000000000e+00
     2.000000000000e+00 0.000000000000e+00-1.117587089539e-08 7.100000000000e+01
     3.528180000000e+05 4.000000000000e+00                                      
G22 2025 04 10 06 00 00-1.020082272589e-04-6.821210263297e-13 0.000000000000e+00
     7.600000000000e+01 7.621875000000e+01 4.514830917973e-09-2.492083851924e+00
     3.928318619728e-06 1.320227759425e-02 6.798654794693e-06 5.153662652969e+03
     3.672000000000e+05 7.078051567078e-08 6.612605045200e-01 1.881271600723e-07
     9.594488725995e-01 2.480625000000e+02-1.063978939519e+00-7.947831059065e-09
     2.603679882289e-10 1.000000000000e+00 2.361000000000e+03 0.000000000000e+00
     2.000000000000e+00 0.000000000000e+00-1.117587089539e-08 7.600000000000e+01
     3.600180000000e+05 4.000000000000e+00                                      
G22 2025 04 10 08 00 00-1.020128838718e-04-6.821210263297e-13 0.000000000000e+00
     7.800000000000e+01 7.500000000000e+01 4.768412909252e-09-1.441917597656e+00
     3.896653652191e-06 1.320232462604e-02 6.953254342079e-06 5.153662120819e+03
     3.744000000000e+05-3.427267074585e-07 6.612014172587e-01-5.587935447693e-09
     9.594488799141e-01 2.460625000000e+02-1.063956480801e+00-8.391063807203e-09
     3.146559638267e-10 1.000000000000e+00 2.361000000000e+03 0.000000000000e+00
     2.000000000000e+00 0.000000000000e+00-1.117587089539e-08 7.800000000000e+01
     3.672180000000e+05 4.000000000000e+00                                      
G22 2025 04 10 10 00 00-1.020175404847e-04-6.821210263297e-13 0.000000000000e+00
     1.020000000000e+02 7.331250000000e+01 4.876988860448e-09-3.917441502191e-01
     3.894791007042e-06 1.320220238995e-02 7.005408406258e-06 5.153661628723e+03
     3.816000000000e+05-1.173466444016e-07 6.611395533790e-01-1.266598701477e-07
     9.594514634275e-01 2.466875000000e+02-1.063939003319e+00-8.516783329640e-09
     4.418041172006e-10 1.000000000000e+00 2.361000000000e+03 0.000000000000e+00
     2.000000000000e+00 0.000000000000e+00-1.117587089539e-08 1.020000000000e+02
     3.744180000000e+05 4.000000000000e+00                                      
G22 2025 04 10 12 00 00-1.020221970975e-04-6.821210263297e-13 0.000000000000e+00
     1.040000000000e+02 7.565625000000e+01 4.927705258703e-09 6.584524859319e-01
     3.809109330177e-06 1.320187095553e-02 7.012858986855e-06 5.153660972595e+03
     3.888000000000e+05-5.587935447693e-08 6.610782351677e-01-2.197921276093e-07
     9.594545282408e-01 2.469375000000e+02-1.063944420504e+00-8.498925442930e-09
     4.182317067436e-10 1.000000000000e+00 2.361000000000e+03 0.000000000000e+00
     2.000000000000e+00 0.000000000000e+00-1.117587089539e-08 1.040000000000e+02
     3.816180000000e+05 4.000000000000e+00                                      
G22 2025 04 10 14 00 00-1.020268537104e-04-6.821210263297e-13 0.000000000000e+00
     1.060000000000e+02 7.850000000000e+01 4.756626704023e-09 1.708614616234e+00
     4.002824425697e-06 1.320186839439e-02 6.634742021561e-06 5.153661655426e+03
     3.960000000000e+05 2.961605787277e-07 6.610189196913e-01-5.587935447693e-09
     9.594591920237e-01 2.485937500000e+02-1.063915778031e+00-8.088908364073e-09
     3.618007847406e-10 1.000000000000e+00 2.361000000000e+03 0.000000000000e+00
     2.000000000000e+00 0.000000000000e+00-1.117587089539e-08 1.060000000000e+02
     3.888180000000e+05 4.000000000000e+00                                      
G22 2025 04 10 16 00 00-1.020315103233e-04-6.821210263297e-13 0.000000000000e+00
     1.090000000000e+02 8.537500000000e+01 4.685195157184e-09 2.758725888189e+00
     4.354864358902e-06 1.320110925008e-02 6.904825568199e-06 5.153664035797e+03
     4.032000000000e+05 2.253800630569e-07 6.609609457107e-01 1.713633537292e-07
     9.594617462786e-01 2.424687500000e+02-1.063838151209e+00-8.043192174096e-09
     3.857303529318e-10 1.000000000000e+00 2.361000000000e+03 0.000000000000e+00
     2.000000000000e+00 0.000000000000e+00-1.117587089539e-08 1.090000000000e+02
     3.960180000000e+05 4.000000000000e+00                                      
G22 2025 04 10 18 00 00-1.020361669362e-04-6.821210263297e-13 0.000000000000e+00
     1.100000000000e+02 8.487500000000e+01 4.570190366773e-09-2.474275254216e+00
     4.591420292854e-06 1.320101134479e-02 6.949529051781e-06 5.153664192200e+03
     4.104000000000e+05 9.313225746155e-09 6.609026586657e-01 2.123415470123e-07
     9.594654006480e-01 2.414062500000e+02-1.063834403213e+00-7.959974422028e-09
     5.196645032553e-10 1.000000000000e+00 2.361000000000e+03 0.000000000000e+00
     2.000000000000e+00 0.000000000000e+00-1.117587089539e-08 1.100000000000e+02
     4.032180000000e+05 4.000000000000e+00                                      
G22 2025 04 10 20 00 00-1.020408235490e-04-6.821210263297e-13 0.000000000000e+00
     1.160000000000e+02 8.293750000000e+01 4.671266005551e-09-1.424129483726e+00
     4.423782229424e-06 1.320115593262e-02 7.614493370056e-06 5.153663125992e+03
     4.176000000000e+05-3.166496753693e-07 6.608438230264e-01 3.911554813385e-08
     9.594676828002e-01 2.376875000000e+02-1.063792382354e+00-8.312131947945e-09
     5.678807973718e-10 1.000000000000e+00 2.361000000000e+03 0.000000000000e+00
     2.000000000000e+00 0.000000000000e+00-1.117587089539e-08 1.160000000000e+02
     4.104180000000e+05 4.000000000000e+00                                      
G22 2025 04 10 22 00 00-1.020450145006e-04-6.821210263297e-13 0.000000000000e+00
     1.170000000000e+02 8.062500000000e+01 4.653408118841e-09-3.739610497102e-01
     4.097819328308e-06 1.320108119398e-02 7.415190339088e-06 5.153662631989e+03
     4.248000000000e+05-2.030283212662e-07 6.607832552920e-01-1.490116119385e-07
     9.594719091705e-01 2.377812500000e+02-1.063771876631e+00-8.391063807203e-09
     5.907388923603e-10 1.000000000000e+00 2.361000000000e+03 0.000000000000e+00
     2.000000000000e+00 0.000000000000e+00-1.117587089539e-08 1.170000000000e+02
     4.176180000000e+05                                                         
G23 2025 04 10 00 00 00 4.566581919789e-04 6.821210263297e-12 0.000000000000e+00
     2.310000000000e+02 6.753125000000e+01 4.139815297067e-09-2.992510477182e+00
     3.490597009659e-06 5.084442324005e-03 7.690861821175e-06 5.153638755798e+03
     3.456000000000e+05-1.173466444016e-07-2.594945807486e+00-6.891787052155e-08
     9.838543911302e-01 2.433125000000e+02-2.841992394014e+00-7.823183009831e-09
     3.939449808183e-10 1.000000000000e+00 2.361000000000e+03 0.000000000000e+00
     2.000000000000e+00 0.000000000000e+00-8.381903171539e-09 2.310000000000e+02
     3.384180000000e+05 4.000000000000e+00                                      
G23 2025 04 10 02 00 00 4.567075520754e-04 6.821210263297e-12 0.000000000000e+00
     2.320000000000e+02 6.937500000000e+01 4.194103272665e-09-1.942279516584e+00
     3.583729267120e-06 5.084230448119e-03 7.716938853264e-06 5.153639249802e+03
     3.528000000000e+05 8.568167686462e-08-2.595003395256e+00-1.061707735062e-07
     9.838573476876e-01 2.426875000000e+02-2.842023304010e+00-7.934616222900e-09
     5.339508126231e-10 1.000000000000e+00 2.361000000000e+03 0.000000000000e+00
     2.000000000000e+00 0.000000000000e+00-8.381903171539e-09 2.320000000000e+02
     3.456180000000e+05 4.000000000000e+00                                      
G23 2025 04 10 04 00 00 4.567573778331e-04 6.821210263297e-12 0.000000000000e+00
     2.330000000000e+02 6.862500000000e+01 4.190531695323e-09-8.920917998442e-01
     3.606081008911e-06 5.084334523417e-03 7.610768079758e-06 5.153639171600e+03
     3.600000000000e+05 1.061707735062e-07-2.595060541225e+00-2.235174179077e-08
     9.838612844002e-01 2.442187500000e+02-2.842011258342e+00-7.955688529218e-09
     5.446655446490e-10 1.000000000000e+00 2.361000000000e+03 0.000000000000e+00
     2.000000000000e+00 0.000000000000e+00-8.381903171539e-09 2.330000000000e+02
     3.528180000000e+05 4.000000000000e+00                                      
G23 2025 04 10 06 00 00 4.568067379296e-04 6.821210263297e-12 0.000000000000e+00
     2.340000000000e+02 6.578125000000e+01 4.157673183777e-09 1.581771498103e-01
     3.479421138763e-06 5.084829754196e-03 7.538124918938e-06 5.153640291214e+03
     3.672000000000e+05 8.940696716309e-08-2.595117905169e+00 4.842877388000e-08
     9.838650206930e-01 2.480625000000e+02-2.842081229714e+00-7.982475359282e-09
     5.275219734076e-10 1.000000000000e+00 2.361000000000e+03 0.000000000000e+00
     2.000000000000e+00 0.000000000000e+00-8.381903171539e-09 2.340000000000e+02
     3.600180000000e+05 4.000000000000e+00                                      
G23 2025 04 10 08 00 00 4.568560980260e-04 6.821210263297e-12 0.000000000000e+00
     2.350000000000e+02 6.518750000000e+01 4.065169330620e-09 1.208329335196e+00
     3.287568688393e-06 5.084787961096e-03 7.597729563713e-06 5.153640522003e+03
     3.744000000000e+05-3.166496753693e-08-2.595174572763e+00 9.126961231232e-08
     9.838687306532e-01 2.448750000000e+02-2.842035106833e+00-7.909258023772e-09
     4.446613790741e-10 1.000000000000e+00 2.361000000000e+03 0.000000000000e+00
     2.000000000000e+00 0.000000000000e+00-8.381903171539e-09 2.350000000000e+02
     3.672180000000e+05 4.000000000000e+00                                      
G23 2025 04 10 10 00 00 4.569054581225e-04 6.821210263297e-12 0.000000000000e+00
     2.360000000000e+02 6.312500000000e+01 3.943378543259e-09 2.258370913733e+00
     3.365799784660e-06 5.084925796837e-03 7.757917046547e-06 5.153641942978e+03
     3.816000000000e+05-1.620501279831e-07-2.595231837229e+00 4.284083843231e-08
     9.838723440609e-01 2.384687500000e+02-2.841879695193e+00-7.839255107870e-09
     5.243075537999e-10 1.000000000000e+00 2.361000000000e+03 0.000000000000e+00
     2.000000000000e+00 0.000000000000e+00-8.381903171539e-09 2.360000000000e+02
     3.744180000000e+05                                                         
G23 2025 04 10 12 00 00 4.569548182189e-04 6.821210263297e-12 0.000000000000e+00
     2.370000000000e+02 6.584375000000e+01 3.871232680951e-09-2.974486324346e+00
     3.511086106300e-06 5.086454330012e-03 8.564442396164e-06 5.153638814926e+03
     3.888000000000e+05-5.215406417847e-08-2.595287884546e+00-5.215406417847e-08
     9.838767869431e-01 2.268125000000e+02-2.842010739006e+00-7.716392847306e-09
     5.475228065226e-10 1.000000000000e+00 2.361000000000e+03 0.000000000000e+00
     2.000000000000e+00 0.000000000000e+00-8.381903171539e-09 2.370000000000e+02
     3.816180000000e+05 4.000000000000e+00                                      
G23 2025 04 10 14 00 00 4.570041783154e-04 6.821210263297e-12 0.000000000000e+00
     2.380000000000e+02 6.671875000000e+01 3.863018053065e-09-1.924275401337e+00
     3.490597009659e-06 5.086362711154e-03 8.627772331238e-06 5.153639020920e+03
     3.960000000000e+05-5.215406417847e-08-2.595343504692e+00-8.754432201385e-08
     9.838807324331e-01 2.265312500000e+02-2.842024232963e+00-7.724964632927e-09
     5.443083869148e-10 1.000000000000e+00 2.361000000000e+03 0.000000000000e+00
     2.000000000000e+00 0.000000000000e+00-8.381903171539e-09 2.380000000000e+02
     3.888180000000e+05 4.000000000000e+00                                      
G23 2025 04 10 16 00 00 4.570535384119e-04 6.821210263297e-12 0.000000000000e+00
     2.390000000000e+02 6.640625000000e+01 3.980880105350e-09-8.741125322613e-01
     3.343448042870e-06 5.086472490802e-03 8.620321750641e-06 5.153638729095e+03
     4.032000000000e+05 2.048909664154e-07-2.595398438728e+00-7.636845111847e-08
     9.838836948422e-01 2.289375000000e+02-2.841989655431e+00-7.851755628567e-09
     3.650152043484e-10 1.000000000000e+00 2.361000000000e+03 0.000000000000e+00
     2.000000000000e+00 0.000000000000e+00-8.381903171539e-09 2.390000000000e+02
     3.960180000000e+05 4.000000000000e+00                                      
G23 2025 04 10 18 00 00 4.571033641696e-04 6.821210263297e-12 0.000000000000e+00
     0.000000000000e+00 6.346875000000e+01 4.073741116241e-09 1.761722666478e-01
     3.207474946976e-06 5.087227327749e-03 8.089467883110e-06 5.153640361786e+03
     4.104000000000e+05 1.080334186554e-07-2.595455333075e+00 4.842877388000e-08
     9.838856917254e-01 2.348125000000e+02-2.842076466453e+00-7.964260314838e-09
     3.350139546759e-10 1.000000000000e+00 2.361000000000e+03 0.000000000000e+00
     2.000000000000e+00 0.000000000000e+00-8.381903171539e-09 2.560000000000e+02
     4.032180000000e+05 4.000000000000e+00                                      
G23 2025 04 10 20 00 00 4.571527242661e-04 6.821210263297e-12 0.000000000000e+00
     1.000000000000e+00 6.350000000000e+01 4.092313318419e-09 1.226321207281e+00
     3.427267074585e-06 5.087255849503e-03 8.303672075272e-06 5.153640716553e+03
     4.176000000000e+05 1.303851604462e-08-2.595512047483e+00 9.313225746155e-08
     9.838880265427e-01 2.319687500000e+02-2.842027356293e+00-7.906757919633e-09
     2.739399821284e-10 1.000000000000e+00 2.361000000000e+03 0.000000000000e+00
     2.000000000000e+00 0.000000000000e+00-8.381903171539e-09 2.570000000000e+02
     4.104180000000e+05 4.000000000000e+00                                      
G23 2025 04 10 20 14 40 4.571587778628e-04 6.821210263297e-12 0.000000000000e+00
     2.000000000000e+00 6.343750000000e+01 4.091241845216e-09 1.354639764606e+00
     3.423541784286e-06 5.087316618301e-03 8.411705493927e-06 5.153641090393e+03
     4.184800000000e+05 1.490116119385e-08-2.595519015362e+00 1.043081283569e-07
     9.838882781646e-01 2.302812500000e+02-2.841988351971e+00-7.906757919633e-09
     2.800116636097e-10 1.000000000000e+00 2.361000000000e+03 0.000000000000e+00
     2.000000000000e+00 0.000000000000e+00-8.381903171539e-09 2.580000000000e+02
     4.113180000000e+05 4.000000000000e+00                                      
G23 2025 04 10 22 00 00 4.572020843625e-04 6.821210263297e-12 0.000000000000e+00
     3.000000000000e+00 5.887500000000e+01 4.039453973758e-09 2.276311639277e+00
     3.075227141380e-06 5.087245022878e-03 8.707866072655e-06 5.153642669678e+03
     4.248000000000e+05-1.825392246246e-07-2.595569458241e+00 4.470348358154e-08
     9.838907095344e-01 2.255937500000e+02-2.841820300719e+00-7.803539334450e-09
     4.032310819074e-10 1.000000000000e+00 2.361000000000e+03 0.000000000000e+00
     2.000000000000e+00 0.000000000000e+00-8.381903171539e-09 2.590000000000e+02
     4.176180000000e+05 4.000000000000e+00                                      
G24 2025 04 10 00 00 00-4.246635362506e-04 6.593836587854e-12 0.000000000000e+00
     1.600000000000e+01-5.187500000000e+01 4.731268504896e-09-1.737111732305e+00
    -2.678483724594e-06 1.658642501570e-02 1.117028295994e-05 5.153688798904e+03
     3.456000000000e+05 3.874301910400e-07-5.779636563119e-01-6.891787052155e-08
     9.345003920238e-01 1.467812500000e+02 1.054820927514e+00-7.938544957976e-09
    -2.653681965077e-10 1.000000000000e+00 2.361000000000e+03 0.000000000000e+00
     2.000000000000e+00 0.000000000000e+00 2.328306436539e-09 1.600000000000e+01
     3.384180000000e+05 4.000000000000e+00                                      
G24 2025 04 10 02 00 00-4.246155731380e-04 6.593836587854e-12 0.000000000000e+00
     2.100000000000e+01-4.490625000000e+01 5.055567727546e-09-6.869661402914e-01
    -2.281740307808e-06 1.658668252639e-02 1.131743192673e-05 5.153688081741e+03
     3.528000000000e+05-6.705522537231e-08-5.780221979047e-01 2.849847078323e-07
     9.344955044145e-01 1.467812500000e+02 1.054849986919e+00-8.532855427679e-09
    -3.625151002090e-10 1.000000000000e+00 2.361000000000e+03 0.000000000000e+00
     2.000000000000e+00 0.000000000000e+00 2.328306436539e-09 2.100000000000e+01
     3.456180000000e+05 4.000000000000e+00                                      
G24 2025 04 10 04 00 00-4.245680756867e-04 6.593836587854e-12 0.000000000000e+00
     5.000000000000e+01-4.309375000000e+01 5.093783605105e-09 3.632347514882e-01
    -2.054497599602e-06 1.658668939490e-02 1.112185418606e-05 5.153688219070e+03
     3.600000000000e+05-1.974403858185e-07-5.780835951135e-01 1.620501279831e-07
     9.344928067935e-01 1.526250000000e+02 1.054824542385e+00-8.537141320489e-09
    -4.214461263514e-10 1.000000000000e+00 2.361000000000e+03 0.000000000000e+00
     2.000000000000e+00 0.000000000000e+00 2.328306436539e-09 5.000000000000e+01
     3.528180000000e+05 4.000000000000e+00                                      
G24 2025 04 10 06 00 00-4.245201125741e-04 6.593836587854e-12 0.000000000000e+00
     5.200000000000e+01-4.781250000000e+01 5.093783605105e-09 1.413391581638e+00
    -2.525746822357e-06 1.658643351402e-02 1.114420592785e-05 5.153688402176e+03
     3.672000000000e+05-4.060566425323e-07-5.781454882516e-01-3.725290298462e-08
     9.344900989321e-01 1.564062500000e+02 1.054844862317e+00-8.409993167115e-09
    -3.350139546759e-10 1.000000000000e+00 2.361000000000e+03 0.000000000000e+00
     2.000000000000e+00 0.000000000000e+00 2.328306436539e-09 5.200000000000e+01
     3.600180000000e+05 4.000000000000e+00                                      
G24 2025 04 10 08 00 00-4.244726151228e-04 6.593836587854e-12 0.000000000000e+00
     1.010000000000e+02-5.306250000000e+01 4.919133473083e-09 2.463549345130e+00
    -2.907589077950e-06 1.658670383040e-02 1.069344580173e-05 5.153688707352e+03
     3.744000000000e+05 3.725290298462e-08-5.782047144901e-01-2.682209014893e-07
     9.344900872288e-01 1.563437500000e+02 1.054862197896e+00-7.932830434229e-09
    -2.703684047864e-10 1.000000000000e+00 2.361000000000e+03 0.000000000000e+00
     2.000000000000e+00 0.000000000000e+00 2.328306436539e-09 1.010000000000e+02
     3.672180000000e+05 4.000000000000e+00                                      
G24 2025 04 10 10 00 00-4.244246520102e-04 6.593836587854e-12 0.000000000000e+00
     1.030000000000e+02-5.725000000000e+01 4.966635451731e-09-2.769441150157e+00
    -3.088265657425e-06 1.658711174969e-02 1.078285276890e-05 5.153687879562e+03
     3.816000000000e+05 2.384185791016e-07-5.782624514779e-01-1.899898052216e-07
     9.344882293228e-01 1.533437500000e+02 1.054843065853e+00-7.983189674751e-09
    -1.621496113250e-10 1.000000000000e+00 2.361000000000e+03 0.000000000000e+00
     2.000000000000e+00 0.000000000000e+00 2.328306436539e-09 1.030000000000e+02
     3.744180000000e+05 4.000000000000e+00                                      
G24 2025 04 10 11 59 44-4.243766888976e-04 6.593836587854e-12 0.000000000000e+00
     8.000000000000e+00-5.300000000000e+01 4.964849663060e-09-1.721621245327e+00
    -2.730637788773e-06 1.658705645241e-02 1.075118780136e-05 5.153687412262e+03
     3.887840000000e+05 3.501772880554e-07-5.783197934779e-01-3.352761268616e-08
     9.344871935768e-01 1.518750000000e+02 1.054864601470e+00-8.039620596754e-09
    -1.592923494515e-10 1.000000000000e+00 2.361000000000e+03 0.000000000000e+00
     2.000000000000e+00 0.000000000000e+00 2.328306436539e-09 8.000000000000e+00
     3.848580000000e+05 4.000000000000e+00                                      
G24 2025 04 10 12 00 00-4.243766888976e-04 6.593836587854e-12 0.000000000000e+00
     1.040000000000e+02-5.300000000000e+01 4.964849663060e-09-1.719287788586e+00
    -2.730637788773e-06 1.658705424052e-02 1.075118780136e-05 5.153687414169e+03
     3.888000000000e+05 3.501772880554e-07-5.783199266034e-01-3.352761268616e-08
     9.344871935768e-01 1.518750000000e+02 1.054864856018e+00-8.039620596754e-09
    -1.592923494515e-10 1.000000000000e+00 2.361000000000e+03 0.000000000000e+00
     2.000000000000e+00 0.000000000000e+00 2.328306436539e-09 1.040000000000e+02
     3.816180000000e+05 4.000000000000e+00                                      
G24 2025 04 10 13 59 44-4.243287257850e-04 6.593836587854e-12 0.000000000000e+00
     1.700000000000e+01-4.734375000000e+01 5.117356015561e-09-6.714557971263e-01
    -2.272427082062e-06 1.658739009872e-02 1.122429966927e-05 5.153687301636e+03
     3.959840000000e+05-3.725290298462e-08-5.783788953683e-01 2.589076757431e-07
     9.344835465221e-01 1.535000000000e+02 1.054875617244e+00-8.539641424628e-09
    -2.385813664430e-10 1.000000000000e+00 2.361000000000e+03 0.000000000000e+00
     2.000000000000e+00 0.000000000000e+00 2.328306436539e-09 1.700000000000e+01
     3.888180000000e+05 4.000000000000e+00                                      
G24 2025 04 10 16 00 00-4.242807626724e-04 6.707523425575e-12 0.000000000000e+00
     1.800000000000e+01-4.428125000000e+01 5.020923427329e-09 3.810790502492e-01
    -2.404674887657e-06 1.658760313876e-02 1.095980405807e-05 5.153687839508e+03
     4.032000000000e+05-2.160668373108e-07-5.784401038607e-01 1.527369022369e-07
     9.344817178745e-01 1.585625000000e+02 1.054850162469e+00-8.508211544019e-09
    -3.364425856127e-10 1.000000000000e+00 2.361000000000e+03 0.000000000000e+00
     2.000000000000e+00 0.000000000000e+00 2.328306436539e-09 1.800000000000e+01
     3.960180000000e+05 4.000000000000e+00                                      
G24 2025 04 10 18 00 00-4.242327995598e-04 6.707523425575e-12 0.000000000000e+00
     5.300000000000e+01-4.915625000000e+01 4.939491463932e-09 1.431231008882e+00
    -2.620741724968e-06 1.658743352164e-02 1.072697341442e-05 5.153688247681e+03
     4.104000000000e+05-3.520399332047e-07-5.785015698267e-01-6.332993507385e-08
     9.344793655022e-01 1.617500000000e+02 1.054874446909e+00-8.411421798052e-09
    -3.035840740667e-10 1.000000000000e+00 2.361000000000e+03 0.000000000000e+00
     2.000000000000e+00 0.000000000000e+00 2.328306436539e-09 5.300000000000e+01
     4.032180000000e+05 4.000000000000e+00                                      
G24 2025 04 10 20 00 00-4.241848364472e-04 6.707523425575e-12 0.000000000000e+00
     6.400000000000e+01-5.459375000000e+01 4.709124725375e-09 2.481381501671e+00
    -2.900138497353e-06 1.658766448963e-02 1.040287315845e-05 5.153688735962e+03
     4.176000000000e+05 1.154839992523e-07-5.785607199934e-01-2.328306436539e-07
     9.344795732366e-01 1.626562500000e+02 1.054897688289e+00-7.925330121811e-09
    -2.539391490134e-10 1.000000000000e+00 2.361000000000e+03 0.000000000000e+00
     2.000000000000e+00 0.000000000000e+00 2.328306436539e-09 6.400000000000e+01
     4.104180000000e+05 4.000000000000e+00                                      
G24 2025 04 10 22 00 00-4.241368733346e-04 6.707523425575e-12 0.000000000000e+00
     7.200000000000e+01-5.903125000000e+01 4.710196198578e-09-2.751610161025e+00
    -3.017485141754e-06 1.658809941728e-02 1.051649451256e-05 5.153687858582e+03
     4.248000000000e+05 1.154839992523e-07-5.786172120380e-01-1.117587089539e-07
     9.344777782361e-01 1.596250000000e+02 1.054877583406e+00-7.866399095669e-09
    -2.735828243942e-10 1.000000000000e+00 2.361000000000e+03 0.000000000000e+00
     2.000000000000e+00 0.000000000000e+00 2.328306436539e-09 7.200000000000e+01
     4.176180000000e+05                                                         
G25 2025 04 10 00 00 00 4.908484406769e-04-1.023181539495e-12 0.000000000000e+00
     3.200000000000e+01 7.384375000000e+01 4.656979696183e-09 2.762186295095e+00
     3.755092620850e-06 1.232921867631e-02 7.404014468193e-06 5.153647100449e+03
     3.456000000000e+05 7.450580596924e-08 5.505252482035e-01-1.192092895508e-07
     9.489901655010e-01 2.272812500000e+02 1.123404910164e+00-7.999618930524e-09
     4.703767359362e-10 1.000000000000e+00 2.361000000000e+03 0.000000000000e+00
     2.000000000000e+00 0.000000000000e+00 5.587935447693e-09 3.200000000000e+01
     3.384180000000e+05                                                         
G25 2025 04 10 02 00 00 4.908409900963e-04-1.023181539495e-12 0.000000000000e+00
     6.100000000000e+01 7.853125000000e+01 4.689123892260e-09-2.470817281606e+00
     4.077330231667e-06 1.232880295720e-02 7.530674338341e-06 5.153647815704e+03
     3.528000000000e+05 1.061707735062e-07 5.504674380697e-01-8.568167686462e-08
     9.489936326168e-01 2.272500000000e+02 1.123421006651e+00-8.010333662550e-09
     5.025209320139e-10 1.000000000000e+00 2.361000000000e+03 0.000000000000e+00
     2.000000000000e+00 0.000000000000e+00 5.587935447693e-09 6.100000000000e+01
     3.456180000000e+05 4.000000000000e+00                                      
G25 2025 04 10 04 00 00 4.908340051770e-04-1.023181539495e-12 0.000000000000e+00
     6.300000000000e+01 7.896875000000e+01 4.821272253913e-09-1.420619622875e+00
     4.183501005173e-06 1.232904964127e-02 7.383525371552e-06 5.153647626877e+03
     3.600000000000e+05 3.203749656677e-07 5.504103564692e-01 2.086162567139e-07
     9.489958123648e-01 2.308125000000e+02 1.123421269977e+00-8.264272811563e-09
     3.167989102319e-10 1.000000000000e+00 2.361000000000e+03 0.000000000000e+00
     2.000000000000e+00 0.000000000000e+00 5.587935447693e-09 6.300000000000e+01
     3.528180000000e+05                                                         
G25 2025 04 10 06 00 00 4.908265545964e-04-1.023181539495e-12 0.000000000000e+00
     9.100000000000e+01 7.550000000000e+01 4.993779439530e-09-3.704225185905e-01
     4.025176167488e-06 1.232874323614e-02 7.413327693939e-06 5.153647207260e+03
     3.672000000000e+05-2.793967723846e-08 5.503493630257e-01 1.806765794754e-07
     9.489968290928e-01 2.308437500000e+02 1.123423859342e+00-8.562142361883e-09
     3.260850113210e-10 1.000000000000e+00 2.361000000000e+03 0.000000000000e+00
     2.000000000000e+00 0.000000000000e+00 5.587935447693e-09 9.100000000000e+01
     3.600180000000e+05 4.000000000000e+00                                      
G25 2025 04 10 08 00 00 4.908191040158e-04-1.023181539495e-12 0.000000000000e+00
     9.200000000000e+01 7.462500000000e+01 4.951277669160e-09 6.797475816895e-01
     3.984197974205e-06 1.232935383450e-02 7.743015885353e-06 5.153648483276e+03
     3.744000000000e+05-1.527369022369e-07 5.502885670762e-01 7.450580596924e-08
     9.489988420681e-01 2.247812500000e+02 1.123453680927e+00-8.515711856437e-09
     2.000083311498e-10 1.000000000000e+00 2.361000000000e+03 0.000000000000e+00
     2.000000000000e+00 0.000000000000e+00 5.587935447693e-09 9.200000000000e+01
     3.672180000000e+05 4.000000000000e+00                                      
G25 2025 04 10 10 00 00 4.908116534352e-04-1.023181539495e-12 0.000000000000e+00
     9.500000000000e+01 7.628125000000e+01 4.910204529728e-09 1.729972118614e+00
     3.699213266373e-06 1.232959318440e-02 7.936730980873e-06 5.153648088455e+03
     3.816000000000e+05-2.942979335785e-07 5.502267982861e-01-2.309679985046e-07
     9.490016201495e-01 2.198750000000e+02 1.123428840578e+00-8.275344701323e-09
     3.607293115380e-10 1.000000000000e+00 2.361000000000e+03 0.000000000000e+00
     2.000000000000e+00 0.000000000000e+00 5.587935447693e-09 9.500000000000e+01
     3.744180000000e+05 4.000000000000e+00                                      
G25 2025 04 10 12 00 00 4.908042028546e-04-1.023181539495e-12 0.000000000000e+00
     9.700000000000e+01 8.100000000000e+01 4.842701717965e-09 2.780187145108e+00
     4.025176167488e-06 1.232930482365e-02 7.802620530128e-06 5.153648151398e+03
     3.888000000000e+05 9.313225746155e-09 5.501684132256e-01-2.291053533554e-07
     9.490052116134e-01 2.175937500000e+02 1.123413172725e+00-8.052835432919e-09
     3.653723620826e-10 1.000000000000e+00 2.361000000000e+03 0.000000000000e+00
     2.000000000000e+00 0.000000000000e+00 5.587935447693e-09 9.700000000000e+01
     3.816180000000e+05 4.000000000000e+00                                      
G25 2025 04 10 14 00 00 4.907972179353e-04-1.023181539495e-12 0.000000000000e+00
     1.000000000000e+02 8.618750000000e+01 4.937705675261e-09-2.452824912129e+00
     4.395842552185e-06 1.232904347125e-02 7.908791303635e-06 5.153648546219e+03
     3.960000000000e+05 2.253800630569e-07 5.501088695339e-01-3.352761268616e-08
     9.490084110153e-01 2.193125000000e+02 1.123439282887e+00-8.130695818974e-09
     5.889531036893e-10 1.000000000000e+00 2.361000000000e+03 0.000000000000e+00
     2.000000000000e+00 0.000000000000e+00 5.587935447693e-09 1.000000000000e+02
     3.888180000000e+05 4.000000000000e+00                                      
G25 2025 04 10 15 59 44 4.907902330160e-04-1.023181539495e-12 0.000000000000e+00
     2.000000000000e+00 8.681250000000e+01 4.952706300097e-09-1.404959504694e+00
     4.749745130539e-06 1.232940854970e-02 7.744878530502e-06 5.153648284912e+03
     4.031840000000e+05 2.831220626831e-07 5.500507755941e-01 1.993030309677e-07
     9.490119585916e-01 2.243750000000e+02 1.123439484770e+00-8.282130698273e-09
     5.078782980268e-10 1.000000000000e+00 2.361000000000e+03 0.000000000000e+00
     2.000000000000e+00 0.000000000000e+00 5.587935447693e-09 2.000000000000e+00
     3.987780000000e+05 4.000000000000e+00                                      
G25 2025 04 10 16 00 00 4.907897673547e-04-1.023181539495e-12 0.000000000000e+00
     1.010000000000e+02 8.681250000000e+01 4.953063457831e-09-1.402626284946e+00
     4.749745130539e-06 1.232940563932e-02 7.744878530502e-06 5.153648279190e+03
     4.032000000000e+05 2.831220626831e-07 5.500506249135e-01 1.993030309677e-07
     9.490119615174e-01 2.243750000000e+02 1.123440119676e+00-8.282130698273e-09
     5.075211402926e-10 1.000000000000e+00 2.361000000000e+03 0.000000000000e+00
     2.800000000000e+00 0.000000000000e+00 5.587935447693e-09 1.010000000000e+02
     3.960180000000e+05 4.000000000000e+00                                      
G25 2025 04 10 17 59 44 4.907832480967e-04-1.023181539495e-12 0.000000000000e+00
     4.000000000000e+00 8.215625000000e+01 4.998422490074e-09-3.547587153187e-01
     4.360452294350e-06 1.232903415803e-02 8.091330528259e-06 5.153647850037e+03
     4.103840000000e+05-1.862645149231e-08 5.499899035728e-01 1.862645149231e-07
     9.490145801408e-01 2.249687500000e+02 1.123438358323e+00-8.524283642058e-09
     5.110927176346e-10 1.000000000000e+00 2.361000000000e+03 0.000000000000e+00
     2.000000000000e+00 0.000000000000e+00 5.587935447693e-09 4.000000000000e+00
     4.032180000000e+05 4.000000000000e+00                                      
G25 2025 04 10 20 00 00 4.907757975161e-04-1.023181539495e-12 0.000000000000e+00
     9.000000000000e+00 8.034375000000e+01 4.837701509686e-09 6.977392518919e-01
     4.032626748085e-06 1.232963253278e-02 8.031725883484e-06 5.153649141312e+03
     4.176000000000e+05-1.527369022369e-07 5.499293958181e-01 4.284083843231e-08
     9.490178556144e-01 2.185625000000e+02 1.123473291344e+00-8.474638717005e-09
     3.571577341961e-10 1.000000000000e+00 2.361000000000e+03 0.000000000000e+00
     2.000000000000e+00 0.000000000000e+00 5.587935447693e-09 9.000000000000e+00
     4.104180000000e+05 4.000000000000e+00                                      
G25 2025 04 10 22 00 00 4.907683469355e-04-1.023181539495e-12 0.000000000000e+00
     1.300000000000e+01 8.028125000000e+01 4.709481883110e-09 1.747945170258e+00
     4.047527909279e-06 1.232995535247e-02 8.204951882362e-06 5.153649166107e+03
     4.248000000000e+05-2.551823854446e-07 5.498680029980e-01-2.402812242508e-07
     9.490215889813e-01 2.136250000000e+02 1.123465274552e+00-8.260701234221e-09
     4.914490422538e-10 1.000000000000e+00 2.361000000000e+03 0.000000000000e+00
     2.000000000000e+00 0.000000000000e+00 5.587935447693e-09 1.300000000000e+01
     4.176180000000e+05 4.000000000000e+00                                      
G26 2025 04 10 00 00 00-1.776199787855e-04-2.012257027673e-11 0.000000000000e+00
     6.000000000000e+01 7.243750000000e+01 5.200573767629e-09 1.893984494616e+00
     3.715977072716e-06 9.889944107272e-03 7.908791303635e-06 5.153811542511e+03
     3.456000000000e+05-2.458691596985e-07 4.821430282895e-01-1.490116119385e-08
     9.297988936960e-01 2.118125000000e+02 6.235050597627e-01-8.472495770600e-09
     3.910877189447e-10 1.000000000000e+00 2.361000000000e+03 0.000000000000e+00
     2.800000000000e+00 0.000000000000e+00 6.519258022308e-09 6.000000000000e+01
     3.384180000000e+05 4.000000000000e+00                                      
G26 2025 04 10 02 00 00-1.777647994459e-04-2.012257027673e-11 0.000000000000e+00
     6.200000000000e+01 7.493750000000e+01 5.104141179396e-09 2.944147714793e+00
     3.801658749580e-06 9.890498942696e-03 8.126720786095e-06 5.153810009003e+03
     3.528000000000e+05-3.166496753693e-08 4.820827048625e-01-9.313225746155e-08
     9.298028201682e-01 2.063437500000e+02 6.234437371627e-01-8.246057767119e-09
     4.121600252623e-10 1.000000000000e+00 2.361000000000e+03 0.000000000000e+00
     2.800000000000e+00 0.000000000000e+00 6.519258022308e-09 6.200000000000e+01
     3.456180000000e+05 4.000000000000e+00                                      
G26 2025 04 10 04 00 00-1.779096201062e-04-2.012257027673e-11 0.000000000000e+00
     6.800000000000e+01 7.828125000000e+01 5.131642324929e-09-2.288926795880e+00
     4.006549715996e-06 9.890060173348e-03 8.150935173035e-06 5.153810834885e+03
     3.600000000000e+05 5.401670932770e-08 4.820227720347e-01-1.210719347000e-07
     9.298058279277e-01 2.060625000000e+02 6.234347416794e-01-8.297488480843e-09
     4.689481049995e-10 1.000000000000e+00 2.361000000000e+03 0.000000000000e+00
     2.800000000000e+00 0.000000000000e+00 6.519258022308e-09 6.800000000000e+01
     3.528180000000e+05 4.000000000000e+00                                      
G26 2025 04 10 06 00 00-1.780544407666e-04-2.012257027673e-11 0.000000000000e+00
     6.900000000000e+01 8.075000000000e+01 5.216645865668e-09-1.238888130012e+00
     4.202127456665e-06 9.890294633806e-03 7.912516593933e-06 5.153809597015e+03
     3.672000000000e+05 3.036111593246e-07 4.819636672184e-01-3.725290298462e-08
     9.298085211599e-01 2.105312500000e+02 6.234977407836e-01-8.429994000230e-09
     3.235849071817e-10 1.000000000000e+00 2.361000000000e+03 0.000000000000e+00
     4.000000000000e+00 0.000000000000e+00 6.519258022308e-09 6.900000000000e+01
     3.600180000000e+05                                                         
G26 2025 04 10 07 59 44-1.781987957656e-04-2.012257027673e-11 0.000000000000e+00
     7.000000000000e+00 7.862500000000e+01 5.398439152374e-09-1.910857348479e-01
     4.149973392487e-06 9.890487301163e-03 7.664784789085e-06 5.153810245514e+03
     3.743840000000e+05 7.450580596924e-08 4.819023168229e-01 1.080334186554e-07
     9.298095232588e-01 2.127500000000e+02 6.234647519809e-01-8.703219666890e-09
     2.867976605595e-10 1.000000000000e+00 2.361000000000e+03 0.000000000000e+00
     2.000000000000e+00 0.000000000000e+00 6.519258022308e-09 7.000000000000e+00
     3.732180000000e+05 4.000000000000e+00                                      
G26 2025 04 10 08 00 00-1.781997270882e-04-2.012257027673e-11 0.000000000000e+00
     7.000000000000e+01 7.862500000000e+01 5.398081994640e-09-1.887527213713e-01
     4.149973392487e-06 9.890478453599e-03 7.664784789085e-06 5.153810245514e+03
     3.744000000000e+05 7.450580596924e-08 4.819021793086e-01 1.080334186554e-07
     9.298095057038e-01 2.127500000000e+02 6.234653049639e-01-8.703219666890e-09
     2.867976605595e-10 1.000000000000e+00 2.361000000000e+03 0.000000000000e+00
     4.000000000000e+00 0.000000000000e+00 6.519258022308e-09 7.000000000000e+01
     3.672180000000e+05 4.000000000000e+00                                      
G26 2025 04 10 09 59 44-1.783436164260e-04-2.012257027673e-11 0.000000000000e+00
     9.000000000000e+00 7.937500000000e+01 5.411296830805e-09 8.589895186014e-01
     4.434958100319e-06 9.890690795146e-03 7.921829819679e-06 5.153810800552e+03
     3.815840000000e+05-4.470348358154e-08 4.818404207590e-01 1.396983861923e-07
     9.298115142903e-01 2.093437500000e+02 6.234931047962e-01-8.632502435519e-09
     2.064371703653e-10 1.000000000000e+00 2.361000000000e+03 0.000000000000e+00
     2.000000000000e+00 0.000000000000e+00 6.519258022308e-09 9.000000000000e+00
     3.744180000000e+05 4.000000000000e+00                                      
G26 2025 04 10 12 00 00-1.784889027476e-04-2.012257027673e-11 0.000000000000e+00
     3.200000000000e+01 7.568750000000e+01 5.371295164575e-09 1.911327536201e+00
     3.943219780922e-06 9.891088237055e-03 8.469447493553e-06 5.153812746048e+03
     3.888000000000e+05-3.259629011154e-07 4.817773938594e-01 9.313225746155e-09
     9.298138681255e-01 2.022187500000e+02 6.235919058945e-01-8.470352824194e-09
     3.775157250453e-10 1.000000000000e+00 2.361000000000e+03 0.000000000000e+00
     2.000000000000e+00 0.000000000000e+00 6.519258022308e-09 3.200000000000e+01
     3.816180000000e+05 4.000000000000e+00                                      
G26 2025 04 10 14 00 00-1.786337234080e-04-2.012257027673e-11 0.000000000000e+00
     5.000000000000e+01 7.834375000000e+01 5.280577100089e-09 2.961494435616e+00
     3.971159458160e-06 9.891671710648e-03 8.665025234222e-06 5.153811140060e+03
     3.960000000000e+05-1.061707735062e-07 4.817171494300e-01-1.266598701477e-07
     9.298177975235e-01 1.964062500000e+02 6.235275023890e-01-8.231771457751e-09
     4.114457097939e-10 1.000000000000e+00 2.361000000000e+03 0.000000000000e+00
     2.000000000000e+00 0.000000000000e+00 6.519258022308e-09 5.000000000000e+01
     3.888180000000e+05 4.000000000000e+00                                      
G26 2025 04 10 16 00 00-1.787785440683e-04-2.012257027673e-11 0.000000000000e+00
     5.100000000000e+01 8.456250000000e+01 5.279505626887e-09-2.271567457388e+00
     4.068017005920e-06 9.890843066387e-03 8.624047040939e-06 5.153812723160e+03
     4.032000000000e+05 1.396983861923e-07 4.816563227592e-01-1.732259988785e-07
     9.298208930581e-01 1.952812500000e+02 6.235065270695e-01-8.369277185417e-09
     5.775240561951e-10 1.000000000000e+00 2.361000000000e+03 0.000000000000e+00
     2.000000000000e+00 0.000000000000e+00 6.519258022308e-09 5.100000000000e+01
     3.960180000000e+05 4.000000000000e+00                                      
G26 2025 04 10 18 00 00-1.789233647287e-04-2.012257027673e-11 0.000000000000e+00
     6.100000000000e+01 8.709375000000e+01 5.240932591593e-09-1.221529751194e+00
     4.570931196213e-06 9.891087654978e-03 8.165836334229e-06 5.153811473846e+03
     4.104000000000e+05 2.682209014893e-07 4.815962787495e-01-2.235174179077e-08
     9.298249102312e-01 1.998125000000e+02 6.235703746662e-01-8.451423464282e-09
     5.357366012941e-10 1.000000000000e+00 2.361000000000e+03 0.000000000000e+00
     2.000000000000e+00 0.000000000000e+00 6.519258022308e-09 6.100000000000e+01
     4.032180000000e+05 4.000000000000e+00                                      
G26 2025 04 10 20 00 00-1.790681853890e-04-2.012257027673e-11 0.000000000000e+00
     6.300000000000e+01 8.459375000000e+01 5.242004064796e-09-1.713741089338e-01
     4.583969712257e-06 9.891543304548e-03 8.262693881989e-06 5.153812793732e+03
     4.176000000000e+05 1.173466444016e-07 4.815348771519e-01 1.043081283569e-07
     9.298278419190e-01 2.044375000000e+02 6.235159424103e-01-8.635002539659e-09
     5.050210361533e-10 1.000000000000e+00 2.361000000000e+03 0.000000000000e+00
     2.000000000000e+00 0.000000000000e+00 6.519258022308e-09 6.300000000000e+01
     4.104180000000e+05 4.000000000000e+00                                      
G26 2025 04 10 22 00 00-1.792130060494e-04-2.012257027673e-11 0.000000000000e+00
     6.400000000000e+01 8.425000000000e+01 5.129499378524e-09 8.787089725900e-01
     4.468485713005e-06 9.891588590108e-03 8.365139365196e-06 5.153813011169e+03
     4.248000000000e+05-1.378357410431e-07 4.814743357501e-01 1.378357410431e-07
     9.298312944057e-01 2.021562500000e+02 6.235329824801e-01-8.490353657309e-09
     3.257278535868e-10 1.000000000000e+00 2.361000000000e+03 0.000000000000e+00
     2.800000000000e+00 0.000000000000e+00 6.519258022308e-09 6.400000000000e+01
     4.176180000000e+05 4.000000000000e+00                                      
G27 2025 04 10 00 00 00-2.808496356010e-05 7.958078640513e-13 0.000000000000e+00
     4.600000000000e+01-2.925000000000e+01 4.979850287896e-09 2.004876591843e-01
    -1.544132828712e-06 1.351100800093e-02 4.392117261887e-06 5.153686225891e+03
     3.456000000000e+05-5.029141902924e-08 1.607869348064e+00 1.937150955200e-07
     9.570219017465e-01 2.960312500000e+02 8.392111646049e-01-8.628216542709e-09
    -2.032227507576e-10 1.000000000000e+00 2.361000000000e+03 0.000000000000e+00
     2.000000000000e+00 0.000000000000e+00 2.328306436539e-09 4.600000000000e+01
     3.384180000000e+05 4.000000000000e+00                                      
G27 2025 04 10 02 00 00-2.807984128594e-05 7.958078640513e-13 0.000000000000e+00
     8.600000000000e+01-2.959375000000e+01 4.975921552820e-09 1.250698495881e+00
    -1.624226570129e-06 1.351046317723e-02 4.097819328308e-06 5.153684867859e+03
     3.528000000000e+05-1.490116119385e-07 1.607807841136e+00 6.519258022308e-08
     9.570199736204e-01 3.010937500000e+02 8.391769835240e-01-8.598572450771e-09
    -3.028697585983e-10 1.000000000000e+00 2.361000000000e+03 0.000000000000e+00
     2.000000000000e+00 0.000000000000e+00 2.328306436539e-09 8.600000000000e+01
     3.456180000000e+05 4.000000000000e+00                                      
G27 2025 04 10 03 59 44-2.807611599565e-05 7.958078640513e-13 0.000000000000e+00
     1.000000000000e+01-3.568750000000e+01 4.806985944545e-09 2.298465567425e+00
    -2.009794116020e-06 1.351019542199e-02 3.810971975327e-06 5.153686843872e+03
     3.599840000000e+05-6.146728992462e-08 1.607746091364e+00-2.365559339523e-07
     9.570193255477e-01 3.057500000000e+02 8.392529689520e-01-8.322846679971e-09
    -1.946509651369e-10 1.000000000000e+00 2.361000000000e+03 0.000000000000e+00
     2.000000000000e+00 0.000000000000e+00 2.328306436539e-09 1.000000000000e+01
     3.581580000000e+05 4.000000000000e+00                                      
G27 2025 04 10 04 00 00-2.807425335050e-05 7.958078640513e-13 0.000000000000e+00
     9.900000000000e+01-3.568750000000e+01 4.807343102279e-09 2.300798939317e+00
    -2.009794116020e-06 1.351019716822e-02 3.810971975327e-06 5.153686847687e+03
     3.600000000000e+05-6.146728992462e-08 1.607745964090e+00-2.365559339523e-07
     9.570193182331e-01 3.057500000000e+02 8.392532834794e-01-8.322846679971e-09
    -1.942938074027e-10 1.000000000000e+00 2.361000000000e+03 0.000000000000e+00
     2.800000000000e+00 0.000000000000e+00 2.328306436539e-09 9.900000000000e+01
     3.528180000000e+05 4.000000000000e+00                                      
G27 2025 04 10 05 59 44-2.807052806020e-05 7.958078640513e-13 0.000000000000e+00
     1.100000000000e+01-3.796875000000e+01 4.803057209469e-09-2.934539251293e+00
    -1.952052116394e-06 1.351051055826e-02 3.749504685402e-06 5.153686252594e+03
     3.671840000000e+05 5.774199962616e-08 1.607686961678e+00-1.247972249985e-07
     9.570182678580e-01 3.049062500000e+02 8.392473264770e-01-8.214270728776e-09
    -2.142946405177e-10 1.000000000000e+00 2.361000000000e+03 0.000000000000e+00
     2.000000000000e+00 0.000000000000e+00 2.328306436539e-09 1.100000000000e+01
     3.600180000000e+05 4.000000000000e+00                                      
G27 2025 04 10 08 00 00-2.806540578604e-05 7.958078640513e-13 0.000000000000e+00
     1.200000000000e+01-3.650000000000e+01 4.790199531038e-09-1.882028448439e+00
    -1.849606633186e-06 1.351033349056e-02 3.714114427567e-06 5.153686523438e+03
     3.744000000000e+05 1.452863216400e-07 1.607627590611e+00-1.192092895508e-07
     9.570168181061e-01 3.037812500000e+02 8.392452988725e-01-8.238914612435e-09
    -2.114373786441e-10 1.000000000000e+00 2.361000000000e+03 0.000000000000e+00
     2.000000000000e+00 0.000000000000e+00 2.328306436539e-09 1.200000000000e+01
     3.672180000000e+05 4.000000000000e+00                                      
G27 2025 04 10 10 00 00-2.805981785059e-05 7.958078640513e-13 0.000000000000e+00
     1.300000000000e+01-3.025000000000e+01 5.011280168505e-09-8.319162431422e-01
    -1.491978764534e-06 1.351026771590e-02 3.771856427193e-06 5.153684885025e+03
     3.816000000000e+05 1.154839992523e-07 1.607568305855e+00 2.756714820862e-07
     9.570133319724e-01 3.025000000000e+02 8.393087602588e-01-8.592143611555e-09
    -3.668009930194e-10 1.000000000000e+00 2.361000000000e+03 0.000000000000e+00
     2.000000000000e+00 0.000000000000e+00 2.328306436539e-09 1.300000000000e+01
     3.744180000000e+05                                                         
G27 2025 04 10 12 00 00-2.805469557643e-05 7.958078640513e-13 0.000000000000e+00
     1.400000000000e+01-2.637500000000e+01 5.079854453471e-09 2.182783142022e-01
    -1.220032572746e-06 1.351088122465e-02 3.619119524956e-06 5.153686132431e+03
     3.888000000000e+05-4.656612873077e-08 1.607505549596e+00 1.639127731323e-07
     9.570102934915e-01 3.052187500000e+02 8.392918708695e-01-8.717148818524e-09
    -3.510860527148e-10 1.000000000000e+00 2.361000000000e+03 0.000000000000e+00
     2.000000000000e+00 0.000000000000e+00 2.328306436539e-09 1.400000000000e+01
     3.816180000000e+05 4.000000000000e+00                                      
G27 2025 04 10 14 00 00-2.804910764098e-05 7.958078640513e-13 0.000000000000e+00
     1.700000000000e+01-2.571875000000e+01 5.179144303577e-09 1.268501405764e+00
    -1.261010766029e-06 1.351026096381e-02 3.686174750328e-06 5.153684469223e+03
     3.960000000000e+05-1.713633537292e-07 1.607442872333e+00 1.434236764908e-07
     9.570076485356e-01 3.113125000000e+02 8.392469548958e-01-8.680718729636e-09
    -3.496574217780e-10 1.000000000000e+00 2.361000000000e+03 0.000000000000e+00
     2.000000000000e+00 0.000000000000e+00 2.328306436539e-09 1.700000000000e+01
     3.888180000000e+05 4.000000000000e+00                                      
G27 2025 04 10 16 00 00-2.804398536682e-05 7.958078640513e-13 0.000000000000e+00
     1.800000000000e+01-3.071875000000e+01 5.049853203798e-09 2.318610910514e+00
    -1.844018697739e-06 1.350994629320e-02 3.246590495110e-06 5.153686296463e+03
     4.032000000000e+05-1.043081283569e-07 1.607380455471e+00-2.272427082062e-07
     9.570070326471e-01 3.164375000000e+02 8.393162811206e-01-8.348204879099e-09
    -2.092944322389e-10 1.000000000000e+00 2.361000000000e+03 0.000000000000e+00
     2.000000000000e+00 0.000000000000e+00 2.328306436539e-09 1.800000000000e+01
     3.960180000000e+05 4.000000000000e+00                                      
G27 2025 04 10 18 00 00-2.803839743137e-05 7.958078640513e-13 0.000000000000e+00
     1.900000000000e+01-3.315625000000e+01 5.101998232991e-09-2.914396654102e+00
    -1.862645149231e-06 1.351023174357e-02 3.142282366753e-06 5.153685798645e+03
     4.104000000000e+05 6.519258022308e-08 1.607320222745e+00-2.607703208923e-07
     9.570055843582e-01 3.165000000000e+02 8.393158788181e-01-8.364634134872e-09
    -1.567922453121e-10 1.000000000000e+00 2.361000000000e+03 0.000000000000e+00
     2.000000000000e+00 0.000000000000e+00 2.328306436539e-09 1.900000000000e+01
     4.032180000000e+05 4.000000000000e+00                                      
G27 2025 04 10 20 00 00-2.803327515721e-05 7.958078640513e-13 0.000000000000e+00
     3.100000000000e+01-3.256250000000e+01 5.052353307938e-09-1.864218247373e+00
    -1.773238182068e-06 1.351016154513e-02 2.915039658546e-06 5.153685899734e+03
     4.176000000000e+05 1.657754182816e-07 1.607259006938e+00-5.587935447693e-08
     9.570051469457e-01 3.159375000000e+02 8.393154838303e-01-8.391063807203e-09
     6.428839215530e-12 1.000000000000e+00 2.361000000000e+03 0.000000000000e+00
     2.000000000000e+00 0.000000000000e+00 2.328306436539e-09 3.100000000000e+01
     4.104180000000e+05 4.000000000000e+00                                      
G27 2025 04 10 22 00 00-2.802768722177e-05 7.958078640513e-13 0.000000000000e+00
     3.600000000000e+01-2.753125000000e+01 5.108784229941e-09-8.140941719585e-01
    -1.130625605583e-06 1.351007528137e-02 3.224238753319e-06 5.153684514999e+03
     4.248000000000e+05 1.136213541031e-07 1.607198584032e+00 2.272427082062e-07
     9.570038186161e-01 3.142812500000e+02 8.393688935064e-01-8.644645798482e-09
    -9.607543049875e-11 1.000000000000e+00 2.361000000000e+03 0.000000000000e+00
     2.000000000000e+00 0.000000000000e+00 2.328306436539e-09 3.600000000000e+01
     4.176180000000e+05 4.000000000000e+00                                      
G28 2025 04 10 00 00 00-5.942792631686e-04-6.366462912410e-12 0.000000000000e+00
     3.400000000000e+01-3.931250000000e+01 4.238033673971e-09-2.975079455704e+00
    -2.013519406319e-06 2.631518291309e-04 1.126714050770e-05 5.153594266891e+03
     3.456000000000e+05 4.656612873077e-08-5.047958275953e-01 5.029141902924e-08
     9.617725087712e-01 1.643125000000e+02 5.786453190830e-01-7.857112994580e-09
    -2.007226466182e-10 1.000000000000e+00 2.361000000000e+03 0.000000000000e+00
     2.000000000000e+00 0.000000000000e+00-9.313225746155e-09 3.400000000000e+01
     3.384180000000e+05 4.000000000000e+00                                      
G28 2025 04 10 02 00 00-5.943253636360e-04-6.366462912410e-12 0.000000000000e+00
     3.500000000000e+01-4.137500000000e+01 4.196246219070e-09-1.920983516743e+00
    -2.074986696243e-06 2.626962959766e-04 1.178309321404e-05 5.153596158981e+03
     3.528000000000e+05-3.911554813385e-08-5.048517812860e-01-2.048909664154e-08
     9.617708410446e-01 1.543125000000e+02 5.747764610610e-01-7.824254483034e-09
    -2.889406069646e-10 1.000000000000e+00 2.361000000000e+03 0.000000000000e+00
     2.000000000000e+00 0.000000000000e+00-9.313225746155e-09 3.500000000000e+01
     3.456180000000e+05 4.000000000000e+00                                      
G28 2025 04 10 04 00 00-5.943714641035e-04-6.366462912410e-12 0.000000000000e+00
     3.600000000000e+01-4.387500000000e+01 4.237676516237e-09-8.687557578158e-01
    -2.335757017136e-06 2.622590400279e-04 1.214444637299e-05 5.153596998215e+03
     3.600000000000e+05 1.862645149231e-08-5.049080129311e-01 5.587935447693e-09
     9.617684579510e-01 1.463125000000e+02 5.727737218217e-01-7.864256149264e-09
    -3.296565886630e-10 1.000000000000e+00 2.361000000000e+03 0.000000000000e+00
     2.000000000000e+00 0.000000000000e+00-9.313225746155e-09 3.600000000000e+01
     3.528180000000e+05                                                         
G28 2025 04 10 06 00 00-5.944170989096e-04-6.366462912410e-12 0.000000000000e+00
     3.700000000000e+01-3.662500000000e+01 4.318751321899e-09 1.806550894439e-01
    -1.862645149231e-06 2.628926886246e-04 1.185946166515e-05 5.153597984314e+03
     3.672000000000e+05-1.676380634308e-08-5.049648999635e-01-3.166496753693e-08
     9.617658934556e-01 1.469375000000e+02 5.735892269679e-01-7.915329705254e-09
    -3.178703834345e-10 1.000000000000e+00 2.361000000000e+03 0.000000000000e+00
     2.000000000000e+00 0.000000000000e+00-9.313225746155e-09 3.700000000000e+01
     3.600180000000e+05                                                         
G28 2025 04 10 08 00 00-5.944631993771e-04-6.366462912410e-12 0.000000000000e+00
     3.800000000000e+01-3.625000000000e+01 4.438756320589e-09 1.235549358893e+00
    -1.709908246994e-06 2.621635794640e-04 1.148506999016e-05 5.153595436096e+03
     3.744000000000e+05 5.029141902924e-08-5.050224028845e-01 3.539025783539e-08
     9.617637927053e-01 1.587812500000e+02 5.689215630096e-01-7.940330746647e-09
    -2.414386283166e-10 1.000000000000e+00 2.361000000000e+03 0.000000000000e+00
     2.000000000000e+00 0.000000000000e+00-9.313225746155e-09 3.800000000000e+01
     3.672180000000e+05 4.000000000000e+00                                      
G28 2025 04 10 10 00 00-5.945088341832e-04-6.366462912410e-12 0.000000000000e+00
     3.900000000000e+01-3.637500000000e+01 4.443756528868e-09 2.286231366393e+00
    -1.845881342888e-06 2.617668360472e-04 1.122243702412e-05 5.153595348358e+03
     3.816000000000e+05-2.607703208923e-08-5.050797009969e-01 0.000000000000e+00
     9.617624468206e-01 1.649687500000e+02 5.684685192242e-01-7.888185717455e-09
    -1.889364413897e-10 1.000000000000e+00 2.361000000000e+03 0.000000000000e+00
     2.000000000000e+00 0.000000000000e+00-9.313225746155e-09 3.900000000000e+01
     3.744180000000e+05 4.000000000000e+00                                      
G28 2025 04 10 12 00 00-5.945549346507e-04-6.366462912410e-12 0.000000000000e+00
     4.000000000000e+01-4.134375000000e+01 4.423755695753e-09-2.947472446287e+00
    -2.179294824600e-06 2.621316816658e-04 1.129880547523e-05 5.153594820023e+03
     3.888000000000e+05-2.048909664154e-08-5.051365031801e-01-1.303851604462e-08
     9.617610921585e-01 1.652187500000e+02 5.692150082842e-01-7.889614348391e-09
    -1.853648640478e-10 1.000000000000e+00 2.361000000000e+03 0.000000000000e+00
     2.000000000000e+00 0.000000000000e+00-9.313225746155e-09 4.000000000000e+01
     3.816180000000e+05 4.000000000000e+00                                      
G28 2025 04 10 12 59 44-5.945772863925e-04-6.366462912410e-12 0.000000000000e+00
     4.100000000000e+01-4.318750000000e+01 4.396968865688e-09-2.425003672988e+00
    -2.417713403702e-06 2.623680047691e-04 1.119449734688e-05 5.153594371796e+03
     3.923840000000e+05-1.303851604462e-08-5.051647974786e-01-1.490116119385e-08
     9.617604323824e-01 1.657187500000e+02 5.695267385718e-01-7.892471610265e-09
    -1.814361289716e-10 1.000000000000e+00 2.361000000000e+03 0.000000000000e+00
     2.000000000000e+00 0.000000000000e+00-9.313225746155e-09 4.100000000000e+01
     3.852180000000e+05 4.000000000000e+00                                      
G28 2025 04 10 14 00 00-5.946005694568e-04-6.366462912410e-12 0.000000000000e+00
     4.200000000000e+01-4.315625000000e+01 4.310893851747e-09-1.893528228023e+00
    -2.419576048851e-06 2.616926794872e-04 1.146644353867e-05 5.153596666336e+03
     3.960000000000e+05-1.117587089539e-08-5.051933214554e-01-2.048909664154e-08
     9.617597711435e-01 1.558750000000e+02 5.654989140196e-01-7.892828767999e-09
    -1.846505485794e-10 1.000000000000e+00 2.361000000000e+03 0.000000000000e+00
     2.000000000000e+00 0.000000000000e+00-9.313225746155e-09 4.200000000000e+01
     3.888180000000e+05 4.000000000000e+00                                      
G28 2025 04 10 16 00 00-5.946462042630e-04-6.366462912410e-12 0.000000000000e+00
     4.300000000000e+01-4.559375000000e+01 4.216961367653e-09-8.414748108949e-01
    -2.212822437286e-06 2.612823154777e-04 1.178868114948e-05 5.153597398758e+03
     4.032000000000e+05-1.862645149231e-09-5.052501455823e-01-2.421438694000e-08
     9.617584179442e-01 1.483125000000e+02 5.636707477206e-01-7.893543083468e-09
    -1.885792836555e-10 1.000000000000e+00 2.361000000000e+03 0.000000000000e+00
     2.000000000000e+00 0.000000000000e+00-9.313225746155e-09 4.300000000000e+01
     3.960180000000e+05 4.000000000000e+00                                      
G28 2025 04 10 18 00 00-5.946918390691e-04-6.366462912410e-12 0.000000000000e+00
     4.400000000000e+01-3.778125000000e+01 4.125886145433e-09 2.081184271393e-01
    -1.903623342514e-06 2.620886079967e-04 1.186691224575e-05 5.153598743439e+03
     4.104000000000e+05 2.048909664154e-08-5.053067546603e-01 1.676380634308e-08
     9.617572051851e-01 1.499687500000e+02 5.643026303153e-01-7.851398470833e-09
    -2.010798043524e-10 1.000000000000e+00 2.361000000000e+03 0.000000000000e+00
     2.000000000000e+00 0.000000000000e+00-9.313225746155e-09 4.400000000000e+01
     4.032180000000e+05 4.000000000000e+00                                      
G28 2025 04 10 20 00 00-5.947379395366e-04-6.366462912410e-12 0.000000000000e+00
     4.500000000000e+01-3.759375000000e+01 4.185531487044e-09 1.263982731234e+00
    -1.905485987663e-06 2.611952368170e-04 1.126341521740e-05 5.153595623016e+03
     4.176000000000e+05-2.980232238770e-08-5.053628546428e-01-4.842877388000e-08
     9.617555930494e-01 1.639062500000e+02 5.586624974154e-01-7.832826268654e-09
    -2.675111429129e-10 1.000000000000e+00 2.361000000000e+03 0.000000000000e+00
     2.000000000000e+00 0.000000000000e+00-9.313225746155e-09 4.500000000000e+01
     4.104180000000e+05 4.000000000000e+00                                      
G28 2025 04 10 22 00 00-5.947835743427e-04-6.366462912410e-12 0.000000000000e+00
     4.600000000000e+01-3.615625000000e+01 4.252677141073e-09 2.315456388075e+00
    -1.912936568260e-06 2.607965143397e-04 1.096166670322e-05 5.153595176697e+03
     4.248000000000e+05 5.401670932770e-08-5.054191023800e-01 1.117587089539e-08
     9.617531894750e-01 1.708125000000e+02 5.574158556821e-01-7.901043395886e-09
    -3.292994309288e-10 1.000000000000e+00 2.361000000000e+03 0.000000000000e+00
     2.000000000000e+00 0.000000000000e+00-9.313225746155e-09 4.600000000000e+01
     4.176180000000e+05 4.000000000000e+00                                      
G29 2025 04 10 00 00 00-5.195401608944e-04 4.092726157978e-12 0.000000000000e+00
     1.780000000000e+02-4.403125000000e+01 4.707696094439e-09 1.004730893360e-01
    -2.292916178703e-06 3.152133780532e-03 4.529953002930e-06 5.153665510178e+03
     3.456000000000e+05 5.774199962616e-08 1.694225674386e+00-2.421438694000e-08
     9.662798003351e-01 2.927812500000e+02 2.619972406424e+00-8.352133614175e-09
    -2.292952653539e-10 1.000000000000e+00 2.361000000000e+03 0.000000000000e+00
     2.000000000000e+00 0.000000000000e+00-9.778887033463e-09 1.780000000000e+02
     3.384180000000e+05 4.000000000000e+00                                      
G29 2025 04 10 02 00 00-5.195103585720e-04 4.092726157978e-12 0.000000000000e+00
     1.800000000000e+02-4.400000000000e+01 4.639478967207e-09 1.150615838900e+00
    -2.266839146614e-06 3.152369987220e-03 4.522502422333e-06 5.153666032791e+03
     3.528000000000e+05 1.061707735062e-07 1.694165839573e+00 5.215406417847e-08
     9.662783973967e-01 2.946875000000e+02 2.620016422703e+00-8.283202171476e-09
    -2.489389407347e-10 1.000000000000e+00 2.361000000000e+03 0.000000000000e+00
     2.000000000000e+00 0.000000000000e+00-9.778887033463e-09 1.800000000000e+02
     3.456180000000e+05                                                         
G29 2025 04 10 04 00 00-5.194810219109e-04 4.092726157978e-12 0.000000000000e+00
     3.000000000000e+00-4.134375000000e+01 4.608763402066e-09 2.200643818151e+00
    -2.080574631691e-06 3.152320510708e-03 4.684552550316e-06 5.153666976929e+03
     3.600000000000e+05-1.303851604462e-08 1.694106930788e+00 5.029141902924e-08
     9.662764209943e-01 2.923125000000e+02 2.620174199881e+00-8.227485564941e-09
    -3.307280618656e-10 1.000000000000e+00 2.361000000000e+03 0.000000000000e+00
     2.000000000000e+00 0.000000000000e+00-9.778887033463e-09 2.590000000000e+02
     3.528180000000e+05                                                         
G29 2025 04 10 06 00 00-5.194516852498e-04 4.092726157978e-12 0.000000000000e+00
     4.000000000000e+00-3.990625000000e+01 4.628764235181e-09-3.032329819931e+00
    -2.080574631691e-06 3.152504679747e-03 4.675239324570e-06 5.153666603088e+03
     3.672000000000e+05-2.235174179077e-08 1.694047673828e+00 3.911554813385e-08
     9.662740744737e-01 2.927812500000e+02 2.620148395469e+00-8.219985252523e-09
    -3.253706958526e-10 1.000000000000e+00 2.361000000000e+03 0.000000000000e+00
     2.800000000000e+00 0.000000000000e+00-9.778887033463e-09 2.600000000000e+02
     3.600180000000e+05                                                         
G29 2025 04 10 07 59 44-5.194223485887e-04 4.092726157978e-12 0.000000000000e+00
     1.700000000000e+01-3.906250000000e+01 4.646622121891e-09-1.984375440745e+00
    -2.063810825348e-06 3.152051474899e-03 4.472211003304e-06 5.153667642593e+03
     3.743840000000e+05-7.450580596924e-08 1.693988353963e+00-3.725290298462e-09
     9.662715026638e-01 2.966875000000e+02 2.620046153587e+00-8.281059225070e-09
    -3.139416483584e-10 1.000000000000e+00 2.361000000000e+03 0.000000000000e+00
     2.000000000000e+00 0.000000000000e+00-9.778887033463e-09 1.700000000000e+01
     3.702060000000e+05 4.000000000000e+00                                      
G29 2025 04 10 08 00 00-5.194218829274e-04 4.092726157978e-12 0.000000000000e+00
     5.000000000000e+00-3.906250000000e+01 4.646622121891e-09-1.982040477199e+00
    -2.063810825348e-06 3.152053570375e-03 4.472211003304e-06 5.153667650223e+03
     3.744000000000e+05-7.450580596924e-08 1.693988223763e+00-3.725290298462e-09
     9.662714909604e-01 2.966875000000e+02 2.620044872071e+00-8.281059225070e-09
    -3.139416483584e-10 1.000000000000e+00 2.361000000000e+03 0.000000000000e+00
     2.800000000000e+00 0.000000000000e+00-9.778887033463e-09 2.610000000000e+02
     3.672180000000e+05 4.000000000000e+00                                      
G29 2025 04 10 09 59 44-5.193930119276e-04 4.092726157978e-12 0.000000000000e+00
     1.800000000000e+01-4.265625000000e+01 4.666265797272e-09-9.344673534819e-01
    -2.298504114151e-06 3.151846351102e-03 4.163011908531e-06 5.153665952682e+03
     3.815840000000e+05-6.146728992462e-08 1.693928666905e+00-6.146728992462e-08
     9.662692483070e-01 3.021562500000e+02 2.620324039265e+00-8.293916903501e-09
    -3.246563803842e-10 1.000000000000e+00 2.361000000000e+03 0.000000000000e+00
     2.000000000000e+00 0.000000000000e+00-9.778887033463e-09 1.800000000000e+01
     3.744180000000e+05 4.000000000000e+00                                      
G29 2025 04 10 12 00 00-5.193632096052e-04 4.092726157978e-12 0.000000000000e+00
     1.900000000000e+01-4.240625000000e+01 4.739483132782e-09 1.179930679363e-01
    -2.397224307060e-06 3.151780692860e-03 4.043802618980e-06 5.153665689468e+03
     3.888000000000e+05 5.960464477539e-08 1.693869079326e+00-2.607703208923e-08
     9.662663458775e-01 3.045625000000e+02 2.620384279306e+00-8.368205712214e-09
    -4.093027633887e-10 1.000000000000e+00 2.361000000000e+03 0.000000000000e+00
     2.000000000000e+00 0.000000000000e+00-9.778887033463e-09 1.900000000000e+01
     3.816180000000e+05 4.000000000000e+00                                      
G29 2025 04 10 14 00 00-5.193334072828e-04 4.092726157978e-12 0.000000000000e+00
     2.400000000000e+01-4.206250000000e+01 4.813414783761e-09 1.168108911511e+00
    -2.291053533554e-06 3.152120276354e-03 3.630295395851e-06 5.153666465759e+03
     3.960000000000e+05 2.607703208923e-08 1.693808697382e+00-1.117587089539e-08
     9.662632503429e-01 3.074375000000e+02 2.620455821852e+00-8.397849804153e-09
    -4.125171829965e-10 1.000000000000e+00 2.361000000000e+03 0.000000000000e+00
     2.000000000000e+00 0.000000000000e+00-9.778887033463e-09 2.400000000000e+01
     3.888180000000e+05 4.000000000000e+00                                      
G29 2025 04 10 16 00 00-5.193040706217e-04 4.092726157978e-12 0.000000000000e+00
     2.900000000000e+01-4.071875000000e+01 4.923776523627e-09 2.218239555427e+00
    -1.939013600349e-06 3.152141813189e-03 3.930181264877e-06 5.153666799545e+03
     4.032000000000e+05 1.080334186554e-07 1.693747660051e+00 8.195638656616e-08
     9.662604444660e-01 3.070625000000e+02 2.620513130205e+00-8.427493896091e-09
    -3.210848030423e-10 1.000000000000e+00 2.361000000000e+03 0.000000000000e+00
     2.000000000000e+00 0.000000000000e+00-9.778887033463e-09 2.900000000000e+01
     3.960180000000e+05 4.000000000000e+00                                      
G29 2025 04 10 18 00 00-5.192742682993e-04 4.092726157978e-12 0.000000000000e+00
     4.500000000000e+01-3.856250000000e+01 4.894489589423e-09-3.014712108163e+00
    -1.899898052216e-06 3.152431570925e-03 3.974884748459e-06 5.153666191101e+03
     4.104000000000e+05-8.009374141693e-08 1.693686599314e+00 3.725290298462e-08
     9.662589873996e-01 3.079687500000e+02 2.620468120604e+00-8.319632260364e-09
    -1.932223342001e-10 1.000000000000e+00 2.361000000000e+03 0.000000000000e+00
     2.000000000000e+00 0.000000000000e+00-9.778887033463e-09 4.500000000000e+01
     4.032180000000e+05 4.000000000000e+00                                      
G29 2025 04 10 20 00 00-5.192449316382e-04 4.092726157978e-12 0.000000000000e+00
     4.800000000000e+01-3.775000000000e+01 4.861273920143e-09-1.964462973734e+00
    -1.937150955200e-06 3.152205492370e-03 4.041939973831e-06 5.153666748047e+03
     4.176000000000e+05-9.313225746155e-08 1.693626530434e+00-4.284083843231e-08
     9.662574966861e-01 3.099687500000e+02 2.620406961851e+00-8.356776664720e-09
    -1.728643433509e-10 1.000000000000e+00 2.361000000000e+03 0.000000000000e+00
     2.000000000000e+00 0.000000000000e+00-9.778887033463e-09 4.800000000000e+01
     4.104180000000e+05 4.000000000000e+00                                      
G29 2025 04 10 22 00 00-5.192151293159e-04 4.092726157978e-12 0.000000000000e+00
     5.100000000000e+01-3.959375000000e+01 4.802700051735e-09-9.144700679432e-01
    -2.328306436539e-06 3.152001649141e-03 3.498047590256e-06 5.153665542603e+03
     4.248000000000e+05 2.048909664154e-08 1.693565668654e+00-3.911554813385e-08
     9.662564360705e-01 3.144375000000e+02 2.620601973220e+00-8.408564536178e-09
    -9.464679956196e-11 1.000000000000e+00 2.361000000000e+03 0.000000000000e+00
     2.000000000000e+00 0.000000000000e+00-9.778887033463e-09 5.100000000000e+01
     4.176180000000e+05 4.000000000000e+00                                      
G30 2025 04 10 02 00 00-1.736353151500e-04 9.322320693173e-12 0.000000000000e+00
     7.400000000000e+01-2.815625000000e+01 4.766627120581e-09-1.825665728774e+00
    -1.637265086174e-06 7.601499091834e-03 1.107715070248e-05 5.153710042953e+03
     3.528000000000e+05 6.332993507385e-08-4.795340982229e-01-1.154839992523e-07
     9.359476012887e-01 1.508437500000e+02-2.393715559381e+00-8.000333245992e-09
    -1.917937032633e-10 1.000000000000e+00 2.361000000000e+03 0.000000000000e+00
     2.000000000000e+00 0.000000000000e+00 3.725290298462e-09 7.400000000000e+01
     3.456180000000e+05 4.000000000000e+00                                      
G30 2025 04 10 04 00 00-1.735682599247e-04 9.322320693173e-12 0.000000000000e+00
     7.600000000000e+01-3.081250000000e+01 4.874488756308e-09-7.754237304594e-01
    -1.711770892143e-06 7.602022495121e-03 1.074373722076e-05 5.153711416245e+03
     3.600000000000e+05 6.519258022308e-08-4.795916304022e-01 1.564621925354e-07
     9.359448510027e-01 1.579062500000e+02-2.393797242875e+00-8.245343451651e-09
    -3.064413359402e-10 1.000000000000e+00 2.361000000000e+03 0.000000000000e+00
     2.000000000000e+00 0.000000000000e+00 3.725290298462e-09 7.600000000000e+01
     3.528180000000e+05 4.000000000000e+00                                      
G30 2025 04 10 06 00 00-1.735012046993e-04 9.322320693173e-12 0.000000000000e+00
     7.700000000000e+01-3.812500000000e+01 5.013423114910e-09 2.747352092185e-01
    -1.838430762291e-06 7.601068238728e-03 1.072324812412e-05 5.153709644318e+03
     3.672000000000e+05-2.048909664154e-08-4.796516115063e-01 8.195638656616e-08
     9.359423728195e-01 1.570312500000e+02-2.393794906595e+00-8.333561411997e-09
    -2.885834492304e-10 1.000000000000e+00 2.361000000000e+03 0.000000000000e+00
     2.000000000000e+00 0.000000000000e+00 3.725290298462e-09 7.700000000000e+01
     3.600180000000e+05 4.000000000000e+00                                      
G30 2025 04 10 08 00 00-1.734341494739e-04 9.322320693173e-12 0.000000000000e+00
     7.800000000000e+01-4.403125000000e+01 5.013065957176e-09 1.324601597465e+00
    -2.073124051094e-06 7.602617377415e-03 1.208111643791e-05 5.153714763641e+03
     3.744000000000e+05-9.685754776001e-08-4.797116511272e-01 9.499490261078e-08
     9.359402837725e-01 1.377812500000e+02-2.393499689727e+00-8.311417632477e-09
    -2.703684047864e-10 1.000000000000e+00 2.361000000000e+03 0.000000000000e+00
     2.000000000000e+00 0.000000000000e+00 3.725290298462e-09 7.800000000000e+01
     3.672180000000e+05 4.000000000000e+00                                      
G30 2025 04 10 10 00 00-1.733670942485e-04 9.322320693173e-12 0.000000000000e+00
     7.900000000000e+01-4.312500000000e+01 4.965206820794e-09 2.374831090756e+00
    -2.231448888779e-06 7.603310630657e-03 1.242384314537e-05 5.153713449478e+03
     3.816000000000e+05-7.264316082001e-08-4.797715093463e-01-1.545995473862e-07
     9.359395376842e-01 1.285625000000e+02-2.393569797150e+00-8.096408676491e-09
    -1.750072897561e-10 1.000000000000e+00 2.361000000000e+03 0.000000000000e+00
     2.000000000000e+00 0.000000000000e+00 3.725290298462e-09 7.900000000000e+01
     3.744180000000e+05 4.000000000000e+00                                      
G30 2025 04 10 12 00 00-1.732995733619e-04 9.322320693173e-12 0.000000000000e+00
     8.300000000000e+01-3.406250000000e+01 4.875560229511e-09-2.858202785904e+00
    -1.976266503334e-06 7.602140773088e-03 1.234002411366e-05 5.153715572357e+03
     3.888000000000e+05 3.166496753693e-08-4.798296398591e-01-1.527369022369e-07
     9.359384039227e-01 1.302187500000e+02-2.393562062702e+00-8.073550581502e-09
    -1.582208762489e-10 1.000000000000e+00 2.361000000000e+03 0.000000000000e+00
     2.000000000000e+00 0.000000000000e+00 3.725290298462e-09 8.300000000000e+01
     3.816180000000e+05 4.000000000000e+00                                      
G30 2025 04 10 14 00 00-1.732325181365e-04 9.322320693173e-12 0.000000000000e+00
     8.400000000000e+01-3.087500000000e+01 4.890918012081e-09-1.808385541465e+00
    -1.847743988037e-06 7.604264304973e-03 1.072324812412e-05 5.153709299088e+03
     3.960000000000e+05 1.024454832077e-07-4.798884096671e-01-3.725290298462e-08
     9.359376797783e-01 1.544375000000e+02-2.393219495564e+00-8.093908572352e-09
    -5.785955293977e-11 1.000000000000e+00 2.361000000000e+03 0.000000000000e+00
     2.000000000000e+00 0.000000000000e+00 3.725290298462e-09 8.400000000000e+01
     3.888180000000e+05 4.000000000000e+00                                      
G30 2025 04 10 16 00 00-1.731654629111e-04 9.322320693173e-12 0.000000000000e+00
     8.500000000000e+01-3.203125000000e+01 4.861631077877e-09-7.581663705240e-01
    -1.510605216026e-06 7.604785845615e-03 1.058541238308e-05 5.153710350037e+03
     4.032000000000e+05 8.009374141693e-08-4.799466601391e-01 1.490116119385e-07
     9.359363602262e-01 1.614062500000e+02-2.393277141851e+00-8.260701234221e-09
    -1.289339420448e-10 1.000000000000e+00 2.361000000000e+03 0.000000000000e+00
     2.000000000000e+00 0.000000000000e+00 3.725290298462e-09 8.500000000000e+01
     3.960180000000e+05 4.000000000000e+00                                      
G30 2025 04 10 18 00 00-1.730979420245e-04 9.322320693173e-12 0.000000000000e+00
     8.600000000000e+01-4.034375000000e+01 4.844487506636e-09 2.919904362194e-01
    -1.981854438782e-06 7.603690843098e-03 1.077726483345e-05 5.153708314896e+03
     4.104000000000e+05-4.470348358154e-08-4.800058834517e-01 2.123415470123e-07
     9.359354341990e-01 1.602500000000e+02-2.393272849649e+00-8.224628303067e-09
    -1.796503403006e-10 1.000000000000e+00 2.361000000000e+03 0.000000000000e+00
     2.000000000000e+00 0.000000000000e+00 3.725290298462e-09 8.600000000000e+01
     4.032180000000e+05                                                         
G30 2025 04 10 20 00 00-1.730308867991e-04 9.322320693173e-12 0.000000000000e+00
     8.700000000000e+01-4.678125000000e+01 4.759841123631e-09 1.341835402956e+00
    -2.292916178703e-06 7.605338818394e-03 1.188367605209e-05 5.153713794708e+03
     4.176000000000e+05-1.247972249985e-07-4.800640388341e-01-1.303851604462e-08
     9.359334022058e-01 1.399062500000e+02-2.392957722466e+00-8.199627261674e-09
    -3.607293115380e-10 1.000000000000e+00 2.361000000000e+03 0.000000000000e+00
     2.000000000000e+00 0.000000000000e+00 3.725290298462e-09 8.700000000000e+01
     4.104180000000e+05                                                         
G30 2025 04 10 21 59 44-1.729642972350e-04 9.322320693173e-12 0.000000000000e+00
     3.400000000000e+01-4.571875000000e+01 4.778056168075e-09 2.389732618619e+00
    -2.466142177582e-06 7.606002618559e-03 1.214630901814e-05 5.153712432861e+03
     4.247840000000e+05-3.911554813385e-08-4.801229329902e-01-1.471489667892e-07
     9.359314228776e-01 1.310625000000e+02-2.393030302220e+00-8.073907739237e-09
    -3.253706958526e-10 1.000000000000e+00 2.361000000000e+03 0.000000000000e+00
     2.000000000000e+00 0.000000000000e+00 3.725290298462e-09 3.400000000000e+01
     4.184880000000e+05 4.000000000000e+00                                      
G30 2025 04 10 22 00 00-1.729638315737e-04 9.322320693173e-12 0.000000000000e+00
     8.900000000000e+01-4.571875000000e+01 4.778056168075e-09 2.392066935555e+00
    -2.466142177582e-06 7.606005528942e-03 1.214630901814e-05 5.153712440491e+03
     4.248000000000e+05-3.911554813385e-08-4.801230690416e-01-1.471489667892e-07
     9.359314111743e-01 1.310625000000e+02-2.393031016124e+00-8.073907739237e-09
    -3.253706958526e-10 1.000000000000e+00 2.361000000000e+03 0.000000000000e+00
     2.000000000000e+00 0.000000000000e+00 3.725290298462e-09 8.900000000000e+01
     4.176180000000e+05 4.000000000000e+00                                      
G30 2025 04 10 23 59 44-1.728967763484e-04 9.322320693173e-12 0.000000000000e+00
     3.500000000000e+01-3.565625000000e+01 4.700552939755e-09-2.843311080074e+00
    -1.996755599976e-06 7.604637183249e-03 1.195445656776e-05 5.153714948654e+03
     4.319840000000e+05 2.235174179077e-08-4.801806231646e-01-8.940696716309e-08
     9.359292679993e-01 1.336875000000e+02-2.393013709803e+00-8.013190924423e-09
    -3.375140588153e-10 1.000000000000e+00 2.361000000000e+03 0.000000000000e+00
     2.000000000000e+00 0.000000000000e+00 3.725290298462e-09 3.500000000000e+01
     4.248180000000e+05 4.000000000000e+00                                      
G31 2025 04 10 02 00 00-2.107005566359e-04 1.136868377216e-12 0.000000000000e+00
     3.300000000000e+01-3.650000000000e+01 4.363396038674e-09-2.586197907009e+00
    -1.903623342514e-06 1.058798551094e-02 1.155398786068e-05 5.153652780533e+03
     3.528000000000e+05 9.872019290924e-08-4.525831739172e-01-1.117587089539e-07
     9.546601638735e-01 1.521250000000e+02 8.108109683199e-01-7.781395554930e-09
    -1.578637185147e-10 1.000000000000e+00 2.361000000000e+03 0.000000000000e+00
     2.000000000000e+00 0.000000000000e+00-1.303851604462e-08 3.300000000000e+01
     3.456180000000e+05 4.000000000000e+00                                      
G31 2025 04 10 04 00 00-2.106926403940e-04 1.136868377216e-12 0.000000000000e+00
     4.400000000000e+01-3.556250000000e+01 4.364467511876e-09-1.535963527572e+00
    -1.840293407440e-06 1.058738795109e-02 1.186132431030e-05 5.153654050827e+03
     3.600000000000e+05 2.235174179077e-07-4.526390017970e-01-6.332993507385e-08
     9.546588925976e-01 1.454375000000e+02 8.107681545594e-01-7.833183426389e-09
    -2.035799084918e-10 1.000000000000e+00 2.361000000000e+03 0.000000000000e+00
     2.000000000000e+00 0.000000000000e+00-1.303851604462e-08 4.400000000000e+01
     3.528180000000e+05 4.000000000000e+00                                      
G31 2025 04 10 06 00 00-2.106847241521e-04 1.136868377216e-12 0.000000000000e+00
     5.100000000000e+01-2.937500000000e+01 4.541260590303e-09-4.858374523486e-01
    -1.478940248489e-06 1.058731554076e-02 1.204945147038e-05 5.153652824402e+03
     3.672000000000e+05 1.862645149231e-09-4.526960687683e-01 1.601874828339e-07
     9.546557926742e-01 1.433125000000e+02 8.108350099156e-01-8.147125074747e-09
    -2.682254583813e-10 1.000000000000e+00 2.361000000000e+03 0.000000000000e+00
     2.000000000000e+00 0.000000000000e+00-1.303851604462e-08 5.100000000000e+01
     3.600180000000e+05                                                         
G31 2025 04 10 08 00 00-2.106768079102e-04 1.136868377216e-12 0.000000000000e+00
     5.300000000000e+01-2.821875000000e+01 4.585905307078e-09 5.643883953506e-01
    -1.220032572746e-06 1.058738969732e-02 1.187063753605e-05 5.153652935028e+03
     3.744000000000e+05-7.823109626770e-08-4.527546103611e-01 1.192092895508e-07
     9.546538191977e-01 1.483125000000e+02 8.108025814106e-01-8.137838973658e-09
    -3.046555472693e-10 1.000000000000e+00 2.361000000000e+03 0.000000000000e+00
     2.000000000000e+00 0.000000000000e+00-1.303851604462e-08 5.300000000000e+01
     3.672180000000e+05                                                         
G31 2025 04 10 09 59 44-2.106679603457e-04 1.136868377216e-12 0.000000000000e+00
     3.000000000000e+01-3.184375000000e+01 4.604834666990e-09 1.612243642819e+00
    -1.575797796249e-06 1.058701483998e-02 1.186877489090e-05 5.153652719498e+03
     3.815840000000e+05-2.663582563400e-07-4.528134752588e-01 4.656612873077e-08
     9.546519832356e-01 1.524375000000e+02 8.108086027814e-01-8.049621013311e-09
    -2.110802209099e-10 1.000000000000e+00 2.361000000000e+03 0.000000000000e+00
     2.000000000000e+00 0.000000000000e+00-1.303851604462e-08 3.000000000000e+01
     3.784560000000e+05 4.000000000000e+00                                      
G31 2025 04 10 10 00 00-2.106688916683e-04 1.136868377216e-12 0.000000000000e+00
     9.000000000000e+01-3.184375000000e+01 4.604834666990e-09 1.614577305831e+00
    -1.575797796249e-06 1.058701239526e-02 1.186877489090e-05 5.153652708054e+03
     3.816000000000e+05-2.663582563400e-07-4.528136200877e-01 4.656612873077e-08
     9.546519920131e-01 1.524375000000e+02 8.108087827203e-01-8.049621013311e-09
    -2.110802209099e-10 1.000000000000e+00 2.361000000000e+03 0.000000000000e+00
     2.000000000000e+00 0.000000000000e+00-1.303851604462e-08 9.000000000000e+01
     3.744180000000e+05 4.000000000000e+00                                      
G31 2025 04 10 11 59 44-2.106600441039e-04 1.136868377216e-12 0.000000000000e+00
     3.100000000000e+01-3.718750000000e+01 4.490187034313e-09 2.662371555468e+00
    -1.974403858185e-06 1.058688340709e-02 1.146830618382e-05 5.153653940201e+03
     3.887840000000e+05-3.911554813385e-08-4.528707645937e-01-1.601874828339e-07
     9.546519554401e-01 1.554687500000e+02 8.108741298080e-01-7.768895034233e-09
    -1.535778257043e-10 1.000000000000e+00 2.361000000000e+03 0.000000000000e+00
     2.000000000000e+00 0.000000000000e+00-1.303851604462e-08 3.100000000000e+01
     3.816180000000e+05 4.000000000000e+00                                      
G31 2025 04 10 14 00 00-2.106521278620e-04 1.136868377216e-12 0.000000000000e+00
     3.400000000000e+01-3.878125000000e+01 4.468400412527e-09-2.568266889390e+00
    -2.279877662659e-06 1.058704953175e-02 1.151300966740e-05 5.153653650284e+03
     3.960000000000e+05 1.098960638046e-07-4.529274204851e-01-1.545995473862e-07
     9.546508845841e-01 1.523437500000e+02 8.108543891914e-01-7.824611640768e-09
    -7.071723137082e-11 1.000000000000e+00 2.361000000000e+03 0.000000000000e+00
     2.000000000000e+00 0.000000000000e+00-1.303851604462e-08 3.400000000000e+01
     3.888180000000e+05 4.000000000000e+00                                      
G31 2025 04 10 16 00 00-2.106442116201e-04 1.136868377216e-12 0.000000000000e+00
     4.100000000000e+01-3.753125000000e+01 4.357324357192e-09-1.518045829822e+00
    -1.916661858559e-06 1.058656338137e-02 1.141987740993e-05 5.153654571533e+03
     4.032000000000e+05 2.048909664154e-07-4.529837282019e-01-7.078051567078e-08
     9.546504237649e-01 1.467187500000e+02 8.108249903897e-01-7.864613306998e-09
    -7.928901699153e-11 1.000000000000e+00 2.361000000000e+03 0.000000000000e+00
     2.000000000000e+00 0.000000000000e+00-1.303851604462e-08 4.100000000000e+01
     3.960180000000e+05 4.000000000000e+00                                      
G31 2025 04 10 18 00 00-2.106362953782e-04 1.136868377216e-12 0.000000000000e+00
     4.200000000000e+01-3.125000000000e+01 4.383754029523e-09-4.679179669129e-01
    -1.380220055580e-06 1.058653218206e-02 1.201592385769e-05 5.153653450012e+03
     4.104000000000e+05 4.656612873077e-08-4.530409180584e-01 1.415610313416e-07
     9.546485102680e-01 1.448125000000e+02 8.108892373630e-01-8.114980878669e-09
    -1.392915163365e-10 1.000000000000e+00 2.361000000000e+03 0.000000000000e+00
     2.000000000000e+00 0.000000000000e+00-1.303851604462e-08 4.200000000000e+01
     4.032180000000e+05 4.000000000000e+00                                      
G31 2025 04 10 20 00 00-2.106283791363e-04 1.136868377216e-12 0.000000000000e+00
     4.300000000000e+01-3.068750000000e+01 4.309108063076e-09 5.823121349521e-01
    -1.430511474609e-06 1.058649597690e-02 1.181103289127e-05 5.153653337479e+03
     4.176000000000e+05-1.825392246246e-07-4.530982278742e-01 1.508742570877e-07
     9.546474423378e-01 1.508125000000e+02 8.108501759874e-01-8.007119242942e-09
    -2.832260832175e-10 1.000000000000e+00 2.361000000000e+03 0.000000000000e+00
     2.000000000000e+00 0.000000000000e+00-1.303851604462e-08 4.300000000000e+01
     4.104180000000e+05 4.000000000000e+00                                      
G31 2025 04 10 22 00 00-2.106204628944e-04 1.136868377216e-12 0.000000000000e+00
     5.400000000000e+01-3.228125000000e+01 4.389825711004e-09 1.632538314734e+00
    -1.708045601845e-06 1.058588805608e-02 1.166574656963e-05 5.153652223587e+03
     4.248000000000e+05-1.713633537292e-07-4.531555771887e-01-3.539025783539e-08
     9.546449129525e-01 1.577187500000e+02 8.108168214552e-01-7.994975879979e-09
    -3.650152043484e-10 1.000000000000e+00 2.361000000000e+03 0.000000000000e+00
     2.000000000000e+00 0.000000000000e+00-1.303851604462e-08 5.400000000000e+01
     4.176180000000e+05 4.000000000000e+00                                      
G31 2025 04 10 23 59 44-2.106097526848e-04 1.136868377216e-12 0.000000000000e+00
     5.900000000000e+01-3.765625000000e+01 4.348038256103e-09 2.680332368339e+00
    -2.089887857437e-06 1.058575755451e-02 1.115165650845e-05 5.153653402328e+03
     4.319840000000e+05 1.862645149231e-08-4.532125183491e-01-1.322478055954e-07
     9.546433125201e-01 1.607812500000e+02 8.108814283063e-01-7.795324706564e-09
    -3.378712165495e-10 1.000000000000e+00 2.361000000000e+03 0.000000000000e+00
     2.000000000000e+00 0.000000000000e+00-1.303851604462e-08 5.900000000000e+01
     4.267260000000e+05 4.000000000000e+00                                      
G32 2025 04 10 00 00 00-4.813475534320e-04 9.322320693173e-12 0.000000000000e+00
     6.100000000000e+01-4.546875000000e+01 4.853773607725e-09 7.881505515998e-01
    -2.304092049599e-06 8.551800972782e-03 4.146248102188e-06 5.153587932587e+03
     3.456000000000e+05-8.940696716309e-08-1.532648776105e+00 2.048909664154e-08
     9.641141154285e-01 3.051250000000e+02-2.065968755960e+00-8.490710815044e-09
    -3.771585673111e-10 1.000000000000e+00 2.361000000000e+03 0.000000000000e+00
     2.000000000000e+00 0.000000000000e+00 9.313225746155e-10 6.100000000000e+01
     3.384180000000e+05 4.000000000000e+00                                      
G32 2025 04 10 02 00 00-4.812800325453e-04 9.322320693173e-12 0.000000000000e+00
     7.100000000000e+01-4.915625000000e+01 4.831629828205e-09 1.838320577271e+00
    -2.760440111160e-06 8.551801554859e-03 3.987923264503e-06 5.153588954926e+03
     3.528000000000e+05-1.043081283569e-07-1.532710100168e+00-1.490116119385e-07
     9.641120688061e-01 3.075312500000e+02-2.065902888073e+00-8.363205503935e-09
    -3.089414400796e-10 1.000000000000e+00 2.361000000000e+03 0.000000000000e+00
     2.000000000000e+00 0.000000000000e+00 9.313225746155e-10 7.100000000000e+01
     3.456180000000e+05 4.000000000000e+00                                      
G32 2025 04 10 04 00 00-4.812129773200e-04 9.322320693173e-12 0.000000000000e+00
     7.200000000000e+01-5.212500000000e+01 4.887346434739e-09 2.888588109358e+00
    -2.689659595490e-06 8.552189916372e-03 3.783032298088e-06 5.153588088989e+03
     3.600000000000e+05 3.166496753693e-08-1.532769774059e+00-1.303851604462e-07
     9.641102445472e-01 3.052812500000e+02-2.065935198082e+00-8.269273019842e-09
    -3.100129132822e-10 1.000000000000e+00 2.361000000000e+03 0.000000000000e+00
     2.000000000000e+00 0.000000000000e+00 9.313225746155e-10 7.200000000000e+01
     3.528180000000e+05                                                         
G32 2025 04 10 05 59 44-4.811468534172e-04 9.322320693173e-12 0.000000000000e+00
     1.600000000000e+01-4.959375000000e+01 4.903418532778e-09-2.346668307057e+00
    -2.482905983925e-06 8.551387931220e-03 4.095956683159e-06 5.153589632034e+03
     3.671840000000e+05 1.545995473862e-07-1.532830299369e+00 5.774199962616e-08
     9.641084948972e-01 2.997812500000e+02-2.065961812951e+00-8.311774790211e-09
    -1.339341503235e-10 1.000000000000e+00 2.361000000000e+03 0.000000000000e+00
     2.000000000000e+00 0.000000000000e+00 9.313225746155e-10 1.600000000000e+01
     3.665280000000e+05 4.000000000000e+00                                      
G32 2025 04 10 06 00 00-4.811459220946e-04 9.322320693173e-12 0.000000000000e+00
     1.010000000000e+02-4.959375000000e+01 4.903418532778e-09-2.344334601620e+00
    -2.482905983925e-06 8.551389211789e-03 4.095956683159e-06 5.153589639664e+03
     3.672000000000e+05 1.545995473862e-07-1.532830429569e+00 5.774199962616e-08
     9.641084919714e-01 2.997812500000e+02-2.065961710546e+00-8.311774790211e-09
    -1.339341503235e-10 1.000000000000e+00 2.361000000000e+03 0.000000000000e+00
     2.000000000000e+00 0.000000000000e+00 9.313225746155e-10 1.010000000000e+02
     3.600180000000e+05 4.000000000000e+00                                      
G32 2025 04 10 07 59 44-4.810793325305e-04 9.322320693173e-12 0.000000000000e+00
     1.700000000000e+01-4.056250000000e+01 4.929491047374e-09-1.296577265796e+00
    -1.890584826469e-06 8.551665465347e-03 4.194676876068e-06 5.153587247849e+03
     3.743840000000e+05 8.568167686462e-08-1.532890101997e+00 1.527369022369e-07
     9.641074971871e-01 2.985312500000e+02-2.065817108409e+00-8.349990667770e-09
    -1.271481533738e-10 1.000000000000e+00 2.361000000000e+03 0.000000000000e+00
     2.000000000000e+00 0.000000000000e+00 9.313225746155e-10 1.700000000000e+01
     3.672180000000e+05 4.000000000000e+00                                      
G32 2025 04 10 10 00 00-4.810118116438e-04 9.322320693173e-12 0.000000000000e+00
     1.800000000000e+01-3.593750000000e+01 4.907347267854e-09-2.439508163421e-01
    -1.864507794380e-06 8.552316925488e-03 4.282221198082e-06 5.153588771820e+03
     3.816000000000e+05-6.705522537231e-08-1.532951235881e+00 7.823109626770e-08
     9.641059742894e-01 3.023750000000e+02-2.065873198151e+00-8.507140070817e-09
    -1.046472161195e-10 1.000000000000e+00 2.361000000000e+03 0.000000000000e+00
     2.000000000000e+00 0.000000000000e+00 9.313225746155e-10 1.800000000000e+01
     3.744180000000e+05 4.000000000000e+00                                      
G32 2025 04 10 12 00 00-4.809447564185e-04 9.322320693173e-12 0.000000000000e+00
     1.900000000000e+01-3.581250000000e+01 4.850202030383e-09 8.063204315568e-01
    -1.993030309677e-06 8.551776292734e-03 3.794208168983e-06 5.153587623596e+03
     3.888000000000e+05-1.005828380585e-07-1.533012157641e+00 1.117587089539e-08
     9.641050643543e-01 3.071562500000e+02-2.065909048421e+00-8.496068181056e-09
    -1.614352958566e-10 1.000000000000e+00 2.361000000000e+03 0.000000000000e+00
     2.000000000000e+00 0.000000000000e+00 9.313225746155e-10 1.900000000000e+01
     3.816180000000e+05 4.000000000000e+00                                      
G32 2025 04 10 14 00 00-4.808772355318e-04 9.322320693173e-12 0.000000000000e+00
     2.000000000000e+01-3.578125000000e+01 4.744483341061e-09 1.856550436869e+00
    -1.864507794380e-06 8.551676291972e-03 3.693625330925e-06 5.153587663651e+03
     3.960000000000e+05-1.098960638046e-07-1.533073506574e+00-1.639127731323e-07
     9.641045889060e-01 3.088750000000e+02-2.065903054846e+00-8.364991292606e-09
    -9.357532635937e-11 1.000000000000e+00 2.361000000000e+03 0.000000000000e+00
     2.000000000000e+00 0.000000000000e+00 9.313225746155e-10 2.000000000000e+01
     3.888180000000e+05 4.000000000000e+00                                      
G32 2025 04 10 16 00 00-4.808101803064e-04 9.322320693173e-12 0.000000000000e+00
     2.100000000000e+01-3.793750000000e+01 4.654479592043e-09 2.906805782849e+00
    -1.935288310051e-06 8.551957667805e-03 3.749504685402e-06 5.153587053299e+03
     4.032000000000e+05 5.215406417847e-08-1.533132643574e+00-4.097819328308e-08
     9.641046123126e-01 3.075937500000e+02-2.065923762451e+00-8.178912113090e-09
    -1.278624688422e-10 1.000000000000e+00 2.361000000000e+03 0.000000000000e+00
     2.000000000000e+00 0.000000000000e+00 9.313225746155e-10 2.100000000000e+01
     3.960180000000e+05 4.000000000000e+00                                      
G32 2025 04 10 18 00 00-4.807426594198e-04 9.322320693173e-12 0.000000000000e+00
     2.200000000000e+01-3.740625000000e+01 4.674123267424e-09-2.326135031741e+00
    -1.864507794380e-06 8.551728911698e-03 3.939494490623e-06 5.153587503433e+03
     4.104000000000e+05 5.215406417847e-08-1.533191382661e+00-7.078051567078e-08
     9.641036336204e-01 3.058750000000e+02-2.065933537670e+00-8.177126324419e-09
    -1.539349834385e-10 1.000000000000e+00 2.361000000000e+03 0.000000000000e+00
     2.000000000000e+00 0.000000000000e+00 9.313225746155e-10 2.200000000000e+01
     4.032180000000e+05 4.000000000000e+00                                      
G32 2025 04 10 20 00 00-4.806751385331e-04 9.322320693173e-12 0.000000000000e+00
     2.800000000000e+01-3.121875000000e+01 4.818772149774e-09-1.275997860284e+00
    -1.583248376846e-06 8.551918901503e-03 3.991648554802e-06 5.153585882187e+03
     4.176000000000e+05 1.545995473862e-07-1.533249950586e+00 1.601874828339e-07
     9.641013924299e-01 3.051562500000e+02-2.065835561657e+00-8.371777289556e-09
    -2.796545058755e-10 1.000000000000e+00 2.361000000000e+03 0.000000000000e+00
     2.000000000000e+00 0.000000000000e+00 9.313225746155e-10 2.800000000000e+01
     4.104180000000e+05 4.000000000000e+00                                      
G32 2025 04 10 22 00 00-4.806080833077e-04 9.322320693173e-12 0.000000000000e+00
     2.900000000000e+01-2.700000000000e+01 4.896989693563e-09-2.257176388457e-01
    -1.356005668640e-06 8.552479674108e-03 3.851950168610e-06 5.153587141037e+03
     4.248000000000e+05-2.607703208923e-08-1.533311208818e+00 8.754432201385e-08
     9.640987138269e-01 3.079375000000e+02-2.065878793813e+00-8.543213001970e-09
    -2.589393572922e-10 1.000000000000e+00 2.361000000000e+03 0.000000000000e+00
     2.000000000000e+00 0.000000000000e+00 9.313225746155e-10 2.900000000000e+01
     4.176180000000e+05 4.000000000000e+00                                      
